empathy,leadership,loyalty,risk_taking,strategic_thinking,independence,impulsiveness,moral_reasoning,humor,self_sacrifice,character
8.072230774717932,6.820832622430527,10.0,5.25219648904249,6.650665664450787,4.406692784611719,7.191334968189715,8.310291144237523,4.212068898555337,8.854105183330422,Wanda Maximoff
6.36208101529617,6.127064061151636,6.907740170392847,8.398538605463592,9.878851787963418,9.71839340889499,8.578567202640988,1.7559085958102179,7.699348532161127,2.6796329886634687,Loki
10.0,6.599059055032521,6.29260021969387,6.150150918781479,4.9863102082284865,4.380283901490976,7.83873368436925,5.192145953297371,4.390410737943597,9.032178344853216,Wanda Maximoff
6.248173985551243,10.0,7.27025584540336,10.0,9.154675018014238,9.266855436350045,8.013728615728002,7.794992522209643,10.0,3.860658550336926,Tony Stark
8.445704452983776,6.284524454686983,8.031049033119569,6.224763997113491,5.568993519045831,6.4669689842304425,2.4190134341366045,7.8122027152564835,2.999388426428304,8.862968775085719,Bucky Barnes
6.365071281407883,5.291126283746512,4.408564684759155,9.025693675339173,8.145973488879772,8.06448207290702,9.067326209144792,4.787691774285398,9.776547207401917,2.7301502515900995,Loki
10.0,6.7394125569109065,10.0,6.2703841531385,7.063333175224473,5.502748644995664,5.312413613357698,9.880584863745451,7.270487075145938,9.498823996877771,Peter Parker
7.8809561274970115,9.05365093159613,7.37549023744206,5.7176114299502965,8.814130143383037,8.61112303790236,9.01955240801755,6.608645031866945,6.931130374528967,5.472965035318558,Doctor Strange
10.0,10.0,10.0,6.536733683075172,8.28273708513358,4.975302675205185,2.9771624513519277,7.85468915314431,4.448356882630397,10.0,Steve Rogers
9.1691393529208,7.987987995827657,9.158646140885164,4.976602042451926,5.577626090849099,9.122814772699778,5.962966238293152,9.109214513103929,4.0748173776582215,9.018956950373086,Bucky Barnes
6.890452143022738,7.660855123548588,5.924442754362683,7.593806593475376,10.0,8.859848724500717,5.42085808168671,6.442030608322238,5.5737625551386385,3.6505806000868293,Doctor Strange
5.7873131004357345,6.8903804303568,8.669730420400292,9.760820016631175,10.0,9.44683036013477,9.81880697033839,6.164357271006815,10.0,7.95589752708738,Tony Stark
8.760853016142235,8.209564330908377,9.548965077610037,8.886379824897327,6.041558145430827,10.0,10.0,6.989780241345846,8.43306052836798,9.828966875260623,Thor
6.471098250183834,9.022413328415254,9.699222296479983,8.290498703017764,10.0,8.793749795319945,4.193803837590791,8.649004834356177,5.642403320754446,10.0,Natasha Romanoff
7.660631958042953,6.589609449572022,8.856716195984182,9.143259115402032,8.83425261504933,6.673521075620403,5.623636066175304,8.538989631716092,7.357910429580106,6.565267705202486,Shuri
5.12909295276143,4.602308964866254,4.125977161187789,6.5675780395748795,10.0,10.0,9.604926317081661,3.2063170181730705,4.832927086881677,1.0,Loki
2.3768477813666458,2.100656345164987,3.8352727213063433,10.0,10.0,7.777210734846286,9.187379121738264,2.1692756124372927,6.359863086427349,1.5031592529620252,Loki
5.567982668778277,8.866907563158273,9.936441728613397,6.554235654300867,7.308878206038026,6.4118528911849,3.598080269182591,8.67793150484642,5.406064573138806,9.591720833040245,Steve Rogers
7.858345886522405,8.314589123317527,6.98653224975017,7.693757181227922,10.0,9.754698750261825,5.622018789058706,7.625535758040612,8.93129823472061,5.604996447676105,Shuri
8.596937493120297,4.152796829134761,8.214045359413108,5.155918324675968,6.057095735149065,4.360894622193684,6.363221909730576,6.904640483738079,2.995064613071234,5.572864431174398,Bucky Barnes
6.763444573829493,8.4108275028531,7.452402317411055,10.0,8.571517311419527,8.153927728942836,9.334028020714978,5.585639784878432,10.0,6.479221391478088,Tony Stark
5.978052002087543,8.527021037387287,6.882481032393556,9.171032811704045,8.172193975844259,8.487001590271515,9.2235516765465,6.098272086914735,8.921499975533413,7.010684687002523,Tony Stark
5.497193095094189,3.5359657574445404,3.191026811375625,8.587837382330607,8.712704817063774,9.511570935766077,8.303721756164949,3.958989612775003,8.74394750802107,4.190996278894142,Loki
8.108913892006795,8.01741733489128,7.9358216112054665,8.024494073043954,7.796198504443509,7.053662405965097,6.40454280437266,7.511124313098803,4.922359986935455,7.06084162575071,Wanda Maximoff
9.04716790592015,7.375993970376515,9.687101024438773,8.218170761825096,6.885150909134003,4.766199033397275,7.169643307142492,10.0,9.957150704827358,9.248184444313111,Peter Parker
7.515147017031918,7.712548657153067,5.078760714586574,7.782637771946922,9.221501026367257,7.985828744106379,5.718910891136414,8.749708551008734,7.973699807301627,7.800543052862016,Shuri
5.258112747102562,6.136480388776464,9.747059900163926,7.9637014819424845,4.766928265844387,5.63992509752422,4.180171002344535,5.97701454190672,4.215265188564131,8.778753181338082,Bucky Barnes
10.0,6.030550802084395,9.030072128828975,6.793493599085595,5.9282281920605575,5.4189249366030685,5.639072812600764,8.868999895326592,9.267716577810374,9.123762028377929,Peter Parker
5.413637981425235,7.965708307270345,7.38054440351727,9.079658604327081,9.035408431353677,8.00006333239457,9.762382771593785,5.147981809336958,10.0,5.959407095103181,Tony Stark
10.0,5.120117769468083,7.712640029781131,6.922865815157686,5.586791929054566,2.8465210981820768,5.569416028656479,10.0,7.951744880153884,9.223221368060267,Peter Parker
4.872023149939024,5.761309046410617,2.524012458974992,7.986497013208329,10.0,9.024959895670024,7.9622176504486735,2.440576924253337,6.9880067713055265,3.490417190517948,Loki
8.347131320615526,9.334993416585155,10.0,8.313262845197164,10.0,6.487997409606595,4.955121560504154,7.581234188429601,6.428212314630262,10.0,Natasha Romanoff
8.438641212262628,7.807191465754882,9.311585436107263,8.00107020871441,6.150201166723805,8.556515887808773,7.499708987617679,8.049637420699959,9.186198176552937,8.986057141440343,Thor
6.371898106994964,4.988523206450335,9.044733593727578,7.63706983556252,10.0,8.561264307720263,6.200336156102563,8.541486128897017,7.534264476803598,7.3189957370468175,Shuri
6.393762844672845,10.0,6.998600347502637,7.206205627626668,9.446706215194592,10.0,9.969900360681738,8.288692860945707,8.725299768273171,7.140190494970973,Tony Stark
8.58948100980736,6.832911519477623,6.780589776231573,9.893658917625503,5.213319236794504,4.562314384993565,8.810944122354831,5.704673389914039,9.583919847381567,9.741027311646212,Thor
6.352088587536948,5.253011758945919,5.314354862626548,9.367071009870289,10.0,8.701470207313792,4.441105152037443,6.358134781981167,6.0825871100503806,4.162198450576405,Doctor Strange
10.0,10.0,7.923118850326862,4.6948494360405935,7.318852554834698,4.260026490337525,2.856779652090811,9.921566645039157,5.76948160982661,8.184053066547316,Steve Rogers
6.887836537610477,9.9315401896207,6.755472086490389,10.0,7.348294910443413,9.441159260165168,8.263168338486558,7.982504788699833,10.0,7.729650451491249,Tony Stark
10.0,5.570459613009567,10.0,6.769045349987063,7.073400615305667,3.264370664930786,5.549125968528576,10.0,7.534017860983517,8.392964333032209,Peter Parker
5.406726997480618,8.118533574662969,5.465105561635196,7.274542239077264,8.525404411439784,7.746429754477647,7.0597989149156,4.863621389245806,8.910979909967732,8.501203876987692,Tony Stark
9.013671243764868,10.0,6.493413418188335,7.578952449224769,8.61189502975507,9.642221312699164,7.762595198722178,4.608264947597689,10.0,6.655634219107608,Tony Stark
7.679668239636666,10.0,10.0,8.37397999223164,7.495608521763648,5.260811977341711,5.499662225430213,10.0,5.085126204297149,10.0,Steve Rogers
8.707945473838338,8.840193722750884,6.173779240806074,9.575280841507862,4.729050531451841,7.262641324127751,10.0,6.6834229879264875,8.074782369632215,9.44072822362674,Thor
7.87597654523307,8.271720404923645,7.3542977249474,7.082079031527828,9.884449690682482,9.05254118921776,5.116998238549202,9.848707167956439,6.635024270576709,8.708590602671169,Natasha Romanoff
10.0,8.501044846073341,9.273533286201296,6.72805572622689,6.951269016609366,6.464754468071202,2.900763564948737,8.093794077801887,6.479857255509199,7.793387558975817,Natasha Romanoff
7.144590633667599,8.01176208473295,10.0,5.845122032447076,7.056753903565197,6.936598058591751,3.193750764803295,7.3179154005131615,5.649153215495744,8.546720178937935,Bucky Barnes
7.518011791594995,6.76307734996017,4.3349421490858635,10.0,7.9838236308620925,9.480803424775393,7.23487900117524,5.824011391979519,10.0,6.1963107093066805,Tony Stark
6.8337899967244295,4.982251115935758,8.719166962971888,4.339332431795474,7.199199964673582,6.621550022256816,4.293224913896184,6.358511269343111,4.877165388313864,10.0,Bucky Barnes
6.346889347311335,9.736433870699223,8.564698498432843,7.910219870733201,9.354418880878288,6.371451358640555,5.509112724800223,7.475480649163742,6.367128481969426,8.277436349328708,Natasha Romanoff
4.745352774246303,7.110063669766587,2.9995442986351457,8.000111288704549,10.0,7.9694174389840695,10.0,4.091104349639154,7.793596795825888,1.0,Loki
6.557996436849335,8.695961285351133,5.089694458135296,8.213849827627206,8.28079481616594,7.766771485185149,6.042165249685419,7.327941287902723,3.963977630075797,3.6780691071217024,Doctor Strange
8.635308258599888,7.383164738557655,7.82435526781487,9.50385769845276,9.14218519185768,10.0,7.421805354594275,7.245693605623005,8.757877653616896,6.368241053197973,Tony Stark
6.119663649679776,5.964149412373455,9.431588080950693,3.530633476941322,5.66218702300861,5.222840330633279,4.985440296292179,5.609560908191605,3.9016442536091436,8.897327693681937,Bucky Barnes
5.4149826039450035,4.56290497546178,6.7073430783963595,9.76451984091952,8.469421612772628,10.0,9.498149795645867,5.787014470804861,7.33163291565393,6.771601975615323,Tony Stark
8.026295179350162,9.431502923811555,7.0439606023259955,7.401237529065837,10.0,7.1274678564389475,5.04573910177843,7.412897374565631,7.3401118529899145,3.723733609568844,Shuri
10.0,6.046354513937313,8.018585659056663,9.482776959079048,6.6682957836057835,5.1419812280226,5.4977755778619475,10.0,9.543696949630146,10.0,Peter Parker
6.366671793179685,8.213286812980742,8.686672398058123,6.417318993723565,5.598362611827646,10.0,7.7281134917121435,8.86204761348828,9.811307661194604,6.644650498955803,Thor
8.992950732089861,3.9937407912547442,7.207282321846179,5.081429944820404,6.647258263568429,7.4174360260895975,4.795950306037055,10.0,3.0768040085837987,7.607513751117866,Bucky Barnes
6.082259018665969,5.758437491460208,4.500493000057156,8.931508722039258,8.982670992685318,8.116439531188377,9.237157723998296,5.13011119986715,6.542553842052519,2.7525654600812257,Loki
7.762221352096127,8.422632401882913,7.448552816318194,9.31533033000429,6.255276157027044,8.753670026572406,7.226078803155489,7.8876704410956755,7.867110633811869,7.284291685473452,Thor
10.0,9.252136525018548,9.18040294014783,8.66954288310825,5.642108241516483,6.185368232793252,8.977175285059772,7.6138182560109815,10.0,7.736462858304791,Thor
8.359968742142685,7.532486001574657,8.290534517576896,10.0,5.932230676670851,8.663968054604819,8.057950095312133,7.155755053431777,10.0,9.502162538799439,Thor
5.739613892157172,7.124894962942639,6.565771458001835,8.213980707217152,8.471798771501566,10.0,7.500563823014464,5.660779383835345,9.975122911366768,5.180320671959608,Tony Stark
5.048802058756946,7.628345796627956,7.1243468412696735,9.892374185223689,9.9885076521126,10.0,8.835407522634997,5.13953464721155,10.0,8.036171184529989,Tony Stark
3.979675236178715,6.666839390767406,4.517301167677294,7.76324666524188,10.0,7.14026258711456,9.203702651656233,3.421543269166585,10.0,3.1947813370502596,Loki
10.0,6.881475407462604,8.89134757871607,7.304565906267704,5.964674505507303,7.03054835411425,8.584703133142382,10.0,10.0,8.149772035580822,Peter Parker
10.0,5.010948977177435,10.0,8.265369666461476,7.414238335647601,4.2345042655206075,5.427119225207052,10.0,6.360088673483276,10.0,Peter Parker
8.022688159931832,6.493255008861076,9.01478464891872,9.586870616507612,9.578834951344923,8.221896368008862,4.339042803245766,8.083584563555968,6.704067777809353,9.580207928510513,Natasha Romanoff
9.47469023562337,10.0,9.313216225280751,6.4537158654874975,7.671787212673847,4.107506128456651,3.021582610503381,10.0,6.105234673390984,10.0,Steve Rogers
8.06231426070734,9.198641615568969,8.092438489531649,9.75098656913913,8.119645079031914,8.56984752244512,4.669465998044842,8.565009746396104,5.706504703910637,8.01343388259848,Natasha Romanoff
9.189567881573765,8.307409470784858,8.687824097373305,4.878647093692231,8.080321768355516,9.455330795896973,5.060914692441148,5.971242058171745,4.943352269215518,8.50525923472127,Bucky Barnes
8.833157800664486,6.75285162708503,7.695717223903148,8.443094059574031,9.757211950813435,9.346217978031259,4.483715890182067,8.820638146211294,9.292091590985605,7.1627615082789005,Shuri
7.618686467231914,5.868122626434457,7.2410238430528695,8.751698845795412,8.345863413900556,4.650153045841469,7.06673889427025,6.49674107155909,3.8061243258741455,8.329946476309717,Wanda Maximoff
7.424844201490879,8.395059838305357,7.512285571660866,10.0,6.3650583227781965,9.544452184669424,5.274737419388158,6.045074908497244,9.994208784719568,7.3069153434871,Tony Stark
10.0,10.0,9.188956463473659,9.882975183030732,5.743459785078291,7.9483283987951125,7.577703335812172,7.77656451361882,8.099564953300815,7.761117237775113,Thor
8.261209460956668,8.396819918589987,3.529870395612741,8.1212446093092,9.286270469878113,10.0,7.2057800802687835,5.012886529424237,7.687897579484427,6.174209710998433,Doctor Strange
6.94088007859565,7.653212123895146,7.07074931245897,5.542781045579901,9.988070215972234,7.083719534541034,7.82632586724428,9.11712216651051,7.847150820091129,6.101330193243277,Shuri
7.55110809831295,7.229463107838356,6.119551833246678,9.228800650759803,10.0,9.260699102318402,6.480370295766565,5.728761715620656,7.27882080865488,6.579404052871584,Doctor Strange
7.015078101059663,6.738499778104554,8.687388439483287,9.25895204114408,7.180675359541598,7.444610966431659,4.105321199080831,7.481641790382975,5.187338011127573,6.551215558424014,Bucky Barnes
7.574459869386592,6.240249011743557,10.0,6.900647202663273,5.474732905706851,7.001099049641301,6.034155993033524,4.59934497193238,4.649711935058083,7.85422773027109,Wanda Maximoff
9.316196310341203,6.865169935876718,6.043893093185324,6.590059890865035,7.183643454907353,4.760218928708369,7.818613947472351,8.106335683306337,3.339189114182381,9.90729024221463,Wanda Maximoff
7.887823576588339,8.660770901943229,8.932035758654276,9.250711423208562,5.82167735841963,6.193381314711088,8.748967695974986,7.052717123926438,8.482980184561615,9.597207954489575,Thor
7.070334899292305,6.403777531015402,9.685097291734197,5.117124293486606,6.57485330085824,5.259623983837354,9.506584851734697,6.327673491662933,3.40023639330188,7.7115438402478365,Wanda Maximoff
9.941287699905827,5.402821967932008,7.852306889694614,10.0,7.5744510479626195,6.927811504993755,5.673705910167089,5.465872929784444,4.994777546297564,8.647060013881427,Wanda Maximoff
6.1692174999210865,8.450739597071053,5.261643212530929,10.0,8.819965424931654,10.0,10.0,7.895550125736754,9.616792973391178,5.258474768912051,Tony Stark
7.280119734084326,6.095167383473706,8.463799140410993,5.212965185903971,7.236970084903095,6.170868128610569,2.989499434387529,5.975885772588223,4.080735284673308,9.333761743690879,Bucky Barnes
10.0,5.075745099956858,10.0,7.935459229484334,5.7146695008482915,5.290179735804483,6.964225658188083,9.71843475935427,9.047478388190374,10.0,Peter Parker
6.9606893394481615,6.778437831328239,8.423927917626935,6.725761884691184,5.5523758350754076,8.073100030327588,1.8863168859227701,9.648289509948148,3.4058047037747317,9.913948152585233,Bucky Barnes
8.830244075262629,7.279008742807037,6.679571913616298,6.267381923022935,10.0,8.262154033418007,6.599787260062676,6.6141663369562185,5.79461804202996,4.858091401615567,Shuri
9.051507583477024,9.923105400494203,10.0,5.7185260069447805,8.27122131029732,5.582910965213021,2.353843657958817,10.0,7.792616350997164,10.0,Steve Rogers
10.0,5.114296605728414,8.007029825182695,6.887775937910993,8.107688691229091,4.9043927863164125,8.028413538294561,9.130224315421799,8.241387251818532,8.557130713619992,Peter Parker
10.0,6.3188805821532155,8.019847438517786,5.230077450910693,8.021409367330882,7.559319322775162,2.086907922466227,8.643302279824132,2.6470720539916384,8.547822524705115,Bucky Barnes
10.0,5.871866611359145,7.746955660849484,5.399483733816295,6.274485797671072,5.16241391124375,5.053859719619384,9.587408046215227,5.6427533068955364,8.536687599395338,Peter Parker
9.13226923160421,8.851289429455328,9.525683838997544,9.269875253475517,9.253872899485726,5.9441674587637205,4.5273489085846,5.744496971525168,6.821706032760792,10.0,Natasha Romanoff
7.335444049928146,8.340084357508198,10.0,5.318161127583882,6.718041223664245,5.380188057732721,2.5780075057966387,8.71967208205142,4.882348669290226,10.0,Steve Rogers
7.464682526994928,4.918594212224864,9.652854438575236,8.337461018535812,8.915930990951134,5.706150993447649,3.824363515672124,9.06295910393178,5.149638940545452,8.739827404807139,Bucky Barnes
5.60874273392951,6.516859078850304,7.227532174251116,8.590267328541731,8.188962784106938,9.032466173959286,4.043431400321814,8.677819657533291,8.017635466445784,4.930328382639319,Doctor Strange
6.514208523666477,9.846742081218336,7.6332289427378175,8.360246042778485,9.839035014517123,9.03168517967242,7.278754535778083,6.392273775133902,9.385315725337332,7.116069770403694,Tony Stark
7.541314877753948,7.6511436277331155,7.65005914212353,8.790387252614607,9.351667963477386,8.543960839143812,4.913071246833649,7.758902550137384,7.469500422788564,10.0,Natasha Romanoff
7.7746722127899535,8.387969811294925,7.303900563149096,7.445129949617382,9.619637157400968,10.0,4.28551946879523,6.496074622193008,7.410557883407457,4.736110356559362,Doctor Strange
6.836078087245819,8.43596986755787,9.438765700157875,10.0,9.086726418915973,10.0,9.345300196832982,4.942923709040816,10.0,5.967671440057679,Tony Stark
9.53782307234962,10.0,7.978089689647279,7.384206497502635,5.475520196686248,8.01428064420164,6.741202219643613,9.060718403717333,10.0,8.597850875912721,Thor
8.121856641237141,9.428122853657625,10.0,9.659486006187077,9.356960519291146,8.039517443572182,4.4390138548007325,5.740644054353229,4.318875379499385,8.789931285043426,Natasha Romanoff
10.0,6.473512006697431,10.0,6.162223633407568,5.971456928095355,5.020131341421583,5.951684777011144,9.76767578896976,6.801710342911643,10.0,Peter Parker
9.298210996765492,9.636326185349253,7.765364923260253,10.0,4.623039024443992,8.959177928370131,7.284405251081779,5.519128164837431,8.768014152244938,9.750590558997224,Thor
9.280289301289669,8.685966055083766,7.8633031190402125,4.679665626543361,10.0,6.1638606839840495,5.749739220747751,8.43220286048861,6.54482160155537,8.746952281928733,Wanda Maximoff
8.367288416634583,10.0,9.7822817972235,7.172779281842878,8.359318275185581,6.0789384233801735,3.7978487461984414,9.162506128902223,6.419093414566486,10.0,Steve Rogers
7.007520850545089,8.560405082466449,8.456634419433971,10.0,9.387025102386458,10.0,6.561419363518041,5.890154071980474,10.0,7.082460798021442,Tony Stark
10.0,8.946091976418073,10.0,7.701268016025132,8.997939147001567,8.874080632448154,4.367751555273825,7.635865141816655,5.156619604670199,8.440634125303607,Natasha Romanoff
6.668862926236569,8.203689353871612,6.939338153318681,8.344316003927366,10.0,9.160737403705273,5.622318620703405,9.993190038177907,8.588710223478413,5.025223598791821,Shuri
7.689465446831843,10.0,8.779518490292178,6.727208194316033,6.630899409099936,5.44762951582402,1.351120074728334,10.0,4.153762065484795,10.0,Steve Rogers
7.7060729144244196,6.167094729405897,5.627904369276086,6.957730640563644,9.008533657546451,9.755610426316204,4.910984322800027,7.1374707881647605,8.726353886279645,7.482239940010954,Shuri
8.465806535540827,4.695405007004872,6.712950696064681,7.396471832964878,7.420192862450809,5.608510384949181,8.404981432672223,8.692553609124111,3.9134658309000336,9.313041070492764,Wanda Maximoff
10.0,8.962727022240589,9.903201415459748,4.7225522130399,8.403877637826119,7.581280322126069,4.100103280778857,7.343737343871229,5.761113145721289,8.86988854231365,Steve Rogers
7.476736085007307,9.92843625189308,8.58649766194624,10.0,10.0,8.739465155886283,3.712997878747328,7.013584806800056,6.648920073639939,5.054441131784193,Doctor Strange
7.380896349693039,6.70001986719938,7.938063994758071,10.0,6.561206014182705,8.372275616422103,8.159800503959106,5.604696759570523,9.97899855311964,4.933695090533025,Tony Stark
8.76344287928951,10.0,9.715588230795975,7.318991689695021,6.50277760757474,5.465406950075382,5.044518659857806,9.857604508683645,7.220899808897026,10.0,Steve Rogers
7.655269854903556,4.589258069113394,10.0,7.861009855686838,7.081826719447881,7.3360414664388225,8.447907841014395,9.955075497548377,7.978035299335416,8.272441647359905,Peter Parker
10.0,7.594297514409211,7.21909874923313,7.227621370233211,7.715358979562374,6.058816184778594,7.600304167695901,5.92131122884525,6.491040055308141,6.5883940887772185,Wanda Maximoff
6.443601662378205,3.8997341914588572,8.449612587012103,7.682128196250464,8.855181427230878,8.56488806939452,7.02991749623622,7.1337246465961766,8.514809945774463,7.258504106983812,Shuri
9.11843062285131,6.715676326398002,8.726049700277812,7.257342633228257,7.1056877705180606,4.014646061518794,5.67413350984694,10.0,7.871595001609839,10.0,Peter Parker
8.34461341592756,8.856247590958533,8.167418429698321,9.837776821239489,6.941390376097219,8.203398418791004,7.724506883129855,8.912997251817385,8.402623075283207,8.489142000534182,Thor
6.729280622506343,10.0,7.747208579978447,6.400850852390194,9.268394246319142,8.335651848075958,5.8340401764874255,10.0,5.028587731006712,8.276953952532624,Natasha Romanoff
9.61276554525174,6.075295216168766,7.449055069878099,5.265308047874676,7.227872227922481,4.052774290856298,4.184360353741351,10.0,7.210256658841135,10.0,Peter Parker
8.447966944657804,7.896133029767505,4.3027064864929985,7.847599520306209,9.646926001108248,8.385960404001942,6.429686959343593,5.4819093386174655,6.1634017910324514,5.814454082149348,Doctor Strange
9.64485346515801,7.7194486666370326,10.0,5.78696679407466,6.771584070297787,3.6160764654015907,7.698467302702377,8.060217188180374,2.7554999347064575,10.0,Wanda Maximoff
6.042356482865003,9.899856343887604,9.266070260185689,9.43823485857897,6.207618576575262,9.725788875436843,9.514156493450173,8.447555870820151,9.570849824727825,7.563464625607297,Thor
4.247840197638327,6.088267417739651,7.975368930193248,8.917627452738895,6.791500543386637,7.313141028048795,6.614949316942287,6.483642015423884,9.042012858639472,8.288465993694096,Thor
4.9078414013066665,5.755282234865711,2.946986209754026,8.540820190724613,9.603328606541037,10.0,8.774534684339617,2.794190721416763,5.890361810195769,2.7848632106895357,Loki
7.232954364649704,8.572129947560194,5.570915979737316,8.899372023257555,10.0,6.78976687573388,5.84484471110859,8.09050523322285,6.34677701649236,5.5868387137472455,Doctor Strange
9.22340748278431,6.83935411045382,9.237531165852007,6.849338824902843,9.314948775222899,4.43349794247156,7.550890796271857,10.0,7.978888347043976,10.0,Peter Parker
9.978017695325411,7.434582986934659,6.657266316296741,7.684841961831333,5.902233659810143,6.902454838016773,6.855451158172718,6.593596062009591,3.886170470340682,10.0,Wanda Maximoff
6.309782393277665,6.10127474719628,8.328976843648954,9.730827947491097,9.276219241975307,7.031630950314748,3.183825666337025,7.14501336943298,5.060561089358653,10.0,Natasha Romanoff
4.142379196573998,6.249780870814486,1.8965181807007747,5.955841085563577,8.599767393373652,9.436909084512143,8.995927097742335,5.31122408194469,6.850012684789279,3.718334800601677,Loki
9.440578121485892,10.0,9.537874068489032,6.254535415454027,4.266991949978562,6.2109256649044475,4.560387132195474,9.776042508483233,4.82846662270468,10.0,Steve Rogers
7.205400824227395,7.199387410180718,6.661382966161328,9.704837385277518,8.082015303260874,10.0,8.297985468546782,5.889232568433541,9.461927083172553,6.995680038149996,Tony Stark
7.772974714249196,6.758006519443023,9.233784604730536,9.388344789777884,9.512339361574043,6.017886513519297,5.130763621394794,5.608339759917065,7.00522979138251,8.133740314916606,Natasha Romanoff
5.310231605115197,7.5675240441659835,2.9395995130651116,8.203238726143823,10.0,10.0,9.39855380017557,3.218110322829731,8.080092298650467,1.0,Loki
4.998849580129036,8.17233990186899,4.508658754078682,9.68611366206758,8.715880962611664,9.54860079365462,4.706562122174235,6.333494266885738,5.532709957300238,8.726684976151688,Doctor Strange
5.628392442533617,5.255639391336404,7.272164079104423,4.955537514338248,6.470868436257577,6.817376033886835,3.1674927101071786,10.0,2.423621208002542,9.511515572425502,Bucky Barnes
10.0,5.531853783788158,9.520189446592745,7.034660849235115,8.62032301617101,3.0190962272338484,6.919954004653471,9.751376337821753,9.15610524239926,7.975897367374606,Peter Parker
8.414361066208293,8.392710641660623,6.226195737215496,6.925050824532557,9.885673555480848,9.895466982690984,6.018557138120584,6.350777206436691,5.640767296315726,6.489781647520122,Doctor Strange
7.551660369016747,7.347355041397964,7.571355446210324,5.517085603048984,10.0,9.424720136204462,5.382887450558996,8.001141393820522,5.414316792280375,4.878707430449358,Shuri
3.5966761410920434,6.8576154376537986,6.327859827338642,8.116243449598372,10.0,10.0,7.162644342222146,6.728583634809362,7.373901295688597,3.880096092253386,Doctor Strange
7.139929070085183,10.0,8.365416377018827,7.996179612535269,6.123698970015244,7.001964222369282,4.9369381736576825,8.739940161407464,3.853646809737117,10.0,Steve Rogers
6.611755687701805,8.213926895061409,4.540036061242029,8.020270278619316,10.0,9.628775900691934,5.150141089809459,6.9286683963031255,5.229991622454043,7.080201978620491,Doctor Strange
6.490270021171414,9.116309622603445,7.093011139189821,7.619770021759927,10.0,8.566908564890975,6.304438876039493,7.250028069393313,4.925701126720334,4.07126589223876,Doctor Strange
9.280666268452688,6.82727532515888,6.308940936900052,4.861809379768708,9.413291722086006,6.5787685599496,7.024557153839725,9.744056136199301,5.277578116331959,10.0,Wanda Maximoff
8.071512941945766,6.609944682050998,8.04422124237779,10.0,9.263580752610109,9.77973367629753,8.500387385387091,2.423102037374159,10.0,5.858307502700241,Tony Stark
7.4733901046120526,4.77244121046764,9.09914372924457,9.585964818900083,6.6779093691261835,7.067695831707974,8.85578164711343,7.260414625228449,3.9683586688562005,8.692890090322384,Wanda Maximoff
6.757205544826168,6.162136617464162,7.374854724242015,7.676294227834915,8.741488093417747,7.012916815880317,7.3543877867984655,10.0,9.569896073225472,3.9420861007322974,Shuri
4.84758960416626,5.735945900485901,4.340377163189688,7.188115637204589,10.0,9.200756236724303,9.291102223145282,4.246542346758807,9.253637336185097,3.7200217681055805,Loki
9.120642982525867,8.742816790834766,4.560381023234983,6.080454696228609,10.0,8.503916131591229,7.6643436868808195,7.3523297980749245,3.5218496128820833,3.7257196269780852,Doctor Strange
9.221311684387391,10.0,9.807458354280167,7.505681491357696,6.667003656009364,4.188675308698401,6.006854228492456,10.0,4.048919068689779,10.0,Steve Rogers
10.0,6.176161512610621,5.521776205165216,5.660929976006589,6.25592801636401,7.9270885585114925,6.852121781229724,5.741465030012121,4.184810693689926,7.3808154114180216,Wanda Maximoff
6.265849046545276,8.013731891909407,8.098692534626116,8.12828353738183,7.362129062793201,7.452839365331602,8.040869031566588,4.60211772849182,9.519312362477605,6.826722737364635,Tony Stark
9.156560592584375,7.873318048173599,6.470185837829213,7.739742074989558,10.0,7.958926486245179,7.4352808782562905,7.17337961572074,8.065949421579278,4.686424872080747,Shuri
7.666727723162041,8.753750245766112,8.814531273012173,7.448159520934022,10.0,5.086905054315627,2.658369628365799,8.478374692667005,5.668772064334437,7.203769562291347,Natasha Romanoff
7.587816975653695,5.717488438683924,7.344216371055851,9.649849733593825,10.0,7.015960491103266,5.803417114187699,6.574782466114421,8.023137857366581,6.854260034583477,Shuri
8.744237868405957,10.0,8.56534720633503,5.053961120304173,7.614113745671943,8.496280951305211,5.297017326170564,7.986970254277214,5.337188734454601,10.0,Natasha Romanoff
8.123137048112952,5.0009540290218695,8.178574909185512,6.949283283953051,7.952455169604628,7.575896603723891,8.65536795605816,8.773081822887189,3.05364871588874,7.210050902516046,Wanda Maximoff
5.425733666617333,6.3585403522500785,6.8067365517251135,8.513899808002993,8.121556300223496,9.032392643772438,7.449365173940008,7.653130414403903,10.0,6.0201617690950044,Tony Stark
9.898277031738816,9.802473464066448,10.0,6.208945681434854,6.783833608950089,5.205184200095531,4.307847614367323,10.0,4.276006269343876,8.320894434862247,Steve Rogers
8.822844923255623,7.867416540826418,9.504403639411663,8.634383571596285,9.434396048923634,8.697319149234675,3.9337428340498857,6.85746330456646,5.94672299174093,8.976798349673441,Natasha Romanoff
9.148222117648444,6.2304921719857775,8.782497711143051,6.388131985928724,6.544913009370682,4.007456016656163,5.775200891373237,10.0,6.108575810562808,9.433099292044037,Peter Parker
7.9810550457601686,8.3404621940928,6.107656469954395,8.353962236177198,10.0,10.0,10.0,6.525235748406172,10.0,5.7913400873642935,Tony Stark
8.12930638081872,5.353774611039823,7.86882222772863,7.9880821501971555,7.54819123090389,8.038143648262867,4.498828628527917,9.219710142561842,2.880040897174023,8.103976805587047,Bucky Barnes
5.060142129252514,6.416037165740805,6.6365184960223145,8.205008200685226,9.937860257205525,8.839648077323352,6.403544294290739,7.428564365014257,5.380528132733072,4.205503995161981,Doctor Strange
9.868360652996508,8.091767679140395,9.181380448362535,5.949393547088851,7.0271227138248955,7.03481746086758,6.528236755831125,8.982140558658397,5.6581965631169675,10.0,Steve Rogers
8.989991681412844,8.005773926131251,5.863555172537346,6.410963642010998,8.084272827114171,6.413018297023577,4.891832719177706,7.9635942717501775,6.468739128359004,5.951037266766227,Shuri
10.0,6.0918879091241935,6.4730646062038115,6.028800779546872,10.0,7.65939216906309,5.130313576316435,10.0,10.0,5.589133867173024,Shuri
6.295681926483854,7.867906395283487,9.644570057633507,7.730048623082052,9.822164652690839,7.917878264199445,4.255613351106413,6.642527020860574,5.510230771833319,9.255714562125409,Natasha Romanoff
7.898268494397229,7.493618535336763,9.474957174321986,8.343901864822449,4.068775176485494,7.151652922630027,9.65846825056849,8.040165201821397,8.681230434175173,9.716568927050593,Thor
7.729398126359586,7.915191528988874,6.156857075942677,6.723459396250572,10.0,7.663247144846957,9.261482483999362,8.311083126141318,6.447628709655204,4.950871571154461,Shuri
10.0,4.528660617937197,9.563815852554534,6.396066781298607,7.3548757414124015,4.034729117778845,3.8581581976846246,9.56935345162521,8.903253370762519,9.359999694342264,Peter Parker
5.027137893412336,7.469879086874353,5.476249362786172,8.366701180034013,10.0,9.632877007210901,5.866254272317602,6.2753091664881655,6.239103621571841,3.8535200707614528,Doctor Strange
8.539250247100025,8.609852524566005,7.675304932139584,6.637789334863463,8.714174521033359,7.031099095482774,3.899484825592143,10.0,4.083306535153234,10.0,Natasha Romanoff
8.293995811121967,10.0,10.0,5.966292695566324,6.993964534654237,6.085083123563965,1.5799985886448376,9.928037796993245,4.463385786815577,9.832712677806208,Steve Rogers
6.839521786835828,8.346316672987491,8.914417333037296,8.08490853136846,9.305438008895562,8.071456175335088,5.991277358313649,7.963428340046339,8.180470491782122,9.055599923708558,Natasha Romanoff
6.800113910054444,8.043589506874499,8.87944355484466,5.527762790373911,7.391545659218397,3.500747717719956,1.0,8.695110281763167,4.410175440348226,9.243188140160044,Steve Rogers
8.957680743655303,8.623617717322976,8.932093748035664,5.241472767859359,9.999201859498761,7.507165818338285,2.46528999263084,7.851365474896884,5.249909558353355,7.912032269595649,Bucky Barnes
9.441112401291692,8.501795063744275,10.0,6.39596508983809,8.858204067483113,5.6743130990103205,8.274810871575081,7.885715585840953,1.5286769759342196,7.792216081341512,Wanda Maximoff
9.830635078286686,6.694207125125996,5.435205873453051,10.0,8.281220700000297,7.878274713171882,4.947757120918851,7.122998649249901,6.6752094417291925,5.325009798851158,Shuri
8.596226040247554,6.74838570905432,9.104482761922528,9.336279369305357,10.0,10.0,7.48481327692879,3.740378925281334,9.785544362229565,4.050770955867989,Tony Stark
8.011493414816465,8.11929879810967,3.954530420940847,8.770730026676212,9.85970141449984,10.0,9.386462264365164,4.009983747198181,10.0,7.269394020603662,Tony Stark
5.632828672854162,9.283632182900774,4.598119336814202,10.0,8.931122376197138,8.509505836946959,7.271106159621636,4.728469573622949,10.0,6.9155347622035475,Tony Stark
5.633340768866574,8.771734718197468,5.581382347385085,8.242406820660031,10.0,10.0,6.360850181011818,7.1472067588001735,4.615887300647691,6.9822480676384,Doctor Strange
10.0,4.399316778015786,9.502706918065767,8.511144940339463,7.173339104063454,4.003668560187901,5.338911953037313,7.926455029172672,7.8327059573718305,9.388474946037391,Peter Parker
7.964239955932785,9.054213793292732,9.056116040778534,8.016901782658582,8.27810640748944,9.778235575497266,3.085644629277507,8.376637863392352,5.772936922813458,9.977193246880626,Natasha Romanoff
9.012230950347773,6.860422029789058,7.411595097185616,10.0,3.812230668942412,6.3480359847505685,7.71485602285545,6.059581453166477,8.632666378158016,6.420312100741848,Thor
6.058951866336879,5.399656214219474,5.990149559985993,6.246262518556611,9.774114254512487,8.125027894450966,7.780721849528327,3.3915116040520292,10.0,3.1792127125993797,Loki
8.875946986591286,7.297557793389474,6.611286710559875,6.136665688023288,9.227407330456277,5.834741952625606,5.9530537774684875,6.434947629545906,5.341029609162668,6.530128893593826,Wanda Maximoff
8.564519561172098,10.0,8.937240781076177,7.391457009165437,7.084962463954532,3.0541050598298956,2.3512122704143597,10.0,7.476499998358705,10.0,Steve Rogers
4.377618646706376,5.458897658523786,3.3346607417232774,9.413718034757839,9.649284514932049,10.0,10.0,3.076601078931939,4.348755856628833,4.305636929089091,Loki
7.478799814117574,5.216955774966194,9.059207584186913,6.691093954219494,6.694111744762278,5.162178164328359,3.0762371093023573,8.022531269764858,4.9253545747742935,6.142720297860388,Bucky Barnes
8.208432247158008,10.0,10.0,6.439637782944708,5.687284850399112,5.334717746865639,2.484101501196762,10.0,8.283106136296125,10.0,Steve Rogers
10.0,6.449391638985312,9.953079034170171,5.3652469339236815,7.236967117703588,7.227010096000676,1.6100627644814174,7.104174049567194,3.081070808855694,7.249429042102656,Bucky Barnes
9.332071111850054,7.363094743409044,6.712968659553238,9.631016788005105,5.652174952040526,8.412494192498698,8.92925855159783,6.291947640004006,7.604865009144579,8.482273084839973,Thor
7.448695550814339,8.057572673221394,8.660195776119746,10.0,10.0,8.82307799721275,8.251681066518653,6.549395180364286,7.7379787888534635,6.586700824525968,Tony Stark
10.0,7.334354020330764,9.160582744738468,6.237724452201722,6.846066993632968,2.4367090370543263,5.825746563076419,9.499557038636908,6.83317455249186,8.05987705958504,Peter Parker
8.101400009219017,6.571914863729296,8.14945739452504,8.99274545344977,5.927252727398876,6.364058906707104,7.9685471934905285,7.710587704599357,4.756751291333379,9.951875277717427,Wanda Maximoff
7.4880686650673525,8.620428792925914,8.139047555711183,10.0,9.61172992367301,9.675988425856145,8.078372879045892,6.134417725067043,10.0,6.965674759478451,Tony Stark
6.616164613717167,8.324314689608816,10.0,6.570353877901564,8.91899078301742,7.641663106935332,5.962375863299638,8.308239869386258,5.127436030877354,8.657989156805609,Bucky Barnes
8.445352243088847,6.930142433879055,8.550927004578453,5.428110051681375,6.038272615491925,4.215312321271769,7.293983277864266,7.103817402994421,3.1841141681642333,10.0,Wanda Maximoff
9.239701563725445,6.565515147559985,9.244632659403395,8.1291106068091,8.062768815145601,4.95819985891307,3.879631859241025,9.710323891692964,7.975055444334809,9.357511541440973,Peter Parker
6.596051390862314,7.031621509777011,6.235285880629033,6.739996873031854,10.0,10.0,5.775455692608013,9.079414983604636,7.90362008671249,5.187058248057442,Doctor Strange
2.628447426951868,7.683759044481128,4.25826723454065,7.2379762093290605,10.0,5.956908646413082,4.979546843890803,8.036962014818616,5.122592350564174,4.026962278535094,Doctor Strange
8.305967569787244,10.0,10.0,6.620081654349821,6.589821459816674,4.364848759480392,1.9427485348887328,10.0,5.289433531597901,10.0,Steve Rogers
5.6528311720742535,7.628182258729146,5.788667479609063,8.907338833432421,10.0,8.071148197917609,5.116134728814373,6.756111486441208,6.377774678367052,4.955612570627595,Doctor Strange
8.906701560033751,6.553970908162641,7.5881459661840776,8.474108723420139,9.683180990404468,5.608376892522747,5.347648084275307,6.706771126732732,4.242866379274403,8.933401819037696,Wanda Maximoff
8.230649675867578,7.429556877114546,8.988669990715334,7.467879010537158,10.0,9.252842154748251,4.8855961664284875,6.841906304035912,7.926049610254772,9.170855169430377,Natasha Romanoff
10.0,8.33434246579327,7.890885359798972,9.648035638992472,7.482128107460705,4.458465285099678,4.883388269239682,9.720891156989657,5.555902086161881,8.480944413676516,Peter Parker
6.804532836451102,7.967596559900223,6.305635167285426,6.451846991261817,8.860266577903094,8.923922703394908,6.638188893987493,7.289129115227325,4.938969516797436,4.704297508064757,Doctor Strange
6.6642724091470384,8.267262130796665,8.009207422312967,7.933509779653944,6.4475030427426585,8.182861932635648,7.909266315865979,6.914278163676644,8.887487176345475,7.540375473442091,Thor
5.943693340038561,6.645376465802425,7.430756130937947,10.0,10.0,10.0,7.834714179336035,4.444742651423914,9.601116753736378,6.271538993513156,Tony Stark
7.977937928022077,7.761686178118551,8.464058866834149,10.0,10.0,10.0,6.034949680433449,5.916308533877249,8.53499100925648,5.352150197042157,Tony Stark
8.817357460506818,10.0,10.0,6.524218941167044,8.77503489723388,2.698704790883943,4.117900195476372,10.0,4.854750894550308,7.833373694189902,Steve Rogers
9.802047859409878,9.018027688715595,7.7468593308214775,6.5079521304551555,6.346923054426085,7.8372298187906235,7.862906121392273,4.626208216952287,1.5710991215045227,7.962427650627394,Wanda Maximoff
4.651011114634658,7.7987976210062415,6.55840839321737,4.994341512579116,9.332096148601709,9.536664908982972,6.282305136497996,6.347027019203596,4.619272493023537,5.785581102742809,Doctor Strange
10.0,5.432460980593719,10.0,7.258891787643534,8.974005262546,6.303395142415858,7.326270783198726,9.48516048913288,7.87817394253966,8.618433178040805,Peter Parker
7.954654964355054,7.032014330396551,7.489780392898538,9.583655082045844,7.739550785821825,8.93233062472929,5.520020787979702,9.147231681119665,5.356609971770977,8.011587606895986,Natasha Romanoff
10.0,10.0,8.352589995284125,9.690751475443271,7.489589294530797,6.516003251290791,6.3599999817777615,8.570523642322044,9.342485591091249,7.716868442525263,Thor
7.762989820588502,6.996957956158096,5.333429212918248,6.994495415417473,9.530411273759707,7.226834811108796,4.172707287080671,6.914391085835317,10.0,5.563161771204556,Shuri
8.348257295186775,6.714962524058823,9.388391502178639,6.7458643393658475,7.5618964320651045,4.543824420333778,5.162336573340891,10.0,8.733767506442966,8.365912201488708,Peter Parker
8.871767567239276,10.0,10.0,7.547091625241383,8.30561486756321,5.453241249620748,2.8774778082322454,6.952078232775472,4.4035988724773985,10.0,Steve Rogers
6.160109970400404,9.846742042712544,6.321802724860219,10.0,6.660977354923766,10.0,8.753315557883123,5.771875196687173,10.0,4.237725713815237,Tony Stark
6.361089090528216,6.529918638854994,5.9615602701709705,7.004395941597493,10.0,9.854047694976801,6.850501687649838,9.141864444704977,5.5875281689995635,4.313740809736437,Doctor Strange
4.0943747600688445,5.5537091883085505,6.3109773846925545,9.26246706192382,10.0,9.475971168305506,8.794149971943321,6.499221581712627,9.002709539300298,2.0630626075434346,Loki
7.281949799387726,9.184562012310375,5.611118873853052,8.535035508874007,7.633345177640772,10.0,9.556184223308057,5.460825702200612,6.872875194800432,3.8700089217370306,Tony Stark
10.0,6.853796353902233,9.227040576910438,6.946518032968412,6.149163903437697,2.3374091953018494,4.233841379174916,9.071693325600888,6.883792022482684,9.361700780770082,Peter Parker
8.86282550314496,8.433922476973517,10.0,5.632918147583442,7.961855504433332,7.631205707703409,5.78664957456021,6.281099164726675,3.267028627213495,8.834023451829847,Wanda Maximoff
8.316190017949447,5.110358823717213,9.80277161181558,4.527033401424023,6.449519175755917,8.411301666582935,2.5858563012214733,9.312803807074136,2.2386257836104813,6.018467657126044,Bucky Barnes
7.600301440639709,8.509660462022548,6.599324527078065,10.0,8.943052341556823,9.391108048981028,7.61013585968075,8.52579962346979,7.831279897443209,6.624735130369748,Tony Stark
7.084369930845064,7.49875190149702,6.5036820557209545,10.0,5.879522733051891,8.805642610852745,7.3289135839115005,5.685090222525221,8.707649361352582,9.376490666724,Thor
5.775021517616972,8.144071378328213,1.843316907176221,6.39033171637407,9.01069217658979,9.95717734679574,8.743815696283688,3.0948634711204717,8.895916259631777,4.195487832927461,Loki
8.335678872116507,10.0,9.525330065187958,5.90611294725663,5.757893850196669,2.832596995962922,5.91578486549141,10.0,5.750931453605947,8.879888990280275,Steve Rogers
7.813786282552844,5.713486215357532,8.47082283833215,8.07264146766734,9.04961191557041,8.695046801683018,5.592985718444342,7.826467376842518,4.508700302193208,8.448575935453047,Natasha Romanoff
7.954942388377664,6.126849036462989,9.925005569391807,7.010022793181183,5.066606295965974,7.471879482939238,4.910679966778465,8.27365327616508,4.628051856508405,5.584348991908669,Bucky Barnes
6.668694537555551,8.568824821141513,5.540451004135125,7.735528463049755,3.6713230652095987,8.523775754822475,5.746583062431624,7.039661498169425,10.0,10.0,Thor
8.166022991401766,5.641120180710904,9.844606732305536,6.877191294205828,8.771248090366656,8.671961667685402,3.9171188390124616,6.819517321872017,2.9661170629716507,8.378422470027475,Bucky Barnes
7.141249082607615,7.100566363802335,7.5921081806609445,8.872191133892892,6.60651493455662,6.452754725671964,7.1471952548336875,6.800409896471899,8.755643508220913,10.0,Thor
7.3955257209584975,6.50033251201388,8.13449806659121,6.6857994222309625,6.04508002161641,3.7353955794857407,6.135613811385302,5.800768948123503,6.099030740891294,10.0,Wanda Maximoff
9.642925062757936,5.777919925910295,6.95934532476178,7.469365060539865,9.187792103502774,8.74723445029487,5.700168117775572,6.254242091605851,4.644415356296698,10.0,Wanda Maximoff
6.4764390700937025,10.0,5.040086979461877,10.0,10.0,8.934801492543007,10.0,7.244362853681648,10.0,6.0350277337823455,Tony Stark
8.9335543899128,7.930784370016019,10.0,7.472453282542592,9.384935616683602,6.059841611871678,3.4713571802218715,10.0,3.252920148818527,8.796909245398643,Steve Rogers
6.962813592014838,6.990501415488004,4.179984199139465,8.437926293064335,7.72322879579022,9.365149075557687,7.07031559944213,1.9684135604861157,8.241098361281532,1.6074017559999323,Loki
7.005053550492228,10.0,10.0,7.635469156272435,5.912032907136148,5.108138488484119,2.8756997005386404,9.584254174035609,7.691834908963598,10.0,Steve Rogers
7.3470420509483825,10.0,8.527619081931464,9.664229260588192,8.198605101889692,7.438672968444262,7.8894601544471525,5.433347213722964,8.784561909683028,6.138840595080796,Thor
8.796128946821835,7.547158726917189,10.0,6.678319477851562,5.164148520791519,7.7626604698211334,4.144341740040448,7.533432826533006,5.702780309668136,7.810830413112841,Bucky Barnes
4.426811550717616,5.706727451848878,5.857445693094811,6.972119149429448,9.100299168811683,7.589269810478561,7.147450650704769,4.383754529531869,8.253629163841513,4.60345231604419,Loki
10.0,7.893529101951237,9.181211712884783,8.430232854341423,7.777002971898478,6.355441718334813,5.237850095816703,9.741340631269498,7.746533036544169,9.68284654570497,Peter Parker
6.031862423108255,7.226316809260796,6.179536383064864,9.292951564556201,10.0,10.0,10.0,8.834555254874068,8.711603710084574,6.088023909159111,Tony Stark
2.5692617201205485,8.842731287898001,3.7086560511012174,8.434760852715725,8.231459802970354,10.0,9.051840670439654,3.9231657360146412,5.578268606371308,3.092246017309284,Loki
8.816753667225512,8.344274609478603,6.8845148752488665,7.935112055482392,8.870193074579412,9.208289321834666,6.843222420099897,6.999678003391804,8.662953304470864,7.362151512575744,Shuri
9.000337105195449,7.777243881188522,4.198688177907266,6.841759305578526,8.482453859343273,9.607214630421236,5.511657622504224,9.46837981567475,6.4786951978092375,6.488303480081508,Shuri
8.580368576625608,5.04211295495645,6.456238766382578,7.287470143779342,8.132219885902398,6.011677386449633,10.0,5.8502969623059125,4.556177677582123,10.0,Wanda Maximoff
6.604998106728577,5.735390063150893,8.636630439637813,5.014726882704897,4.823508477385177,5.403829852994689,1.0,7.615151010133936,4.450623310374624,4.646792202529513,Bucky Barnes
9.047658519359302,6.11650648921478,8.06782451662479,7.919021164154929,8.293304591656979,6.988411673236679,6.156127460955108,7.795265689462229,4.581833034170682,8.112864009443506,Wanda Maximoff
5.46340345585969,9.226325786841798,6.321109603148821,10.0,10.0,10.0,4.501044725017207,5.992392594978684,5.095385681412783,6.653898502813062,Doctor Strange
6.715010365496715,6.311351903785091,8.814369006298644,8.290347539067966,7.188422019023279,8.090743808877509,3.905979589674739,6.663500820578927,5.218313229299114,7.5994043770686925,Natasha Romanoff
7.468393493577155,9.421479242382457,8.468275710510168,9.423279478557912,7.719849290514161,7.64754799619407,4.672609877599367,8.619485319541146,6.46046803300882,9.902781443654202,Natasha Romanoff
6.435769436294506,8.090022052396316,5.380823519417456,10.0,10.0,10.0,6.316496814025543,6.263333597155776,8.59821119247843,7.827944079341701,Tony Stark
3.4905907353320402,6.625677411724797,5.7889162687865605,5.962821817138643,10.0,5.828665605317898,8.499641712273107,6.300644890303225,7.589594939358917,3.11242299477624,Loki
8.0620308645919,10.0,9.74175092429063,7.880514585695123,3.901554352623957,5.710389136207349,3.798309119538608,9.398199971386864,5.226199946776415,9.380218432734965,Steve Rogers
5.200740844912886,9.504364031904432,6.36661107660544,8.686724607695465,10.0,9.572339559293193,8.276312493559601,7.114425822475397,4.735820903946577,5.798496857784864,Doctor Strange
6.794263282569355,7.064892006349614,6.471308070115243,7.306593531456954,8.343171091009847,6.585741495256805,2.244446696449233,8.694830261373829,3.3920508535296996,6.106102899078662,Bucky Barnes
9.519055753981975,5.084052543106227,9.793700418319391,5.179788985195173,6.384955422345969,5.998787729257236,4.895101908700877,7.223316274100541,4.960665110238936,7.256012051589887,Bucky Barnes
7.200535789171855,7.588143270913468,8.471372265531043,7.874277152512221,10.0,8.228250199535827,8.115100814788168,7.739710307728385,10.0,6.717009277992692,Shuri
6.842956468569209,6.111889918600828,10.0,6.879733146339751,8.426582461887962,3.899102599110698,4.437765622323158,10.0,4.440670452241898,9.467393037211169,Steve Rogers
9.318312371692311,10.0,10.0,7.716503476023341,8.645553262554976,7.633532855995344,6.842684995638627,8.155992254205383,6.235728773484196,7.420297196094836,Wanda Maximoff
6.321164726560992,5.098137940944657,3.533095064034138,8.17703596726488,8.148143791009339,8.431120985173305,10.0,4.653318513580526,7.804060888145947,3.141340452295604,Loki
6.455080236828836,7.251335936208224,7.239914954401556,6.75313006344257,9.218097959527082,8.82999820559107,6.369335449089811,6.59432085205501,7.535733623751992,5.36910776700144,Doctor Strange
9.484532214393434,10.0,10.0,9.109462651008025,8.378083142960072,3.674807628002166,4.9946513511006865,10.0,5.393709108939736,10.0,Steve Rogers
3.84814653539868,6.7271978787762015,4.977738379951661,10.0,9.072123602957678,10.0,9.021682522541942,2.4482947705242886,7.850016037707141,3.003080951374634,Loki
3.655919873173923,5.921826005306563,7.787297986090178,8.379442795238036,8.920233476024588,9.509736257447381,8.353656016763306,2.799069858553061,10.0,4.333515032833441,Loki
7.816024741451121,4.761021061603339,5.790494317079504,6.971864183983677,9.236641611954246,9.407822310470015,7.62185720805771,6.599517521494966,8.074693433850014,7.978396855626941,Shuri
3.948849291424713,6.131447355653257,1.1613863838746976,7.6218529827322135,9.54479453708199,8.621637210062048,8.311147740223774,2.7551350926568787,5.72246018716135,3.180933808959265,Loki
3.966498702836243,5.592715978195867,3.71634695807273,8.936199372748202,8.53959760642675,10.0,8.051020765675695,3.9890632540542583,6.550013200383448,1.377301235449229,Loki
7.721753221899062,8.058196841659827,7.952318467553079,10.0,9.240526397210227,10.0,5.069627632764153,7.988065372395029,10.0,7.347304194681477,Tony Stark
7.585268930500026,8.639278209657334,8.124679693513375,9.490221464400506,7.26304624263088,5.95934357960448,4.831104990093314,6.94680118850561,4.427207682519629,8.203662556243946,Natasha Romanoff
7.021136498442516,8.024043504241419,4.9223407382901145,8.88601189415265,10.0,6.082005421382787,8.419580404899206,5.060614811345752,7.578391240197554,4.5497228857587935,Loki
9.533059270247843,9.298876136445218,10.0,5.896418106815499,6.2705957765111995,7.045531515427081,5.085727422167391,9.552488367636222,5.359225887054438,10.0,Steve Rogers
6.7662608054030775,9.670480921789903,9.82909874592244,9.329683727925826,6.885992002381544,8.95931151093054,9.744715191015313,7.910085656789656,7.34038965320179,10.0,Thor
3.3991032041020266,7.528364353213615,2.787927983290433,8.000414531570442,10.0,10.0,9.993560256144189,4.378583143126919,8.905004135671062,4.716360165757693,Loki
10.0,8.549540597687812,8.352634178787463,5.465165655163224,5.767429906529678,6.932843132102236,5.296884752853137,5.336107694072415,4.011039081459847,9.166770836929468,Wanda Maximoff
9.15918776770523,6.082673243854828,8.079785017122735,9.589343471096383,8.92334456771394,8.683876861620064,7.581929784555154,7.625055743373698,10.0,8.16538950676243,Tony Stark
7.985087787572069,5.7542973063070955,8.16143281037399,7.551568323756616,10.0,9.035500459901495,5.503246279643102,8.36177696606383,8.527672471697116,7.453697870293124,Shuri
10.0,10.0,8.7987545725946,8.759698506567748,8.536656164144267,5.749480649737972,4.255434609011193,10.0,4.901580259700778,10.0,Steve Rogers
8.765006327395973,9.706292508127692,10.0,7.994194267241346,9.058116344354792,5.731857790307602,5.0041427795303335,9.750182422373594,4.115252671039103,10.0,Steve Rogers
7.5683346306215356,6.542369451712121,6.450359513203775,6.450520163513569,10.0,9.321851744208004,8.82851154370655,6.96269059935083,8.813975433642636,6.677918003757567,Shuri
9.784742079850197,6.743657510210212,6.748738343595601,6.638635361828561,10.0,6.801361787120407,5.838799790843015,7.315785059016989,7.298039952072903,6.0439429305979155,Shuri
10.0,6.951560932933575,10.0,7.8331811164637575,6.839737329371219,6.939963306346231,7.1153856096619315,10.0,9.814108380587939,8.843000430866386,Peter Parker
6.516333661623969,9.736525459570302,10.0,8.581843421316178,9.350897131234332,10.0,2.958358917159907,9.551530655074563,5.404741626782061,10.0,Natasha Romanoff
9.559319875361822,6.604860706859136,5.10809751180028,8.222716783759662,7.644003142004879,6.1908243593947505,6.139935631007203,8.206440004175695,3.6784544677148348,8.95697236119252,Wanda Maximoff
6.069977964352017,5.406056783756938,8.629525079457034,6.2082047349857525,7.044846718169289,7.586347227521602,3.856682548533522,9.715420338693354,6.114011597715206,6.602629058250816,Bucky Barnes
9.328309205039755,7.75618768599446,7.969756389710807,8.296521994147861,5.991191824330644,8.890289132665059,7.485832209662128,7.64801495316833,7.984066298692824,8.948813206902763,Thor
7.577583075101855,8.060628385673626,6.882061102235895,6.8867058835816675,8.551807870916269,7.723546440627984,6.463760314122494,9.173144558844028,4.4801546421721214,7.416588051977639,Bucky Barnes
7.811040788771713,4.532151669517177,7.260714150493966,6.101849125408041,8.69769545587785,7.124755000881016,6.3851692860921165,7.794870036033922,4.03902151018362,6.7612413862260645,Bucky Barnes
9.244226144923498,10.0,8.304250186326108,5.071894240248049,5.890762472496933,3.794076946235822,3.195219982534372,10.0,4.7888385545940775,10.0,Steve Rogers
10.0,8.510148361322656,10.0,8.276929832476858,7.72166592723085,3.931269023864523,4.189487306024404,9.411348236693925,5.036299464381615,9.687659676143051,Steve Rogers
5.384832293413725,7.636782877431891,3.3444322339637007,8.235845185449406,9.876132938634385,9.073099278822875,7.893501313745063,4.719889584891471,8.52245534481187,4.606529521152244,Loki
7.559767145903388,8.072842913669309,7.685923523580158,9.765411261339434,9.347679658068284,10.0,8.972209236356157,7.008760352430588,7.975160007010288,3.1909143058239304,Tony Stark
9.159655774998923,7.684594929260829,8.832397999829537,9.462268064273866,8.028541763534621,8.79052215266363,4.165146062765509,8.719845795940417,5.511080936537927,8.698063531430387,Natasha Romanoff
8.531983759096414,5.113660751800379,7.199656556735632,7.42542820739508,9.660197104539993,9.684055785101378,5.855076674202937,10.0,8.97889651816692,6.345100162452549,Shuri
7.2181191851303,9.516404063081833,9.242355754347406,9.260832373704979,6.951438187257899,7.6393090246795,7.9895404653513875,6.172969509420226,10.0,7.13323333604081,Thor
8.096225834414607,8.639807419350708,9.406450941301875,5.969913538000142,7.577229324628595,7.736482597257608,6.775577949557369,6.516165163714334,10.0,6.688441899637028,Peter Parker
6.195285138251495,8.03851335218649,7.555092444721576,6.5243927213434585,8.863390112379896,9.32121533147617,5.550517109674745,8.636400482665948,5.837603525026241,8.580449668561853,Natasha Romanoff
9.127729909944277,7.105736655155502,9.770134716871295,10.0,9.340694893324649,8.981614315927352,5.714862807721975,10.0,6.464450527117286,9.874948564669388,Natasha Romanoff
10.0,8.934133606706474,10.0,7.322807733746534,7.606403198586976,5.421195845075238,2.945237526844096,8.312665734630354,6.090435849952211,10.0,Steve Rogers
6.992178977130772,9.60855757636465,10.0,7.97353714640129,8.137626868674714,5.3548825014693415,4.7315594141985695,10.0,4.157685389774299,9.673419511198432,Steve Rogers
8.920154531306524,7.731113125753255,9.452109644173575,8.763022460770422,6.924813311523054,5.639419153042,6.375284569055004,9.219860832032413,7.819819801488738,7.519620819627069,Peter Parker
9.563886852890224,9.811167530938567,10.0,9.947695327218247,6.203837759915876,9.217175366789165,7.300954458256258,7.134607899368712,8.190340446152108,8.497480696953602,Thor
3.8558755186190665,7.869305435164869,8.031796527128616,8.871570135307069,10.0,7.689481072969785,5.0814984447895535,8.680494776288949,6.590424364071226,6.112811558750705,Doctor Strange
9.528466859352893,8.340430905947548,9.69294988124871,6.265140868605473,10.0,7.01078199679323,2.506968572812254,7.561092827718666,2.9406451855986666,7.643593569011042,Natasha Romanoff
7.199797506751134,9.641864817308695,6.861221454932203,6.9247876714488985,8.309784107094728,9.650025038381663,7.875651386076516,6.969010153664697,4.090758047333726,7.605944945885019,Doctor Strange
7.1156485002765315,10.0,8.641831217207136,8.273514054008428,5.8268193158634585,4.156689727272095,3.2634114261700047,9.904751326600245,5.403996996073384,10.0,Steve Rogers
8.690824634633067,5.871427196751508,6.884857816143214,7.547786372932743,9.266464824705848,7.326030680006866,4.2606768768139744,4.396525796267056,7.532401697856166,6.159107247254864,Shuri
8.335589688633332,7.284187475072221,6.827923113315931,8.051055501033808,6.127074626784586,5.517041389241391,6.368311243253617,7.861841955509707,4.680554891886124,5.7228735425952495,Wanda Maximoff
8.260690132019846,8.47038996257972,10.0,6.610987589996897,10.0,7.359268586840491,4.56129384803878,6.4851237816577925,4.522311490057002,10.0,Natasha Romanoff
4.724376990460804,7.318898414497774,3.2355102039944734,7.280979865436436,8.942473589634549,7.57811309990189,9.661481239308712,3.8311115045869015,8.068512324779128,4.593301445244246,Loki
8.930510917122144,7.5307497950309585,8.444616727642138,8.09583167558471,6.081461332955289,10.0,7.564392402466379,7.480536797024573,7.043090965664452,9.900132653021089,Thor
8.52944771826465,5.982054969556359,5.504321825456135,7.866757357783297,6.646065787928036,4.0976685318579325,7.037736424387854,7.72656001926266,3.7491578873432836,9.144990854140527,Wanda Maximoff
9.225477024963077,7.455944118989539,5.784706085362132,6.789200769962917,6.061784862862373,6.667723115962822,6.665454586150923,6.898961242976892,3.0688138268711755,10.0,Wanda Maximoff
6.631054900108961,7.965066232751474,7.57062324088613,8.804446706251223,10.0,7.970065826813298,5.339566753740952,10.0,5.802996259509851,7.819677562436388,Natasha Romanoff
7.262614076087538,8.979227811065881,9.205710556731225,9.228403993886904,8.731268187539653,7.561980804808599,5.915091859282515,8.447491571362475,4.974632122093414,10.0,Natasha Romanoff
4.548943001913084,8.88246218337352,4.92514014822539,10.0,7.8906702190723,8.550200892791294,7.447612478650387,5.770878054465925,9.19473968701694,6.7358790977689385,Tony Stark
7.8897979285960105,8.680322790745702,5.796833695804493,6.717704047850441,9.108286103574903,9.00823795279259,6.3449338732500085,7.706954306376949,6.484981980486018,4.537204547164144,Doctor Strange
8.631857643281673,7.615836994734082,10.0,6.5093982775530215,6.173624074809686,5.505446141623581,2.86898158297579,7.032350694575828,1.0,7.155431234925213,Bucky Barnes
7.438305251700907,5.954537069545827,5.549709393751657,7.666698384440043,10.0,7.833017411622861,5.3359347947520765,5.444485155113347,5.247167845635614,4.293793065934903,Doctor Strange
7.557413988288177,9.074245113113026,6.334752858386235,7.970380029285833,6.569612398193652,9.532195560904526,5.247539254826002,8.71808901998802,8.824831089464992,5.645156297578547,Thor
4.680196928563052,5.511323086897131,3.8387223492327363,6.776607038225528,9.781238294535484,7.603239945270075,10.0,4.679609238791272,9.786952996934781,1.0,Loki
10.0,6.903153481820562,7.29148931611616,8.98025873422229,5.659600356851303,4.823335305458852,5.341090238123233,5.820561475469595,5.5591810963987545,10.0,Wanda Maximoff
4.839484271460867,9.998677387228994,2.856031637033353,9.456520477594202,8.084156928941107,8.695096552940065,7.3152628122743,4.321594893863593,8.069962816973446,2.6154190010205225,Loki
6.39151012573606,6.033209514196935,2.9094550281387477,10.0,10.0,8.429176273259513,10.0,3.330488855926131,9.763379253985821,4.847855736730614,Loki
8.009925752568371,10.0,8.472409609535191,8.392355337463497,10.0,8.354709489082268,5.875617173689526,7.733095150330298,8.409770822088944,2.537346727261531,Shuri
4.848477141410731,6.35517140454692,6.407146461483531,8.303034692547367,8.497655152594874,8.979246247587396,6.746926182183445,5.462310347276342,4.7567682598363605,4.194800080797184,Doctor Strange
9.866356715456554,2.925183025007245,6.985924327505832,6.507185493520758,5.623676335942231,6.017663206791558,4.362473798026308,9.37336958956214,7.422466883576889,10.0,Peter Parker
6.189715387810036,7.645079687817798,6.9098127135007426,8.64926697395701,9.533146231005409,9.598054813995198,5.484252035259127,7.571702442945599,6.589118181680735,7.963808160710636,Doctor Strange
10.0,6.385639776563514,8.269908576142173,7.436821111412301,5.815407327120813,4.585998403254667,4.823824508758793,8.23340801929437,5.368768817702597,7.002928259713958,Peter Parker
7.796789987883988,5.178092010824259,9.734470012989089,5.433903060914575,5.991294141950705,9.237262377810758,1.2569249421646633,7.693907718134504,4.237589525617655,9.760028166471983,Bucky Barnes
6.993680026245095,10.0,9.573879275693729,7.133943841049154,5.400932534780917,5.65775252265487,3.1857821374155595,10.0,4.644876243299021,10.0,Steve Rogers
3.246629214212862,5.297098660014136,4.207526313620796,9.405155606192643,10.0,10.0,9.163267996974131,4.954136469378117,6.181923081996288,3.537351966451854,Loki
6.482115066334132,5.795723377342596,6.198916274152918,3.490200221225808,6.582147283172836,6.839586354618733,3.608305812461057,5.025115835808645,5.940494029092409,6.2047116651524945,Bucky Barnes
10.0,9.570498631999525,8.045231635847594,7.776496949316128,8.405994956464047,4.896760672818549,4.506550114133039,9.406885963216162,3.942784006592632,10.0,Steve Rogers
10.0,5.210471100072561,8.440054330937054,6.354379477613964,5.856604768310839,3.425389616686634,5.4469664913356635,10.0,9.454617945782523,9.369187995776317,Peter Parker
4.457359480613608,7.933448024110455,8.083679314864844,5.941684329314647,8.558390914588628,6.9221330552193425,2.6598776446890855,7.592262632349125,8.27449531969121,4.475829003383612,Shuri
6.700431262746919,8.145541642435496,10.0,3.5266629479174365,8.530786696999755,2.7208535705965127,5.054181114906223,8.889269219053796,6.311129643964478,10.0,Steve Rogers
8.758323897449108,7.7899944774388405,10.0,7.445629559867163,8.492892422645394,10.0,2.971174410399576,9.605601554274624,8.068155047057283,9.957271870326874,Natasha Romanoff
9.698463793422198,10.0,9.196520537949095,7.683902881799176,5.9892119126593055,4.239053845443342,5.408678929015373,10.0,4.1170306223552595,9.0830295706237,Steve Rogers
3.8100944800077197,6.681591456859019,4.344466123703182,8.987603390557142,9.592312227436732,7.8440822031248665,10.0,3.308189358186045,8.233185069817473,1.0625939511057823,Loki
8.197232641733871,6.322408238476607,8.331112117079398,7.796546789140033,5.159145222100142,6.261918522936178,2.6536161142114167,7.738783512904188,5.558208011747446,7.640307621063478,Bucky Barnes
7.3046906005020595,7.8109404415670305,7.54074306465769,10.0,9.137994657015273,9.489583546466664,6.252362925251436,4.070468496847398,10.0,5.654124887392858,Tony Stark
7.176266584812991,6.652558084176878,8.140422170283136,6.863134621958866,7.747147491018535,4.182283406991841,6.772532162137743,9.493461886412888,5.2444984493777795,9.770237661515901,Wanda Maximoff
6.290739912450491,9.32939681293619,7.588413172183066,7.525902969516155,10.0,6.999602839123863,5.48339318007663,8.847150053047256,7.440549549332294,6.54122941031444,Shuri
7.766181056828891,8.127450280761192,9.109932292271296,7.70614660159114,7.862614268969244,3.2900721532726713,2.773625790664732,9.09595539257395,4.553368674666481,8.297436461434184,Steve Rogers
5.371234346400543,7.0710289412041,6.103876489166984,7.0451841087808145,10.0,8.462434207745783,6.0226527926087945,8.015975543787171,6.050293527866611,4.866789932731753,Shuri
7.402078264385799,9.448870555117729,7.509078027213041,9.789887083197405,6.224452967216132,8.929877342143108,8.137433615184534,4.920753234570945,10.0,7.8903963469276155,Thor
7.7466269918093165,7.302932183913402,6.802481850720141,7.585017683116014,10.0,8.350189179286652,7.685463735222312,7.982274591734408,7.945524684344213,7.003514361835363,Shuri
9.272313742052908,5.412455522842098,8.353829209803523,7.078402395077985,5.436550519176068,2.195943417372174,6.5721300467409645,7.3580528672453624,9.067672229971723,10.0,Peter Parker
6.973422093180203,5.573752946230895,6.570170816349371,7.653040177006931,10.0,10.0,5.971719445054522,8.192948497960517,7.968899297330085,6.4003353308414495,Shuri
7.092320988145571,6.636696282175819,5.370778851000404,10.0,8.72015279050352,8.176540859211492,4.433611174257102,5.965917020860116,6.172953947535961,5.883177866053687,Doctor Strange
10.0,6.3100932794309355,10.0,7.498567939266103,7.178606500378064,6.212304765409997,9.769938674095869,4.259726788223923,4.267926899384381,8.668495490587429,Wanda Maximoff
7.4034917138189185,9.313167062383126,7.846024630301368,9.764474206276008,6.838765534013751,7.434449575609104,9.364883044702315,6.051268920008625,9.972417775034428,7.512243382291836,Thor
10.0,6.936320970235537,7.758483724052259,9.485781592680564,4.928317809307282,8.337868683384789,7.71884964061751,6.693665535508294,9.06117299088514,8.089080894473206,Thor
7.994776508234177,7.400398779119676,7.51629675336821,8.253452919592076,8.062961459773804,7.080617865446204,6.3473326273958754,7.9950632718579095,8.730305470815225,10.0,Thor
10.0,6.0470885179758,8.485657881557707,5.628834018922678,7.079674799660116,5.19009601852715,5.90293208135931,6.621096663292596,1.1332616962897424,7.550121952778084,Wanda Maximoff
10.0,5.063683282104459,10.0,6.842678821624283,5.149476037326595,4.764602820516867,5.316530207807607,10.0,8.114125278323213,7.722466420440039,Peter Parker
9.178907604738647,6.263717205011143,9.041324934512552,7.048464162945041,8.048762269125907,4.780662416623053,8.24933958501021,7.6262444616841005,5.496962080577379,10.0,Wanda Maximoff
7.980284449229167,7.087266976885065,7.355382328739184,6.960856242321378,6.853002572862115,6.509439825222881,5.798793132557567,7.2408245628053045,2.604840721363503,8.485177604960533,Wanda Maximoff
8.105178195273458,10.0,8.13042468640579,7.145585518814277,5.833468061638332,4.446908821437487,5.306330832213905,10.0,5.710511905718524,7.7859939520101715,Steve Rogers
8.485404859576173,7.673262805973723,10.0,9.18719239930787,8.411976067784323,2.5151552129983172,2.106381990986333,8.942540322753324,3.008780685899821,10.0,Steve Rogers
5.996208408449423,6.691427130789668,9.848301183602144,7.871873705376709,9.672083964986724,7.98295929258774,4.740410044991739,7.149945214781387,4.507496680087499,10.0,Natasha Romanoff
8.819301895587113,8.754462904606278,9.302514267899024,7.510604325824366,8.761960582961223,7.593058553544967,2.816319831028916,8.07656656282035,6.653068576511876,9.084510998472757,Natasha Romanoff
8.39120736457533,7.693674186011622,5.711482849661058,9.92880682348309,10.0,8.780051479856368,6.861781395098189,6.698186199092779,9.723079855336499,6.809355863386843,Tony Stark
9.867486267945846,6.606511785372344,8.470364564561656,9.931317547513004,6.540812641294645,7.9328819409965385,6.536151394046293,9.517520313667575,6.825145466057942,9.856799127202118,Natasha Romanoff
9.179938511999499,6.988456883205764,10.0,6.984128996725597,7.150569523014115,2.85462761682361,5.1047951710341914,10.0,8.075848871296335,9.459176801804603,Peter Parker
7.821217162771363,5.977943536436385,9.811327350698615,9.747462801980049,7.448185046809593,7.1606702993344875,3.8970383485972895,7.432618410077079,6.515528947748585,8.446163597373552,Natasha Romanoff
6.911649522934911,8.417868910622143,7.0639275731902025,9.043080903212859,10.0,10.0,7.800439615722479,5.18385481916911,10.0,6.234966984357631,Tony Stark
6.033604924923553,7.465784335234979,9.800972021385002,8.492575111346294,9.03866358416841,9.122664816262928,4.745507484319717,8.070345392519021,5.400291400382843,10.0,Natasha Romanoff
7.185113639975225,7.141339375172853,8.51684161638188,8.82786069902429,3.590598580354066,6.180553848359888,6.565916885673171,5.896285117357532,9.518029161848297,8.273673558839544,Thor
5.642997460160933,7.66833485429186,6.146439718559057,9.35760480239905,10.0,9.014321551873701,7.365485709363495,7.42724120416217,7.073900209776039,3.7145381573837524,Doctor Strange
8.403345545671211,6.3365844539240435,7.911832228943543,7.539285625178927,4.602395022091606,10.0,8.074032367855693,7.259258106751459,6.485775173648346,7.25374780184869,Thor
8.78674743190423,9.556490817210912,10.0,6.884299158035489,5.514403967977233,7.072166703552944,8.215633985481343,7.016752322772549,8.707397408649818,9.284505451751468,Thor
10.0,9.16867284954797,10.0,6.0198221331619886,9.282761683633499,3.5827862182253396,5.6605985134896635,9.179392366476595,7.51655806849325,10.0,Steve Rogers
8.079267102912594,6.585593817390451,8.578197674489342,5.745568013157617,6.885334476488447,7.507039568659035,4.540148026522535,10.0,6.1020026592245085,5.776551517637953,Bucky Barnes
7.778374392705646,9.817390629734323,7.227988709726877,6.000952767460422,9.27599387443497,9.734286455215752,5.406744313856652,5.619227628898061,3.8960894836921574,9.122183041161774,Natasha Romanoff
6.028926211709127,2.6857944001482537,4.615007717235438,9.32475553116421,9.27953094056195,8.46226249986011,7.65732831595012,3.3480661003357457,7.384289372547803,2.1464484069180982,Loki
7.8802068754464285,5.864890368233343,7.816604212339267,9.76698189501422,4.329487390185024,8.623294834064806,8.111265317098779,6.195305482709617,10.0,5.247179038776805,Thor
6.6651009074098395,3.9422071152064957,4.809793341369459,8.282058657138986,9.42301125106758,9.409604608784928,6.842020955974018,5.8283029284704995,8.643680121339884,1.9185028189591762,Loki
6.626470697973866,9.594694264173858,5.666275398582117,8.905568097081813,9.47057524352406,7.3057312125563065,9.239903263550845,5.24182741672087,6.371947663822384,5.357345856472714,Doctor Strange
7.548756160293404,7.371947872552647,7.850533712647122,6.054188182201311,8.121941657366829,9.130066084175642,4.469478821628528,7.567476645382447,5.543143500356691,10.0,Natasha Romanoff
3.382951096700138,5.629210294689999,6.320074851645879,6.774046377902134,10.0,9.131902417503605,10.0,4.369333551696758,7.460880652595312,3.083455151841106,Loki
9.148960229135211,7.937022493145323,8.122579596709635,6.501227385752052,9.255203769154784,7.307415581339328,4.910324265762825,7.701526522189176,5.444461281644318,9.36725445094939,Natasha Romanoff
9.416340883875653,4.817712768225119,7.124491029669851,9.732566083242018,5.232252738268783,6.621008211488216,3.8568634699147655,5.310966022638113,5.108671601749891,9.044951150412194,Wanda Maximoff
6.267808776324309,4.843240899347021,8.56998294859587,7.055132933259703,7.923078734205559,4.121130062043099,3.9364464050586894,7.782947668534122,5.2073075748798825,9.484179595316665,Natasha Romanoff
9.190375465684149,10.0,10.0,10.0,7.189183667070926,5.244102623112131,1.8619149380334057,9.32068709087072,6.4342221022497625,8.330678937050159,Steve Rogers
9.165712137369566,10.0,10.0,5.4949788577049254,6.9185479773241365,7.0878505259846865,6.142893349980396,10.0,5.421866423523549,8.743617013943279,Steve Rogers
5.575376289020226,5.6405797240196085,6.601459680371829,9.562949780646248,10.0,9.839196218685158,8.471676161866014,4.74723860566198,7.5639591318391775,5.037845063410453,Loki
7.224094147473008,7.180684044960368,5.677491784041746,9.562048375767525,10.0,8.982721220553449,7.7210137929817515,9.270303991522583,8.03940788915194,5.7687937934564095,Shuri
8.540229530825304,8.010122264186073,6.091755333294104,7.373003311111759,5.023772561060537,5.326244095535086,9.760038412382018,7.459629036474642,8.962548689501098,5.262205225915214,Thor
8.88399050360167,9.895145577163122,7.76243300333994,8.013228111014545,10.0,10.0,4.16750814578224,5.828247741914792,8.191290912065739,6.825177731071212,Shuri
6.860658123179621,8.330656550135318,8.15499129784525,10.0,9.15577510830294,7.114885562073455,4.623635847702887,8.112046343627108,6.222095759702751,9.54845310440165,Natasha Romanoff
7.710727184368306,6.044456174949053,9.19227700739375,4.8447445818086035,7.879759561626697,6.660825992571582,4.6798759216318855,7.97971466285905,4.733067375531122,7.485822815024814,Bucky Barnes
7.914000575660288,6.692798019296032,10.0,8.691254039808172,5.555355023499419,6.164095739670247,3.366908332356543,9.034405185893432,3.685102847436043,8.390307298405498,Bucky Barnes
8.601560775073848,8.487774200730174,10.0,5.6391192135557136,8.70687782035974,8.423987336409555,4.967145053072361,6.8260337098798605,4.375791650949403,10.0,Natasha Romanoff
5.346823583385401,7.392257336626192,7.525283386843232,9.872004116736129,8.18679547449301,9.157234422844363,7.109578669484114,4.900612964176322,10.0,6.371888838981944,Tony Stark
8.032418205707009,5.329177837377171,6.883662419561014,6.994288980214783,6.1543036635508805,5.6034241594555505,4.036579276880264,7.582342886082894,2.1024322507676585,6.274099249244211,Bucky Barnes
9.518755023852428,10.0,8.864102623653645,9.124590259433546,4.377671286259799,7.203148188353558,7.73286220756587,6.3317496996660845,8.97990270684144,10.0,Thor
5.175313548863577,9.141012974784045,6.374020263012548,8.300830110071304,8.537974414781424,9.626881941505502,4.75973385155315,6.176808715398407,4.293315419018562,4.8043231567694855,Doctor Strange
5.843978452698994,7.850018980889617,8.656675143990448,9.80980652522535,8.804580713779393,8.759985972714512,2.7977767214093037,7.560302544139272,4.942050165708026,10.0,Natasha Romanoff
9.835522106607511,9.162898214909745,10.0,6.220496862963301,6.341866629354857,3.593838306122307,5.582218656458195,10.0,5.671792317784171,10.0,Steve Rogers
9.286022223971813,6.355513373762459,9.818535566447395,6.785695854099411,7.328351858708935,8.298457673566945,5.285672916764267,8.066682232873937,6.896948015784582,10.0,Natasha Romanoff
5.872361077273686,6.059365658374932,7.325942980176459,9.957995700054823,8.385573967303543,10.0,10.0,7.043156934211322,10.0,7.054921114441695,Tony Stark
8.402293844354807,9.938945517832487,10.0,6.653327239007915,8.548562355841824,5.0488063569557005,4.519273537866862,10.0,6.059814532875155,9.143085483933685,Steve Rogers
10.0,3.869446104509173,9.201849287890477,7.217506236301197,5.711803245096064,5.119065496809326,6.961992958008395,10.0,9.730578606024798,6.277890477380827,Peter Parker
8.588096134460049,6.572086222437941,9.465647496087792,6.656763008666544,7.497097456307144,5.127617941343355,6.621774368445675,8.332372114399883,8.768127475660878,10.0,Peter Parker
8.859247862107328,7.660407020390885,5.559688948404041,9.699453503662072,9.127539121550718,10.0,9.417100598445877,5.548411968745693,10.0,4.764216063206742,Tony Stark
9.740825810594453,8.645459300318969,10.0,9.38640836206056,7.726424041166609,8.548893365857744,6.2439466917068325,7.455049402439401,5.011716687462136,9.663008074020553,Natasha Romanoff
9.706175816933518,10.0,9.02734519767426,9.313015402968782,6.560400775486855,5.9696903755623865,1.0,10.0,6.835954680818228,10.0,Steve Rogers
9.651429253292084,8.293038895602622,4.671894059219007,8.747030317792229,6.82437126371523,10.0,7.847743469933333,5.414467877625678,10.0,6.686228592596138,Tony Stark
6.445154325914011,7.970586720578487,4.499958962217347,4.623545108143106,10.0,8.229377767178077,3.6661085062861782,7.547451276253661,6.5234867613362955,5.959865389351708,Doctor Strange
9.410089455260307,6.354698755440588,8.242924311966778,8.600966645178962,6.261550304192545,6.747322473221921,4.688424269339017,9.63386701785565,9.749994732383477,9.210217780976674,Peter Parker
5.033314377501022,5.305541004466849,3.352692623571831,7.295966153818255,9.407746028240382,7.41944331963842,8.6765880717935,3.550991635434819,7.052754116995822,3.1938078203812186,Loki
6.803771166452357,9.432633298814684,8.148025401795651,8.474849927049785,5.943963894587242,6.373631879335861,7.982807025488462,5.6465746076300505,8.505695257107519,9.15662445496197,Thor
5.680846746465139,7.039183813773917,4.596812005155757,7.62100830827531,10.0,7.908671529612185,7.349347508288126,1.0,7.912323810328556,1.973066950633206,Loki
10.0,8.88565506763727,6.272473062973598,9.246662663682526,8.674602180072142,6.914235511947145,7.926023033862228,8.766905439751222,9.771417402591982,10.0,Thor
9.227986518404844,10.0,8.655725304226477,5.846043594964758,5.547624723000235,5.312872090831049,4.082479127397807,9.419485225961024,3.7324135088934005,8.416754662836446,Steve Rogers
8.992790567271522,8.337636221949273,10.0,6.933801670421215,8.452168487518374,4.1153265256500795,1.9971565908112567,9.957467496646156,6.619940860355332,10.0,Steve Rogers
8.598321837453442,9.748512795631562,10.0,4.797499703745484,6.706653980097174,6.514686133995196,2.167635631208077,9.195315718417188,4.3387018780404505,9.72088784743252,Steve Rogers
10.0,6.606821444943075,8.483356806644533,5.920059585152094,6.857793977128821,6.490149733455194,4.478694179327699,8.536860620767683,2.5328031288218806,9.360212559718283,Bucky Barnes
9.021921127091323,8.717001932356009,9.387327064700775,5.485112850023404,5.401612540278911,5.502186149149683,2.596027522390048,10.0,3.3727215597236277,10.0,Steve Rogers
7.761031693359568,7.4769001418536,6.986112652528861,7.000311844619984,7.792675786145992,8.653539495019315,7.464318810965754,9.27546595471171,9.188739336623513,5.933747110960594,Shuri
5.072608008239714,4.874687527623113,4.3346240006363725,8.326815818850568,9.792237608023662,10.0,8.824122016644614,3.6509571932837273,7.472008613490334,1.7863259711545003,Loki
10.0,8.740004930370539,8.461850211014248,9.006762553732887,7.166879027758416,7.1177487182259975,4.468777388427312,10.0,7.507891520095662,9.17434041981255,Peter Parker
9.980459856795868,5.952505496140417,7.360880956195601,7.210623493457028,7.039430848255539,5.6938553119950726,4.51639190667411,10.0,9.72716757956976,10.0,Peter Parker
9.644245890643582,4.142093780249849,7.137017029769925,4.846676413867623,8.355421258649306,3.048247221359296,8.437452873382693,9.087027636000743,10.0,8.543682071418157,Peter Parker
6.3005698779450645,5.478695374962571,7.555818340418292,8.865618080017757,6.863028499645816,4.165216455435935,6.6935944548137964,5.503002177806358,2.257967789812743,10.0,Wanda Maximoff
7.732593036103708,9.511802949920536,5.963885742931722,6.8762449044833795,10.0,7.781781285730923,4.056423386102298,7.6229373356096595,7.523112402254033,4.493643540257655,Doctor Strange
4.857661809505899,4.821193506573839,4.481634588391149,7.917485177193459,9.213601007318251,9.052498858930115,8.83808701757826,3.807889914353122,7.484258562611501,1.3688143263829529,Loki
6.683898192102711,8.702841089893116,5.3851471647103875,10.0,10.0,10.0,7.529734870270669,5.366118399464698,9.487075033318613,5.682546652440274,Tony Stark
8.578532557682406,8.24949175345024,10.0,7.179615809005852,7.631800956176789,7.3470829072157855,4.260871535397786,5.435888179941217,5.318039200566287,10.0,Natasha Romanoff
5.155897429991089,8.552546172960298,4.684059462689067,8.19102199244822,8.329812723484483,9.007731773723068,6.462532480560267,8.82688789669745,6.306969279506458,3.9790813446865214,Doctor Strange
9.717468731150968,3.939584199120788,8.217567235616285,7.627198091754594,5.302193658881828,4.556067881443661,6.366054699922585,9.022166347470414,8.42690549520106,7.098592150768711,Peter Parker
6.328161896435122,8.649236351555912,6.337169030170588,7.786852370944123,8.99827274494571,8.234019038904956,7.060324781406787,6.4705172020041,4.317446509453173,6.449468351890291,Doctor Strange
9.018607344009494,10.0,9.463159192631874,7.393432881986985,6.7889467684962925,3.022559353202626,4.011940357821058,8.62429333371231,2.8320177969388736,10.0,Steve Rogers
9.195025586037927,7.821699972215548,9.480038187098861,6.494905919997575,8.264811551578687,7.662902148532974,9.229948973589467,7.627404124652026,4.196796137940792,8.406769407981413,Wanda Maximoff
10.0,6.044596482231483,7.0503091848705415,7.239955591196849,10.0,6.756798722444328,3.9849182512893364,9.743043508962103,8.100648605176675,7.012178153291934,Shuri
6.685028277241393,8.190703140128086,8.839364966241446,6.791676948835878,8.703937169362895,10.0,8.369992487108874,5.535106773348388,7.8040977719017715,6.409994354642637,Tony Stark
6.621332926518433,5.66408981959362,8.96164602829402,5.976813926799135,7.476202321473549,6.569873740433834,2.8554702117739748,9.189750420636164,2.5955423971623817,6.99735432369884,Bucky Barnes
6.202059583354069,7.666763979538013,7.455483961518813,9.35056333695908,10.0,7.4863988132084405,5.631013763309871,10.0,7.556436864477537,6.732682668567104,Shuri
5.367804805823209,6.651469689767319,5.442984874555531,8.386063197879706,9.421388530718463,8.591432504251271,7.346328821371024,6.076517304465387,7.323532983098939,4.209300575172383,Loki
7.943580501665322,8.478855219988404,6.431762757814181,6.50741942381233,7.919086741045138,8.804409829644575,6.691523527429918,9.221352369991521,9.29179533700338,6.986183174314686,Shuri
10.0,4.647596939190427,7.307507205006984,7.649655620042387,5.082547484664222,4.709170633681671,5.592403517802216,9.845894602216518,8.315897026472316,10.0,Peter Parker
9.93230641972183,5.52667964432583,10.0,8.059902192603554,4.705897753204859,6.306386773455394,5.2365551169264855,10.0,6.826364074520879,9.463918253387229,Peter Parker
7.934090063929319,8.071762589297697,5.603340497435907,10.0,9.72332704226896,10.0,8.27448115897493,5.676617622892837,10.0,4.874134770359154,Tony Stark
3.9005849833558166,5.963681704718186,2.284809939850026,8.124852817859859,10.0,9.400768408981271,7.8705189618872975,3.5724362698743732,8.671492682477039,2.735703005902377,Loki
7.90606833944525,9.777632937404446,6.42898752407667,10.0,6.490133686494162,10.0,6.670550338206603,6.249543772389393,8.0484963472639,6.678572780596995,Tony Stark
7.988625916006365,7.513540535878409,10.0,9.650100963813486,8.736950323225077,4.6783526434179095,4.011056633371182,10.0,6.402660024793634,9.570580351467877,Steve Rogers
5.590058720617914,7.383248324521652,7.176774341675681,7.0932857814071415,9.296032645985035,10.0,7.433202127039259,6.324759821006887,10.0,5.795058124966254,Tony Stark
10.0,6.217565300052556,10.0,8.372159763808707,6.217988351797883,7.913388361812832,3.372450205012713,10.0,7.129690838193393,10.0,Peter Parker
9.928256199044116,10.0,9.932406029952615,7.696745696492028,6.855408946900687,5.237050623777986,2.6776546693364063,10.0,3.5747690910641516,9.459860299433734,Steve Rogers
5.699320076053082,8.593371360579003,6.8361416866403415,7.711367717690587,10.0,9.243749108989086,7.332624702033057,4.6628094858878875,9.182145904140556,6.534863050868647,Tony Stark
7.348580355809048,6.740133812970569,7.905353346820285,10.0,6.635067183360112,7.551760699503712,7.984600883838361,5.723790852767057,9.870724858031709,5.965021929337228,Tony Stark
8.117634820437615,7.839711569369416,9.931734136054015,6.568716094898828,8.630740634324967,4.212040441566056,3.7023319144309053,10.0,6.401799708605004,8.755280667970021,Peter Parker
10.0,9.391298288117827,8.555002774359723,7.638351619711149,9.25841948951467,8.748338662339972,6.368185344041821,6.324260939981146,6.546803277576559,6.354357184421606,Natasha Romanoff
8.648838391152266,10.0,8.652909428568247,10.0,7.12634855029707,5.742812342789671,10.0,6.282069864403477,10.0,8.033491803899299,Thor
5.062336055001842,9.00915715184349,5.784974711385566,9.47155666603637,10.0,10.0,7.20378837816348,5.71285389748822,6.760944610000596,2.294576101166588,Loki
5.074081879669897,8.373647690730188,7.844973569758654,8.71099741445052,9.011466560227662,9.854666693362043,10.0,8.405620046265717,7.919554508337249,9.117408757159987,Tony Stark
8.818394592419375,5.626571384258033,9.271390894202323,3.6624071736534853,5.446583404707582,6.512307298610324,5.719375173137679,8.659089185537619,4.162343801738046,6.844614792564249,Bucky Barnes
6.248186065344775,9.016294671109527,8.144436903955581,9.237295492940596,7.801345972800021,7.452755627035168,7.09272913158347,6.315295464566408,8.759341788095927,7.88629388151084,Thor
10.0,6.678380965638423,8.166795197293368,6.724755331320075,6.52012972015517,6.290214108558245,6.01969682621527,6.70590382944571,2.8693113398676493,9.736345732312095,Wanda Maximoff
8.969648825202249,6.5005850769493705,6.668250836746734,5.5855089173478465,7.433852279372506,5.931971862147607,6.480615777699768,7.831010782871011,3.749388541139032,7.858526057768464,Wanda Maximoff
9.841239782474236,8.79992020725099,8.841766351802196,10.0,8.908477095020222,10.0,6.980216690019459,4.7952810159570145,10.0,7.715427928583148,Tony Stark
6.300192102795246,4.4985837918310665,7.957200320120062,4.4657521940106575,6.227157394121933,9.172854105626289,3.954909292501133,8.98190212614013,5.364461271135109,6.614454418910236,Bucky Barnes
8.649548977433417,6.607153139358316,8.25798547705063,3.434110601013955,6.691468451946426,5.188158688263556,4.098293357366713,7.679285166400016,3.265006400150148,6.380547149363178,Bucky Barnes
7.786167713838498,6.674173835913584,7.401194077070798,4.4110693486258485,7.152573205569483,6.710478018035187,2.988719023046184,8.152314667531227,4.261375117718723,7.112628903535605,Bucky Barnes
7.622211188634268,7.559339625351679,8.594742602943313,5.92255089133941,9.693865116611347,7.217723034025873,6.576222470359435,5.6273759333316775,9.795783724330242,6.667245705438352,Shuri
8.376960038629344,6.167484127322458,8.270438747658023,6.343225424297085,5.620550586280125,4.224600709347925,6.011015489383572,10.0,7.018009398396277,8.886331996953233,Peter Parker
4.3304159109599185,6.16714600968314,4.911782917415216,9.491751658053227,9.834612421331958,6.94061169518382,6.852747178222623,3.5919842373538913,5.077623123565034,5.2438805821710375,Loki
8.136166088047142,7.677499083674237,7.540347100761898,3.748517520731776,7.451226263104164,8.044619872576176,4.357381812022412,8.840593973711364,4.6567960784003155,6.149499755837912,Bucky Barnes
6.229633639759865,7.971643405842942,6.221824809168059,8.660373341422819,8.557981572982944,8.620014205785424,8.403496830116561,4.562393132309546,10.0,4.523151165088975,Tony Stark
6.348903621564013,8.970163706885737,8.724118926210664,8.77151191705659,9.359016663911934,8.68567638919155,2.4425164932411416,6.9165496883037285,6.71170594425231,7.40646163233004,Natasha Romanoff
8.172869189760561,8.827974334889253,8.634769472912865,7.4512620376693555,10.0,8.52073432421268,5.2985851775938855,9.681928283007961,5.0398146632558545,2.2103324959717647,Doctor Strange
7.96398952089905,6.611190467487757,5.061096862429799,10.0,10.0,8.083680193218484,4.648190801651509,4.909128508314934,6.12139268277693,5.910025443069349,Doctor Strange
7.990390254927703,5.161563616082032,7.745779049775081,5.842121036788965,7.03443840523686,6.891369879380815,6.068944928796817,7.842113310777711,3.8925884069528713,9.019119348096924,Bucky Barnes
5.543258954895955,9.198148416137865,4.983621558917226,8.175719103493847,10.0,8.687885217845658,6.335025047699293,5.318853994295316,5.180266001797563,6.792949821836118,Doctor Strange
7.9112790818657635,5.851285617345286,9.221143726636129,6.661551651184125,7.582064198854193,6.039783631864259,3.4864644141089696,9.159735866609784,3.3210189161961905,7.506134926676173,Bucky Barnes
6.002646545476881,8.534745497808917,7.548738786736118,9.341605760067239,7.7095037255564405,10.0,8.408554337985029,5.084643273247405,10.0,5.863568560548332,Tony Stark
7.736079519563223,7.10065613499804,7.95869696089347,5.159306007117451,10.0,8.085122584629787,6.6925432247516685,10.0,7.360424498557306,4.469161785930616,Shuri
6.382150062967076,8.15297790450602,9.158688022463274,7.991293214971724,5.241041142319986,8.568276279459361,8.599522904558674,3.9572758769893666,10.0,8.660691854435415,Thor
9.795331114289596,8.974492711084405,7.164010999816065,6.318183554338885,6.738916542659237,6.364019901646111,7.121272209528569,7.755384984958863,2.5935168222310723,9.496067111620686,Wanda Maximoff
5.613335653015635,6.558233340554403,8.080046820195896,6.020362522332473,10.0,8.334987277478037,5.750356115606798,9.697193328669588,7.57519496781678,5.662316206820974,Shuri
5.0402970368638975,9.126158333494775,6.766147438279632,8.892561885936301,10.0,7.007983054303924,2.873207763645423,7.422313219756938,7.953447041872227,6.563325026972003,Shuri
8.958691633802044,8.159798214110127,6.324521515397834,5.993263348885272,7.906622013546756,5.200321320689721,5.870747171818646,6.262136323739236,3.8737766041382713,8.878526329916198,Wanda Maximoff
9.100383690115706,10.0,7.270245722179852,6.705959904443709,6.6241494604422355,7.586024507434813,7.836121430055879,7.695222194663765,8.429509462718002,7.663935035820411,Thor
7.09267877158416,10.0,8.756490953569061,8.135326761584155,7.373039045218833,5.474180436475767,2.818887977997175,9.043015108389596,6.159063134182357,10.0,Steve Rogers
3.6270170214536286,8.621180725575961,7.976498494198015,6.795067453912291,10.0,8.99188338978875,3.5516330829070424,5.0488995541081225,6.962436436714266,5.161960051043793,Doctor Strange
8.445787650591091,10.0,9.097049551415768,6.256590820282504,7.012808355021122,5.0003376301102245,4.324514184879018,10.0,5.420310307940463,7.027432546561499,Steve Rogers
8.174937693862722,6.516634817569062,7.7714555848481615,8.091446139040347,10.0,5.956265735574021,4.794036557796632,7.204278916949654,7.004607444586547,5.321441281256275,Shuri
7.619098523759467,7.1698330019301375,9.051300769611153,7.873367040821632,7.600933586619619,7.46953766956543,5.762108178479952,9.283733561777442,6.03000076620685,9.073743488316511,Natasha Romanoff
7.594253880128731,7.1143606414763525,7.30008025704806,10.0,6.3842634581175295,8.218264809376507,7.6721914268288165,10.0,10.0,7.098672356501509,Thor
5.911271566078175,5.982149234503833,1.715113476603483,8.136873906951184,7.893566719263757,9.866702512069576,8.689107088436755,6.313855270633525,9.33914105546576,1.6741343672102191,Loki
10.0,5.354546429528591,8.076177449602302,6.857247043622679,8.598484382902903,10.0,8.98150046564475,7.740162578215255,8.55590668505282,5.411017171866321,Shuri
7.9879918462077155,9.224481676444967,8.61460808207334,10.0,7.916979826675702,10.0,8.014097120773325,5.877408039334366,9.18842135048733,4.143047495961161,Tony Stark
10.0,7.172779758942841,5.678476865465125,8.012982549214154,5.20161900318251,6.043757195190423,6.855292265786781,5.227789396167983,4.4656288623422915,10.0,Wanda Maximoff
7.0473591374038245,5.537722263793576,7.731796645259001,8.452450803685037,6.398586286640974,8.448684068037428,5.2839661982203925,8.453662173696078,3.830401207417149,8.242227308850476,Bucky Barnes
2.6319423151035757,4.998259050951056,2.9322076737818312,8.182151784407063,8.475284415154434,10.0,9.054403089607174,3.8460671383759855,9.990892167228472,2.9799404698958147,Loki
6.960609484467568,6.9572734093260795,8.207146243108069,6.874483964530794,9.096653026297059,5.180771390736585,3.553832296445657,7.752160784111323,3.3420419361619738,7.240032491668061,Bucky Barnes
5.99670623649935,3.6574802813370764,2.2307401145962746,7.357167710920968,10.0,10.0,9.88310969474642,4.445677972869312,5.672153789984407,3.1959477036008734,Loki
6.336209383119626,6.095654888007215,10.0,7.300466101202374,7.730477292624928,6.436932277358182,2.9947407500072742,7.978916462504104,3.9907700108853845,9.38411911649835,Bucky Barnes
6.886411337967546,7.961459357394769,6.732031112868607,8.197526580449985,8.35436157229896,10.0,6.289582128061103,5.763055610575901,8.975307589036445,6.1391880367476395,Tony Stark
9.491769756475653,8.21218339594704,10.0,7.751379930025017,6.314801093945372,4.78434751752002,1.5627485304337103,9.584672304641158,5.009231217662907,10.0,Steve Rogers
10.0,7.102829859861874,7.534183933174348,5.3658005173059395,6.519215479466205,6.884411634995909,7.940902754358898,7.330773758410616,4.683893669118396,10.0,Wanda Maximoff
8.315649887896518,9.153069666545258,7.334258748848198,8.00611837190032,7.7008986094261385,6.096301545006912,9.564325886475782,8.65063088435298,10.0,7.14024060373694,Thor
8.58524882002911,4.453310628118079,10.0,5.108779568892938,7.335714118975069,7.300294733899747,4.106672902518917,7.4571079026207245,4.301657806258264,10.0,Bucky Barnes
3.69474231140033,4.648902812792882,4.940933214372923,6.119074076988998,10.0,9.126641492151657,10.0,3.925695043806388,8.07006118286941,3.6365812411561325,Loki
10.0,10.0,9.225853344221003,7.737888868194124,6.173554089232948,2.69265140671647,4.154136755553073,9.411407650355299,4.449888736766085,10.0,Steve Rogers
9.258684634696177,5.77128314529943,8.309992933982478,8.906398887352836,7.395594642742759,5.018250291934018,4.834093782888714,10.0,7.235493875069481,8.1840658611487,Peter Parker
9.020917394248075,8.396678081555468,9.912842293438885,8.95341509147855,6.271480818059828,8.49367026603681,4.798992675830427,7.375279658579281,5.755703399944703,7.0551891414722485,Natasha Romanoff
7.2196255702060625,9.6124121232728,4.831735628828506,10.0,8.268276872533695,9.536612019408619,6.868990620981973,5.788061605374445,10.0,4.419462048528483,Tony Stark
5.715814636238008,6.052154516588225,5.770342025748745,6.235790682404571,10.0,7.077509445538025,6.463545351464674,3.9263590256283663,6.5819263396924885,2.9515554199439014,Loki
7.545804086779455,6.3742281321553165,8.375429752393805,8.412068810584996,8.892215516112227,8.076171962338586,5.914961003857173,7.571046624083442,7.698972353814893,7.763411167373234,Natasha Romanoff
8.50646892524069,7.359800194548363,8.372280553108254,10.0,6.256430859136285,5.958565080226725,8.254000422625802,9.55494621401576,7.390761483605505,8.037155827286277,Thor
4.280977699834022,5.5380244664619624,4.5789510889091,8.798897216291689,9.711210514531752,10.0,8.901282273728153,3.3697169773454307,8.248019468634205,1.3007669768826746,Loki
8.73527865914117,9.522541689781505,7.767940828220887,9.601161919098823,8.944492439638523,9.990278126173674,5.004130542604717,5.440655634107109,7.0615682141339295,8.445607902531696,Natasha Romanoff
9.652149500278096,5.875575628979671,8.535218477734512,7.211990113717463,9.067776356945695,8.277430304299537,6.237807860196124,10.0,8.476619632035252,5.0239940070198585,Shuri
5.3437724513546385,8.816275107732713,5.002282342807183,8.377749236083877,10.0,7.488832447400433,5.29537222800722,7.436213574422585,6.878015200004393,4.326519975290452,Doctor Strange
8.082373874712273,6.630369886880304,10.0,6.616782221624265,6.449281479833655,6.732027482373663,4.768422747217934,8.563511652223157,5.242425054319494,9.655564681093407,Wanda Maximoff
6.977298661906047,4.422790019000599,10.0,6.52677515255062,6.408446098564338,6.3204301300815775,4.224491542597231,6.4418071234697445,4.475924252682825,7.314193953247914,Bucky Barnes
8.936510402505496,5.244054324626097,8.922555132140465,5.773654385852627,6.313536183006667,5.213938048520888,6.3743679247450515,6.556599685636562,2.358122563338419,8.1224829229253,Wanda Maximoff
5.105292132157574,5.20985588382538,4.338517696101269,8.83937441062531,10.0,7.898523488142353,8.420549200180403,3.430115724781678,6.946945056336619,3.3919244770070858,Loki
9.178945972328004,2.2149717961647326,7.735247536985099,8.321551715640728,6.27174654137971,4.419319547498468,3.08523476620449,7.961452758609298,9.487561473249691,9.771617600826952,Peter Parker
7.566290484920809,5.619314003664261,7.60954483420407,6.5553163549577125,10.0,6.856931804576993,4.918479459921601,7.015398997733729,8.99804142807718,5.716462809542872,Shuri
5.124163246522702,6.71823734027762,6.327735817053576,10.0,8.200620761390656,10.0,7.327104746423025,6.309934451064843,9.823255622320247,7.091320750115929,Tony Stark
5.511285498995632,7.412953294605838,5.239544780333874,8.345625085298371,10.0,10.0,8.427399336610643,6.290385863707449,8.093360296838988,5.284094770461459,Doctor Strange
8.873008159755859,4.7611571424691785,7.853351340350956,8.902072496308689,6.910419930953969,2.901594481651712,6.48016740730558,10.0,7.438880666395836,7.724491554888987,Peter Parker
8.666550174051403,7.828131090704406,7.646014168579545,7.588566863621515,9.773263534817533,7.486913570290513,4.617297662983766,7.128254155391505,8.401855824927297,6.422408688618766,Shuri
9.482574331529129,7.5990774937289,9.323287071122087,5.227112381508042,9.959536473979838,3.4327393546935836,5.696344272983482,8.703267499184745,6.7049974813579984,8.434811105331054,Peter Parker
9.723467936686152,6.419343377742869,9.071239064578124,9.16313354669107,4.358561940683082,5.471404301587775,5.091092107320083,7.055044973161026,7.5493373782134485,10.0,Peter Parker
4.679685422582072,9.622083573256191,7.3055723422934005,9.43915287472263,8.188764645576994,7.686179802247921,6.4248407110389145,7.894146862724185,5.000607893626719,4.276348271820098,Doctor Strange
6.294475095143307,8.543347472530536,10.0,7.76613977531212,10.0,6.95049625140289,5.465441566408564,4.88802560603734,4.812080772704102,8.99234919089768,Natasha Romanoff
9.609854177524458,10.0,10.0,4.584263723824237,5.298728840115663,7.466901796017089,2.690989049903705,10.0,4.141327972917693,10.0,Steve Rogers
7.7439436646954025,6.285826635072116,8.07045871427393,9.200200136155793,9.972929381203251,10.0,5.596908934907109,7.357097969158719,5.323231865572834,6.208093954856617,Doctor Strange
8.938374977097597,8.101156541565203,9.884899271543583,10.0,5.851794808785708,7.752442286594027,4.437094868498294,6.591872253886843,7.308413884111841,8.276536927500779,Thor
8.974772950801448,6.709968073530414,8.04480437086721,9.859967968418369,6.863151470836744,3.5358823187624595,4.769572792232785,10.0,7.488560437851932,7.295295240212539,Peter Parker
9.638384936516893,8.257706059956718,9.217969866998255,8.34465370936774,7.445945362885448,4.619402740316842,4.558076276556484,9.924884690306087,5.015723127939792,10.0,Steve Rogers
5.8757881385559365,7.665240599310912,5.524457915438179,7.064557474450252,8.777947341205723,10.0,4.891839629355784,6.65481492653955,5.9511523678547915,5.8828504187891175,Doctor Strange
8.598413579104594,4.882201577138105,8.190730437353126,7.467136913926773,4.271003943183501,7.40312753395869,4.398410787584355,6.976518778936554,3.441244598854973,9.526308502689105,Bucky Barnes
5.552522374635349,6.919980131081989,1.719231703691011,5.766440436767779,9.904926568373195,8.752907646647623,9.72476230506026,4.0250211277293815,8.727331168067764,1.4430059130483928,Loki
7.804282063204442,8.602709852432948,9.412974365471312,5.811838986599758,6.9425272703674805,6.310636804383884,8.125989071861293,4.905477187665683,1.2379721077029595,9.047685638551027,Wanda Maximoff
5.659542070966971,7.564438059710074,8.400665084031063,10.0,10.0,10.0,7.087748742895663,5.399598037955405,6.873153769294833,3.725491910874886,Doctor Strange
9.733227921666852,10.0,7.860575781020971,9.375675319292636,5.201531090949751,5.524371590387144,4.487449930247185,10.0,4.38177889729799,10.0,Steve Rogers
7.82939971029944,7.9698871847529515,8.564674224694047,6.723328060057325,7.181496458002192,7.136637574656719,6.074065142595081,8.291337867158433,5.913533338191762,7.700289813660638,Natasha Romanoff
7.320823413390327,5.856892630629848,6.1077256284766115,10.0,8.650403961083883,9.359923225851091,9.751102325391209,4.690891067020237,9.002308302806458,6.2642330938103346,Tony Stark
8.24770917457498,8.938266854925637,7.946043934089271,4.789091691733626,6.590623666467264,9.176039490726886,3.278904238776791,8.537872814738495,5.338760676560811,8.97372952490639,Bucky Barnes
5.949081737141469,8.880720521321939,8.9541735594145,9.058720245374372,4.91547046221619,6.7757774947633855,9.282415164475285,5.110971641880119,10.0,7.793501051086954,Thor
7.520460185173694,6.6369409343119035,7.789093412651971,10.0,9.158583720369803,6.170275167109505,6.402389546610246,8.357736448195102,9.316827758714528,3.519820971088755,Tony Stark
10.0,10.0,10.0,7.898866307610421,7.779113832814963,5.4349180964783885,3.708936604855519,10.0,3.866328768630124,10.0,Steve Rogers
10.0,10.0,10.0,8.104249461165534,7.963795270949757,4.483612559004106,4.340690778714334,9.663711894674174,5.548079530970825,10.0,Steve Rogers
6.958711044952233,4.029813409144872,8.62835846662899,7.007685935386223,10.0,8.775240508744986,7.383040522719073,7.294818980871488,6.284430485123685,6.953366094267338,Shuri
5.30890237023539,7.634691195372204,5.355989687835174,9.066017664568578,10.0,9.491295922930354,6.76325276689661,6.883632162292874,4.724613338595221,7.256465599221102,Doctor Strange
8.91632887751451,7.417934276183544,7.5615736995701885,7.199420425401343,7.265559284711926,3.9893225919791035,6.448008384273656,5.458489891433199,3.4911142407645515,8.0060452879185,Wanda Maximoff
7.05881775195845,6.970135569123436,8.097900864673663,8.746465045425001,5.823161132975144,7.781600587367326,8.028009051236358,7.67516370869778,9.186663782627978,7.644560229244302,Thor
8.72550751342655,9.803352708939418,9.799633821471225,8.769892843221585,5.480252126863906,3.9692217859942343,1.0,9.398854167282325,4.505445557342499,9.36252852958218,Steve Rogers
9.318151248738266,6.203758877473492,6.105497447671899,6.559854570764623,8.60364841775858,7.510076875110071,8.18344012750921,7.336541112615154,4.744746504193874,9.123305726847502,Wanda Maximoff
7.820844876438961,7.43988821898912,7.263452132059874,6.182157093930911,7.992473067197841,7.198843238109202,5.354037221554203,9.305266841518025,6.642056194765463,9.93796530035103,Natasha Romanoff
9.443606638407104,7.960519063483586,6.55731383051634,10.0,5.542585341191066,6.618493948978102,5.79735248440932,6.192543585132781,7.181702346837575,7.221473954346469,Thor
9.671340945180486,4.656982938609476,9.93480649363045,6.726542140263266,6.205256819231965,4.59333258116432,6.443884341644809,10.0,7.123781139890528,9.157066842550556,Peter Parker
9.028561372961981,4.908100913320949,8.08411756877291,6.5094888393211,6.651065762466029,6.982692689546462,3.7948309026067557,9.566813018201847,5.631941165848591,7.217292799295316,Bucky Barnes
8.788031609975206,7.258869982088408,8.856311204563143,10.0,3.9629548868946314,6.946897446789092,7.703878051108383,6.4786397160725615,8.584054127087656,6.369709668008446,Thor
5.405392095827597,6.583390982495649,5.850684642497986,10.0,9.178032170088207,10.0,7.465934192079332,6.198174613845893,10.0,5.613316825349702,Tony Stark
8.65624896237682,8.807839446932272,5.814776609823259,5.913807050802384,10.0,6.366026905801336,5.028108821884856,6.731668456681834,8.934355368488513,5.134462801522185,Shuri
9.295622151068939,6.7151501894766294,9.396338065586058,7.457559746873973,5.676322889710636,4.928788598976737,5.774791190088323,10.0,9.236621244291834,9.188094902510768,Peter Parker
6.106189031619525,9.092800328536617,5.122994405058195,7.336437538198748,10.0,7.104513386887039,7.2384648011366135,4.99352533147055,5.692791489280738,3.001458908540826,Doctor Strange
8.505102544486753,10.0,10.0,5.951429863109353,6.14344649102622,4.300374661062733,4.451497355067495,10.0,6.315528765998963,10.0,Steve Rogers
7.018365509205334,10.0,6.343675458968308,10.0,4.729361722616633,7.99873345932923,7.387254858152476,6.5703391605776815,10.0,9.874783496536013,Thor
9.558958646711542,7.801459104414683,6.489650069167674,10.0,5.938682158173294,5.841874467997056,8.890537648116295,8.282108355291832,5.967614493831664,6.96930669733387,Thor
4.523569391173531,5.8709329619238515,4.1756570585669675,10.0,10.0,10.0,8.252274784936004,3.6757509243718856,8.015690903887856,2.0323338226882695,Loki
7.48840628261112,8.681654077458825,7.289575555295647,10.0,9.109834546350909,10.0,8.379796782046954,5.88557497572724,9.33647271483794,8.76769076973989,Tony Stark
5.855967848558345,9.225841617909282,8.213122476079663,8.755387216447742,9.616584742298874,9.86558281966742,8.692912505790488,6.288340377975782,10.0,6.094249428932578,Tony Stark
8.033009137366573,8.349051942416953,8.710980789879454,10.0,9.620150885110982,10.0,7.639643177340852,6.506227898655846,10.0,5.662003822380697,Tony Stark
6.078504630620732,7.3138871501534295,7.853123039495942,6.9114456428961875,8.903344756082198,8.08266059440981,7.677205709761919,9.122477067795169,7.963157045092114,8.559288002182978,Shuri
10.0,7.642036348415417,7.2459930542846696,7.778904270662211,7.723109580232681,7.378802366889123,8.22877596339448,7.599834136693378,7.921467728343373,5.416875647276432,Shuri
9.02109299812326,8.163783895241775,5.747070024136498,9.862840685382137,8.955486579762386,8.294072934748044,7.6802099108239705,5.072259882503204,10.0,6.04326484273157,Tony Stark
8.150469808961304,6.446342470739703,8.379350237455386,9.277161341457457,8.737240148350159,7.223143231602369,4.214784927756225,8.802809277792239,8.188293787674954,6.323895786704648,Natasha Romanoff
7.364647168430502,5.73542480937455,9.014790647796543,6.029806246596906,8.711274681368153,5.389324388584498,3.8098197838748638,6.901295196778664,5.570210314054194,7.298182366992966,Bucky Barnes
5.998958388445734,9.072223313959482,9.324695911946653,8.175331559103135,8.132511061057032,8.099241205829582,5.643061824301324,7.668879932620899,6.555715299050456,8.004924397718606,Natasha Romanoff
9.10473120157745,7.515236643282158,7.624602533548659,10.0,5.557712453040733,7.209304954565878,10.0,6.9404028979826595,10.0,6.252010111637498,Thor
10.0,8.453523415148421,8.016311571666774,7.9097606810926875,7.931734566356411,6.186178489224256,7.240467030921249,7.1227441710035055,3.014879333401372,8.14243445305506,Wanda Maximoff
6.303206938302879,8.202690236929659,6.675278795692425,9.157090068200317,8.727583014984441,6.050449122949061,5.400418144692802,10.0,9.04239450920882,6.692366267170709,Shuri
9.230041565167712,4.622517222207683,8.576009478193052,8.360497583378722,10.0,8.157713096962851,6.34579898977942,9.779265537846008,5.817769081900817,6.909112112294016,Shuri
8.855145331737958,5.693453747401229,8.578063443279925,5.93786153162669,7.804042456094229,5.8847506063825055,4.6279932719383226,10.0,4.228901475444008,8.044647614928941,Bucky Barnes
10.0,7.613164306524502,8.517289784959425,5.737320557268845,7.59829914582476,5.634954473661484,6.300470419441813,10.0,7.859291942070398,9.122688568194851,Peter Parker
8.218611761500057,4.276752929006717,10.0,5.771642532047679,6.3755472604335335,7.630790748266217,5.08218042902943,10.0,9.329764595781883,10.0,Peter Parker
5.806510228586474,9.217367660271751,7.873207931714381,10.0,8.047095677465435,8.925992476780538,7.327921778871222,6.67824307911495,8.805468540748253,6.546890310774837,Tony Stark
10.0,9.543344871422898,8.067178202009533,7.62413334617596,5.83683963912689,7.117570657352923,8.411322711905376,6.381933519916736,4.732699463843548,9.350590923555757,Wanda Maximoff
6.345156350139555,10.0,10.0,6.607571931565185,5.792268284909453,3.1626781048660813,4.279865883835072,10.0,5.253958095926298,8.271547992383967,Steve Rogers
8.220980484182281,8.88207819341342,9.552131010397268,9.894412010348042,10.0,8.331484195396477,7.8463795155145455,9.171058153384472,5.560731881027597,8.30956550646456,Natasha Romanoff
10.0,6.481831680923452,10.0,7.72606428283439,7.687365658202533,4.011560272429386,6.367804446584572,8.118062537437368,9.952672123066037,7.24679397022722,Peter Parker
7.9550266297606305,8.801117698177654,4.659265522225748,9.256174154566969,5.93876688992381,9.857548616893935,9.205849242704522,5.5828853930664994,10.0,7.672106843023756,Thor
6.174093367535062,6.886739628740519,7.101016380046324,8.740222264099529,5.0487076204665176,8.883800906371125,5.993583498176978,5.02535162850697,8.582638985610672,7.780433994825179,Thor
4.0283868853375235,7.019025941055011,7.1727564116916005,9.756275142350267,9.597013412195963,10.0,8.760564670537098,5.732156321806919,7.6920787360994,5.430648438931478,Tony Stark
9.616663532259308,8.642208535112655,10.0,8.835979700761623,8.61904943609876,7.001653580977921,5.298613822597328,7.962186764402657,7.482673793596596,7.839226479556438,Natasha Romanoff
3.87083751030516,4.717124312380303,3.736324091807118,5.850579886417771,10.0,6.618370288043991,9.202088655071538,2.3109353198795586,7.523383240774884,3.755675498915449,Loki
8.574717250555652,8.65277992738547,7.852038453874901,7.58848285077972,8.346538502402726,6.513880683026848,2.9354934697363557,7.470465626759815,5.670147091954675,9.131296345034803,Natasha Romanoff
8.16676635196353,6.808655793462528,7.277071718923068,9.598905272453857,7.771666729292939,7.952424845697489,8.692581045557338,5.194400823558887,9.306904476243794,7.9251175779035465,Thor
10.0,9.41559333505454,8.752670370325417,7.101902962298934,10.0,8.619243268793177,5.1151843600431395,8.572918292051014,5.8591004947192316,9.502327832146628,Natasha Romanoff
8.49795926040601,8.152647199351318,8.147760314505454,7.649204091057434,10.0,8.033446324548569,5.235540375878026,7.439943684890218,7.8677064413222,4.64545614870886,Shuri
6.95462771834213,10.0,7.330714993842395,8.414645102326645,9.198089446580042,8.641351594771574,7.321276575584161,4.148141541220731,5.545924719507687,5.917644899680333,Doctor Strange
7.398089640245048,6.473929606820373,6.800027947477613,6.372562181237477,10.0,6.427758404845098,5.953565404639682,8.11183133653878,7.844207147590956,7.210373279250035,Shuri
10.0,9.233071800888563,10.0,6.976271750398923,6.947119092909252,3.9557746389399537,3.9265216855240412,9.043629841378229,5.212530392818213,9.70468795922039,Steve Rogers
7.873773748571424,5.093526833125336,9.755040593693623,7.344197289128248,8.264327488605971,6.975314377524984,5.403325855702795,6.7237746417230015,6.228582915530989,6.716772403252348,Bucky Barnes
5.499844605916966,6.917925360589917,3.0219105926811354,6.166753793141245,10.0,6.815978328344048,8.595423756257953,3.3635127123602966,8.614685240252086,5.478246294357886,Loki
8.43615094991381,5.112970307382352,8.725637168656261,9.890083189003704,6.648551090742551,3.925430233994973,4.876926425528204,10.0,9.246627185386295,8.393152267057987,Peter Parker
10.0,6.80450132550006,4.1799665700616755,5.000467234578063,10.0,6.020750552594884,7.686530684106705,8.101309486075877,8.892367693747673,5.678991980490518,Shuri
7.245620105631974,5.6790439509353146,9.363557501766984,9.92661308977021,7.713388854624525,9.277129514650142,4.925751773762561,5.793231701987461,4.88159143046484,7.804415833995285,Natasha Romanoff
9.143724039200697,3.3062934743748684,8.272731105901073,7.569437934255973,7.980105683229505,7.845674616803465,7.7586219637323515,10.0,6.885730665531528,10.0,Peter Parker
7.693932102431039,8.055271253625229,5.9885925188237,10.0,8.96497776888032,10.0,10.0,5.345284026823456,10.0,7.335577584055373,Tony Stark
5.720628134222669,8.224094543695395,7.274995854964707,10.0,10.0,10.0,9.829128614024452,4.514046182096436,9.200310584062816,4.841780073243093,Tony Stark
7.758467021750627,6.956953773294834,8.522555440228007,9.526811852176843,10.0,9.455933732978451,4.849615444168139,7.338164631308883,6.309440439307518,5.355514894267766,Shuri
10.0,10.0,10.0,5.509397591521903,6.138318434728323,5.523497285250684,4.49654256622374,10.0,4.1645316458755826,10.0,Steve Rogers
8.565867791092941,8.364826504450257,8.409791929316198,7.622745562530379,9.310269800276112,7.78330064111608,6.389316038041245,8.116812736929692,6.469958259781414,7.246645082630549,Natasha Romanoff
8.442029789238784,9.099705910159194,8.164383147633577,5.945333986485137,6.485409700571413,7.167893633018347,4.805620663425238,7.354993045453151,5.145897384172023,9.709874408910194,Natasha Romanoff
8.778067017291058,5.713025940237318,10.0,5.714310928784483,7.026673185806656,5.778094249594542,3.6617290812588426,10.0,2.874516788912226,8.547140450467628,Bucky Barnes
7.278142448444613,8.513096626973201,7.292652192454791,7.078110025733993,8.271021494177587,9.543631911977524,4.796320342727183,8.318249507292341,3.3417233570289584,4.414325131372259,Doctor Strange
8.780685532360453,10.0,7.436951702717684,9.157851421546962,5.174153820285245,8.17912646080962,5.78237912839462,7.8561931958187605,9.404342604365423,7.928056671917601,Thor
10.0,6.093737039891034,10.0,6.543724491841139,4.990999210375878,3.2316258809883442,7.842509662652929,9.904183850191494,8.198821872567615,8.321845150094578,Peter Parker
9.004795528281704,6.121648810054001,7.913133051612736,8.157471520634795,9.829009537283026,10.0,4.699919918251994,6.91781284776367,4.853563902710714,8.140192568719634,Natasha Romanoff
9.380836873902284,10.0,8.32473951871119,6.9985375137414065,7.636559980516356,4.684052886831969,5.344632031032993,10.0,3.8161714661325603,8.72239094252913,Steve Rogers
9.546897141708893,10.0,9.750150516127116,6.936803705181701,8.630740107097905,5.004631688496843,3.5062534108772816,9.294366042982892,4.307793557704797,8.247380004946544,Steve Rogers
9.91284527757604,5.186997649605589,8.262775222333365,6.286273299596445,10.0,9.346152152900782,6.595320237109281,7.630929921513715,9.74512157651765,6.36137673116206,Shuri
7.186354234075539,7.31995553370507,9.57880088879121,3.8774852828387063,7.730601025587378,6.040991420714587,1.9050851067355534,8.458191594458302,3.9183366211281734,9.754766963788633,Bucky Barnes
6.903712885711754,8.301055638741644,6.3914551605071965,9.690478874037083,10.0,9.344165002826452,8.681772859532506,6.214754594303758,4.518196114883466,4.986452491389631,Doctor Strange
10.0,7.421098078669017,8.517133655107369,8.207170598114129,7.429639261614826,4.9104543356973185,3.9021183964920416,10.0,2.9752018714809205,7.914700118580336,Bucky Barnes
8.163693594782721,9.900192044867826,9.924607183607808,10.0,5.6534651569065515,5.286212419580488,4.770634678084754,9.998034994413505,5.137725722226698,8.693988882116766,Steve Rogers
8.692206284915807,6.171888342452866,9.075946639208063,7.424507585434664,8.743926283536398,10.0,5.345844518416229,8.22359183040326,7.3915234710007125,6.7801913744221745,Shuri
6.303053532122556,10.0,10.0,7.052976535870157,6.57984424671707,2.676890077823775,4.5653176533777415,10.0,2.7728343761236247,10.0,Steve Rogers
9.267220284922473,6.7829870132605405,7.9479906555793605,8.846732661919182,9.38639741768838,10.0,7.693896113132311,8.310698502976159,7.445109997633021,6.295139422608935,Shuri
4.1347532668500495,3.05550580701742,5.287706885606742,9.875628892022366,10.0,10.0,10.0,4.066167592566927,5.404630470635421,3.034851301875017,Loki
7.955033820395727,5.8914556632961315,9.301445050037604,7.135696439906168,5.182350630870881,7.069551722985263,6.491748459695694,5.246233325548168,1.0,10.0,Wanda Maximoff
10.0,5.258921588400408,8.070301282056288,5.869832764662229,8.037125769662694,3.8381562224218513,7.022004257527184,10.0,7.318635194542774,10.0,Peter Parker
6.475309058699303,9.798416562536143,9.962896821443222,10.0,10.0,6.391324616521549,3.3945828198410184,4.421000109288666,7.147952671287195,9.820603359359499,Natasha Romanoff
9.069371749517114,6.621424273237079,9.04486524906732,8.140688654344647,9.19095852294867,8.130745337361413,3.320582515339254,6.509396086301335,4.943000165208505,9.699416948188459,Bucky Barnes
5.014239765625597,5.549642354052378,3.2916453039533873,8.631320432749533,10.0,7.586857504368521,7.390394162780478,5.193137444526268,6.2810834518892555,3.6843585422781056,Loki
4.3752683234454945,5.8720503325128055,5.337592012963074,8.41523120849428,8.520639736413923,8.390654101599175,10.0,2.4990314175961656,7.901694664534537,2.9885994343421554,Loki
8.422049733520874,7.280227274572997,6.710973553229057,6.869293028127523,10.0,9.472775253988257,5.6070914143340795,9.26628994549566,7.95318716176852,7.619668280647578,Shuri
9.806270861643826,10.0,10.0,6.922918350991824,7.386252945107127,7.540421280887922,2.720440297875136,10.0,4.000428222127945,9.316244098943756,Steve Rogers
7.295343561377755,7.492025981578664,7.421776440891144,10.0,5.94885479778326,8.098874775682276,7.449204807017003,7.5785835278186315,10.0,8.809826021858132,Thor
8.651795062205212,4.766079711380198,6.830737301043445,7.670495383574232,10.0,10.0,4.481878137296217,7.78669127822448,4.953917803394196,9.791507999857654,Natasha Romanoff
7.864639438589462,9.765278786008114,10.0,7.141892323141769,10.0,7.403663919282612,5.853270428754751,9.007522160133432,7.552616015184672,8.384195806521628,Natasha Romanoff
5.958421760578442,10.0,7.587281154006208,10.0,6.989767735985573,8.971622471151123,9.547354609898413,6.358613897865756,7.607775331463842,7.297862411229774,Tony Stark
7.813857593012747,8.999296130641882,6.6157719350479915,7.049851553970835,10.0,8.268989359879281,5.533977351691238,7.070724297177343,7.987376322833478,6.822524180454847,Shuri
5.910038211068937,5.403738989369468,10.0,5.173626084769446,7.582013234573899,7.716621628394355,4.305331421802395,6.402959556039448,4.428382182640227,7.473058170314971,Bucky Barnes
7.628686152196412,5.741095169247057,6.770470871122223,7.693556232980692,9.90959132490411,8.484943966602707,5.328977140196787,8.531370661163754,7.9962325775496685,5.117657604762657,Shuri
6.666996823812579,8.046354149222744,6.118547121862536,8.012756065132074,10.0,7.909204628652863,5.79877003365263,6.647267552845613,3.84225697359505,6.0736436372030145,Doctor Strange
5.7020109384370015,7.0255320366658855,5.2459908571260865,7.673076860780322,10.0,9.730050511569157,8.520043717578922,2.581324957746541,6.9921611666223455,2.698705696815018,Loki
5.800163316386586,5.110628873890449,7.878799816790052,7.039685425998842,8.150621845968073,5.711157271202527,3.056869051806439,6.151236140931118,4.16797315440345,7.943854465728238,Bucky Barnes
5.723867379385923,7.302945082156595,4.7754392065035365,10.0,9.264700465428982,9.497664596260405,8.452349410984187,5.196001587393589,7.92303140493688,5.148556099305056,Loki
7.703921236846321,6.711292238604043,5.5531014201473425,5.114924112952734,9.281623806051968,7.856403452610525,6.119284859147316,5.143368079629131,5.8080750227434965,7.4119444007465525,Shuri
8.751013186287212,10.0,8.702048590176293,8.301669716195583,7.382490343909951,7.21112568744485,8.204447514244086,5.383645489980262,7.70839846582906,8.064233338045232,Thor
7.6834474275634825,5.221535204933755,8.8370546354044,7.907165268747775,10.0,9.860522504411477,8.154011060791227,6.885332420188082,6.261262809072853,7.0530865544021415,Shuri
6.063670608196351,9.108231951521867,4.169147983224201,8.041432150216723,10.0,9.370374407807441,7.369529570005046,6.8036264685048184,5.315680908743677,2.951156251047051,Doctor Strange
9.805185421439978,9.08240816482059,10.0,6.7156654654908285,7.626510408892768,5.147629331258075,1.0,10.0,5.8026911903740785,10.0,Steve Rogers
7.617518813325975,9.947602522281535,10.0,8.057656557382007,9.299377503528204,5.485689601599019,3.3252646212337993,10.0,4.1271841289214235,8.708328130013713,Steve Rogers
6.2548782940702115,7.093366461967186,6.500008420913856,8.769285518985958,10.0,8.811145903327068,7.363639125815701,6.677978201851901,5.563974015278402,6.801923758875574,Doctor Strange
10.0,5.781071407594656,8.438170888735918,4.989044465715747,10.0,7.161043622871025,5.393803211963151,8.87082580159895,6.760502123353385,7.690374652396956,Bucky Barnes
9.334425357658192,9.61891517125824,9.34143350501603,6.693123137830624,8.435927937278429,4.084990083867857,3.9214915960700556,10.0,6.950438662343073,9.624614677204608,Steve Rogers
10.0,6.685433698041999,8.347650010333414,7.303170356254652,7.736824373278854,5.403396542662373,8.558726560048353,7.5544527420084195,2.391044532844167,8.865620000962965,Wanda Maximoff
8.554543117224224,6.752144264931148,9.047485410347711,4.630235347642305,5.78263322294828,6.837410095262333,7.690970185776093,5.676822257458262,4.699627437879586,10.0,Wanda Maximoff
6.619626334785186,8.170281405608366,6.106311527745867,8.450816841944068,10.0,10.0,8.013502369758257,7.30336063564077,8.192751524081755,6.3221540993532015,Doctor Strange
6.860710546420685,8.120693432874791,7.865579128725107,9.596454171693482,9.979164336274803,9.441236631677986,6.3146526127443705,7.661750360532919,5.467987820590718,10.0,Natasha Romanoff
8.467897784212624,9.102747049928972,8.268880293026829,9.694243634302893,5.605432863949233,8.144765853652617,7.209537016980222,8.579354180227892,10.0,9.724891000871342,Thor
6.191722671794782,4.899648787489994,9.522558317249459,4.715719156415377,6.321189762815534,7.102276895087615,4.353303423912697,6.690967564776908,4.176178645726472,8.498568441079628,Bucky Barnes
8.517385513423832,7.238052684670455,6.990222018360633,8.557684973912686,5.38472893353049,6.177336797951418,7.1856311468509055,7.332778730793203,10.0,8.692989168967042,Thor
7.636127110115821,6.4886205398352494,10.0,6.092853930327379,6.663190969151644,9.42874814748787,5.6622520528140505,9.481031258122522,3.374141557228133,7.250215269882539,Bucky Barnes
10.0,6.414776933470878,10.0,7.116215678528097,8.346800452816154,5.535899591132684,5.313494210718293,10.0,8.628964846886406,8.95975233574674,Peter Parker
6.815937624713374,7.627530146488255,7.798699649004892,8.439848990430571,7.014269227099648,8.801651735581695,9.458208918879949,6.5862185236110005,10.0,6.295003642528693,Thor
10.0,7.196066285367937,8.219719061550055,7.776646285620652,7.926329107556262,3.39204165314004,6.561410025793341,6.431462554744593,3.7982066768725224,9.963492428927266,Wanda Maximoff
8.620448990346299,6.488093304140269,7.97181539192063,7.302032052730063,5.77659079656687,2.8197498407699744,7.780475204026655,10.0,7.5828114234523545,8.348297847897989,Peter Parker
7.031687949876616,8.439429093625884,7.483591151575952,7.5481833850274676,9.419066587914916,9.515988731316478,7.286502349409757,8.031336370102569,6.402267766834492,5.290828127834749,Doctor Strange
4.819156862585563,10.0,4.471735900940585,8.21183332470436,10.0,8.982936100101922,4.432671505637721,5.7515449653610835,6.6531461479457725,4.025150864254807,Doctor Strange
8.043003401014309,6.492552601760857,6.198885383341017,7.381495000206197,8.593155492769396,10.0,4.30986820209863,6.81091497093488,6.692895452962666,6.248122645532918,Shuri
4.2569270315033565,5.703144696918954,3.2597260451066217,7.898042349461767,10.0,10.0,9.932049004625823,5.359992208714714,10.0,3.3110888459580714,Loki
10.0,8.500613965552803,9.777060706861372,6.949844927745839,7.894422564629999,4.216710550609334,3.144270388965181,10.0,6.257988097024686,10.0,Steve Rogers
6.206720382994335,7.32580481762049,5.95211483483625,8.422635630890023,9.988304174789391,10.0,6.398377637359554,7.639050588037099,8.141943485287605,6.034382916206333,Doctor Strange
9.078738170144137,5.147342162694284,9.662178530074778,9.537954301253876,8.025714497518626,6.403247730943213,5.528237460691576,10.0,8.533103005287858,8.175552632946538,Peter Parker
9.416488723552362,9.87085312026144,10.0,9.953686895925903,7.5585714869109575,8.809282847388085,6.522900691079871,9.748784152320773,5.036601483732559,9.821725656164297,Natasha Romanoff
7.658478958503821,7.414969013700158,9.241891903788979,8.106915702368028,8.485483672360191,7.436670695720811,5.084028234980625,9.203720943733204,6.348300653385232,10.0,Natasha Romanoff
10.0,5.664726766196516,8.25019865625838,7.002182891812911,6.312222810704013,4.878712197055974,6.516541028754904,9.49335882151204,7.7630149217323785,8.76818189365962,Peter Parker
7.431426786925434,5.690694712373741,9.730062730469808,4.696799837966877,8.823049021882,7.730964988909548,1.0,8.106686543035678,5.3009208042197455,8.485882385201002,Bucky Barnes
7.832211168108277,4.855395381032798,9.043487310569287,6.337092275547612,7.0325438282904935,6.407326315867604,3.3866052991170434,8.431463239979216,3.8008913370622945,6.560246243538913,Bucky Barnes
7.225972723319798,6.568526219546262,8.272877424038004,8.122714780820822,7.510238086775217,2.824321544971501,6.336037713119347,10.0,8.454328108080983,9.719411064891636,Peter Parker
8.282706644826591,8.309749447316229,9.106728199629769,8.14357004785777,9.046420019221207,8.264686751978521,5.925851292494191,9.525359405730395,5.054584474132953,8.784623306514773,Natasha Romanoff
9.460121252004189,5.438219269860953,7.263625269321039,9.234628647599934,10.0,6.137577600619675,5.777456121774245,9.541787195915894,6.979031230216654,5.550150322360271,Shuri
9.16397926854898,2.814084503706059,8.107381007092238,5.625747009163569,8.065234933888483,9.800314430914383,3.6940389836471015,8.574930243502148,7.43548536849144,8.005921009867428,Bucky Barnes
5.5616818972046485,8.555263786420724,5.787099098775151,8.781170488164506,8.738640862087877,9.183560573010805,7.940084151759211,6.719220628318983,8.303752033708472,5.204589309161161,Doctor Strange
7.627114246041189,4.905653462429105,7.479650921294409,5.829438211624727,6.3300413931279556,6.412376496693793,4.92453295824513,8.319465175149185,3.380606471104442,7.222023473937762,Bucky Barnes
8.790765695627286,6.03945443972505,10.0,8.260694893631197,8.420723189063375,9.237692923888341,5.441874110557231,9.656159510631273,6.100594516736959,9.173524208007143,Natasha Romanoff
9.04987319865094,4.684759748342066,6.339934413377448,5.063421552714112,9.481757951389405,4.1793746879627784,8.379325374776432,10.0,7.937802472954869,7.124243603973458,Peter Parker
8.75046021915296,8.565121406012489,10.0,5.169334539608014,5.715961754140426,4.061627579369799,5.054923838614445,9.546736311953854,4.440166985279424,10.0,Steve Rogers
7.143914448403707,10.0,9.95005080439969,7.042596778266542,7.6937612991687345,7.027108407769306,4.301468451917082,7.791624507753507,7.3931831136011095,7.791853885808745,Natasha Romanoff
5.62417341970705,7.701954561274622,6.856527563747597,10.0,8.556628371300404,6.950937951784231,8.630555809578086,5.126222683620092,10.0,5.891619123947345,Tony Stark
6.917165359294028,7.957302731804217,5.97473739269867,8.149645945667434,9.503981067442272,9.630472294169898,6.627306469018883,8.023645749868237,6.79950814379434,7.500053814520032,Doctor Strange
6.254888875429792,8.010632033403942,7.993665316144535,10.0,8.17993132919879,10.0,9.97398187872704,6.618195819153566,10.0,7.552449996017264,Tony Stark
4.363222098344511,6.706244139438706,4.38444217038577,7.344261812122477,10.0,8.1111024367514,7.219301945920778,6.850981900728296,5.638243847698287,5.0209567878700865,Doctor Strange
5.475155318948098,6.96153764799333,7.182422867680968,9.978702638328171,9.353835735012487,10.0,5.793474605871438,7.217273839646636,10.0,5.745272673594315,Tony Stark
7.3819752398781,9.117248432419322,7.940479665890848,10.0,8.997601999988682,10.0,8.639392127398988,6.177070871738782,9.503507112603657,5.584446832075288,Tony Stark
6.730944429279806,10.0,6.732753922687555,7.7494016353322746,10.0,10.0,7.912483926484,5.535727829897414,10.0,5.32252074971726,Tony Stark
8.321274814870268,5.521885335666221,6.588533933251454,5.248124087945605,10.0,4.723283884324428,4.301312278776165,7.696379964666781,6.29552486897655,6.611202107217953,Bucky Barnes
10.0,7.818833577218273,9.337817467302637,7.069242934572125,9.078602181025687,7.603948882942827,5.9347154991118165,7.401959922042983,2.0658792130914345,10.0,Wanda Maximoff
9.621149455596058,7.935888120826229,7.776783073918806,7.064779159500457,7.578707499432663,3.9214992410295006,5.205107223260866,9.107828026015497,9.770908569985107,10.0,Peter Parker
6.9230513989027385,7.469805927211322,8.656112955396242,7.607996460481403,5.8631488629911654,9.361421479891701,8.263888429526412,8.5592829210296,10.0,8.009672918027023,Thor
10.0,4.564412532031239,10.0,6.930008760377413,5.831219657360563,6.405437701748369,4.068586368610449,9.30598737874802,7.2854061683935445,10.0,Peter Parker
8.234777061399189,5.45005167070131,9.433085483469588,7.296216625622257,6.8654854868072634,4.201328458832539,5.434665990182072,8.500330818825386,3.9586545437386307,5.524535189705016,Bucky Barnes
10.0,7.2348673511855575,9.068698062090574,10.0,5.824534621955371,4.242410512632348,4.821467852146867,10.0,9.00260734277331,8.319810109101759,Peter Parker
5.594422338623966,7.901947632042843,7.74022130142065,5.535610105281308,10.0,10.0,5.889108711609957,7.809887266427237,6.128943170697279,4.019950912860103,Doctor Strange
3.344558709047274,6.312811219573703,5.345218781359893,8.451308918999606,9.878730428065943,7.189508283581452,8.927038443414533,5.541443657895421,6.457353648075973,2.6940660327459107,Loki
7.549989553362611,7.074343235937129,7.717846008725456,7.551121133290498,6.604389620262619,7.517652359055943,7.160263875028155,7.623323012026252,7.570355277532139,8.963127767319744,Thor
6.067646668169022,6.467273198454808,4.215620123790415,7.370383407176954,10.0,10.0,8.92110538583778,3.8538424477766773,9.989257264652796,2.9744727752297213,Loki
7.71768279270856,5.213480940444807,7.763306181109845,7.147548542071342,6.015414746970335,4.400511268689367,5.4347432586779245,9.939793522137034,7.339347179493949,7.672767387578585,Peter Parker
7.627974953964037,8.851377815625305,8.187043528285171,10.0,8.067663370409509,8.268093840371286,4.713648984942564,7.436508357016842,8.715433565579517,8.45118207323442,Natasha Romanoff
7.471875559403352,7.211936642418648,8.459187294246174,6.443712440629219,6.843244448456837,7.0555584110738705,4.116296013263716,7.442866553960652,2.4629731089006652,8.95766468196713,Bucky Barnes
9.121991576064767,10.0,9.471646268934592,6.167480232549504,6.3114788533327575,7.073621459514141,1.0,8.746577484814267,8.41411088644944,10.0,Steve Rogers
10.0,8.517987791502446,10.0,7.45506279687222,8.6989161689412,5.673629926393583,5.424912431715997,8.569242778688924,7.2882929953836495,8.949907656816103,Peter Parker
9.32650083418844,5.904898379437501,10.0,6.375190003090182,5.663848516363385,6.438230971241283,6.4991205911694845,10.0,8.9491646640843,10.0,Peter Parker
7.031410889020042,7.725080255917081,7.426885856921004,9.983826539870515,7.183000900085462,8.422013376428543,8.036779469481216,7.285976149681886,7.232265786196246,6.432158224751975,Tony Stark
8.713954779369438,5.57017883675142,7.466216669473533,7.8832966074313,6.557030790782236,5.5494776783217405,5.100766139927942,7.114000602222844,2.610085073140588,10.0,Wanda Maximoff
5.115063363543932,5.489595422815786,4.810844373660206,6.9266677239374745,10.0,6.438004215899517,7.494940282601415,4.655288420740105,5.840311471682648,4.594806486265442,Doctor Strange
8.647731103480627,10.0,8.037188430823578,8.669994384665255,4.540310103001976,9.35292881804406,7.037339896699141,6.881489300762515,7.456872150259236,9.94611825012179,Thor
8.002907759635477,7.283489421418678,6.805186903265174,5.086365594225725,9.812704267566524,6.082875988423222,8.2171971743709,7.678312250664899,5.421619933517194,5.741861310537497,Shuri
9.051153313319745,6.84108911460114,8.853519297875748,6.436211483067755,6.710362229433101,6.774266173693379,6.033027041139151,6.28244664573835,4.241658299701202,10.0,Wanda Maximoff
6.65787000522779,8.98792572723088,5.083918902059116,9.35373221880705,9.855047391396727,9.23239403081954,5.988991613412535,6.83569417907092,10.0,5.943755990446242,Tony Stark
8.182095241470003,8.489253371476966,8.084192866452224,8.857945316590289,9.159104443023622,7.151305049061069,5.584289593911019,6.8212091810753295,6.348181114935899,6.585796532576232,Shuri
4.532984447483158,6.464490520181629,6.181681273503084,8.709861442639516,10.0,7.488619282972577,8.841471880433806,5.52593305291108,6.890333062000096,4.206528286216378,Loki
7.087391695286466,5.456546154593699,9.259939398291845,6.491344232217881,9.562196033904181,7.601141745271723,5.899362499571718,8.543449711909101,7.418510245427003,7.42419191172688,Shuri
6.925896692467584,7.088391329532923,6.481908667705177,10.0,9.003741613999944,10.0,8.837599052752736,5.531448171377988,10.0,6.473553254322993,Tony Stark
9.33810673263775,8.863752881857852,10.0,6.832465973988293,6.239700338328391,4.029406989814545,7.339704224695856,9.670653437276206,3.178768224023415,9.127223175334285,Steve Rogers
6.728893176336548,6.0991848550646495,5.016621692400259,9.2660114427545,10.0,7.98188564017324,9.244135106306956,5.508841109500601,8.662363186999892,3.9353066785358197,Loki
6.943221759283206,6.910131456693763,7.643464140733818,7.773234517356835,10.0,7.86470141744726,5.504598600116495,10.0,4.519739528816846,6.078448778055184,Shuri
8.262103292886184,9.542303076081792,9.295097438218487,8.242950310427084,6.033292725595291,6.396819212870016,7.743822167047957,6.217262038592845,8.496392553530455,7.06263121077458,Thor
10.0,6.517361237017873,9.02862307559308,8.43495944273528,9.80342590448721,6.143838442710111,6.257757658510113,10.0,8.320054699247823,9.023148019091659,Peter Parker
4.914956750138629,9.02965115880474,6.2462771092912455,9.509717483849647,6.678986997574793,9.151275857060023,7.9905408792110615,7.162972322028615,9.035962292206701,8.07172015029062,Tony Stark
9.922502738288701,5.0477357718004345,8.274700850590715,6.2366523280682085,6.092673935180306,6.304888745520602,6.962646740016316,8.834545914511313,6.5070077593217865,8.80340419608673,Peter Parker
5.283823270401105,6.267456309112358,8.115413636129507,5.9195586587868485,8.749926175443916,7.8421647626183395,5.978351211529269,7.331628838034472,10.0,6.3581134422536145,Shuri
7.070514458961964,8.306713761244165,4.779502129572132,9.182546082953847,9.26912828742689,8.719338858858741,9.13507855439748,4.496629267623712,9.64204233016853,5.267435450030551,Tony Stark
7.035362498751873,9.48542775601015,7.494121506771394,9.229454873354776,9.810672168401227,7.523886085400817,5.665759104742317,7.802626227879282,4.62374207686331,7.636957931661367,Natasha Romanoff
7.2429154091147145,7.49273782030518,4.213466256923627,6.857515051434288,10.0,8.59654067825137,4.032403535709596,7.512292611374162,7.686549373928145,5.4636561295945665,Shuri
7.463077522628511,7.16044216613516,10.0,9.10168851547423,7.790950669736308,9.455678706304418,4.818661976348416,7.236822265015966,5.632984516503062,8.020878436856378,Natasha Romanoff
4.927080543022194,7.990119355783454,7.34230299788557,9.624044268941581,6.684797680748498,9.592877362407839,7.59086821218122,5.814909494315307,9.295660718218663,5.446234808448166,Tony Stark
6.745556902666073,6.486058841581039,6.165838818383705,6.64669607559295,10.0,8.771809401494894,5.900296739777024,9.555665225830586,8.235589089272251,3.952437044968013,Shuri
9.498727375877932,10.0,9.108691147885859,8.3148185756594,5.10538509810816,3.4404652510702594,4.887077332047346,10.0,5.6167899852296195,9.949572016832484,Steve Rogers
5.803218562424317,8.19956146451775,2.088461525069133,8.579854124627992,10.0,9.659508143611571,10.0,6.5450227652139406,7.708145402659172,3.8414670901954473,Loki
7.28153847677139,8.432239901572748,10.0,8.40665449037764,8.628136189751014,8.897719528368423,4.7835422470844495,8.651688811993267,5.7441487520277255,10.0,Natasha Romanoff
9.201284595774883,7.84356801411105,8.14739083708254,5.229523441849736,5.509682977329811,8.422840279784015,8.581612344247924,8.202944639167955,8.737177810283214,7.7929302342198135,Thor
10.0,6.740916639659022,7.19721171723018,6.309499727808812,8.538390752594138,8.578890942830718,6.3120280037317205,5.987223392018695,8.570002481487078,6.35392481632,Shuri
7.824645265324252,6.638427349827123,9.77363256086913,9.490623671252017,5.115595879995068,7.856931237102115,8.63706345400785,6.686601359097156,8.33191172285925,7.1821578925195855,Thor
9.031578538872989,10.0,9.982082494360112,8.217495422199358,6.422581013416212,3.339505993171113,6.471219210141475,9.244207829321942,4.289447395352816,9.91774584865977,Steve Rogers
7.062948615017766,6.953580509332351,6.026589210125153,6.5475721471248045,10.0,8.854431276605501,6.760153623952596,9.222577010861905,5.513880723863321,2.5003385658178843,Doctor Strange
6.318255920802887,7.285348611028598,9.471827191169165,9.113657510598095,5.075181862190106,9.545179965911167,7.268483122424766,8.774944474353083,10.0,8.070014532968337,Thor
10.0,7.980507291217579,10.0,9.906004949494893,8.52167660175899,4.163191529340617,7.059140052257286,10.0,10.0,7.791051854154638,Peter Parker
8.792777230994483,9.21169645639107,7.728081031106523,9.31567337788327,10.0,6.29025545745229,5.211249524724656,9.27295433144689,9.24836204663083,5.611748187860281,Shuri
8.681873683241731,7.056811732135133,9.740714704128987,6.31928658513136,7.979699709247249,5.44052422376255,3.249129215288329,10.0,5.904078824779712,9.039317762760737,Steve Rogers
10.0,7.324695483671823,7.708049659987128,8.092075637124264,8.133095125220843,5.3447853770953575,7.473727823212586,6.632108282079216,1.4892564972494942,9.55013311514165,Wanda Maximoff
8.407390255542165,7.176673531142503,8.473236441669952,5.128309732247063,9.000936284537229,8.517934999349166,6.329920821560601,6.3557115838943625,9.495662334974131,7.929027653106351,Shuri
8.267891857401885,7.813458643525014,8.68648811779129,9.250499375600366,6.258362590620029,6.192115806837358,8.61573943955609,6.586416997744448,8.791752115437978,9.310330470488513,Thor
6.993057451851762,5.648147831657008,8.318989427763174,7.89864122904423,7.502309687887525,8.576391252884163,7.619015704328603,8.058506677412426,5.87748773287653,7.125680418009004,Bucky Barnes
8.503334308976168,6.852102400235117,9.004375530450346,5.07146673844429,5.494721667491943,7.231758606726216,2.1496047402730363,7.410571638178105,1.0,9.041273162026558,Bucky Barnes
8.37903725070186,5.207560884794634,8.979666352654712,7.603019969707789,7.089430932698331,8.887026394278552,3.914816411209991,9.258695601695637,3.3157159598910666,8.134613312981962,Bucky Barnes
4.934193540806666,7.1696633405055294,5.432822397155244,7.866465955094251,10.0,10.0,7.213755629667619,7.213222838341061,4.557985345072854,4.0374291129604645,Doctor Strange
8.926327015160958,6.036529657931351,8.48247711760931,6.125068331145061,6.324674068304531,5.873321587706199,5.138672147218301,4.429433412529196,5.1478404582979085,8.074596138610191,Wanda Maximoff
7.34224295150733,9.05748022469599,9.352746663249132,8.348330209747495,5.071349040113705,8.926708163663632,8.718614897392413,5.236737374111342,7.589455454619099,4.829462493814994,Thor
6.608929094782405,9.186584069659329,6.066956602821123,7.566879232842934,10.0,9.750457797014988,7.1121012765234415,4.859509050136902,5.770585599144303,3.66828964071997,Doctor Strange
9.048881056884012,6.30825392747817,6.975621133589318,7.862812668219853,5.674793910258743,5.057871574096674,5.5771209782000355,10.0,8.21436146678691,10.0,Peter Parker
6.423717149273952,7.458459179221223,7.409683087439937,10.0,7.865478117374249,10.0,5.460475539171217,6.264642230213246,10.0,5.649914216398906,Tony Stark
7.76004282192189,9.957235686548731,7.4774067137735685,9.223264801118479,6.758241446949285,6.907551437346397,7.908928680716318,6.666768894221079,8.357733145742534,7.450346248145951,Thor
4.624845016504696,4.2808980667891525,4.078166766042213,7.631312256159117,9.423720060422356,6.3038813914906875,9.853459390384867,2.458686199863587,8.079087818551551,1.989664445709134,Loki
9.55472049078476,6.374850695999407,6.892144800997406,6.90292182556891,9.950209274880182,6.357947894927267,6.1896562920987,8.742955790001252,5.444435610754881,4.374017802984615,Shuri
7.29612490314962,8.596399422349338,7.597471714202332,8.189477343789493,6.064443204156199,6.566296589666963,8.536004022292389,8.414233452447888,8.900994948764986,7.74668875837474,Thor
7.068375068089053,9.620997979111879,10.0,7.688041888668481,5.363631184515018,5.763427694745243,1.328124254899265,9.721472280303486,6.422445961750061,10.0,Steve Rogers
8.880633398236533,7.173663630241075,7.6263567907780825,10.0,9.48096068025624,10.0,8.013502606070018,5.929448628891116,9.279126888840622,5.43814571278787,Tony Stark
8.181122879703423,6.048734096773362,7.985181522145959,6.682381503265329,9.045564721124212,7.36457360682307,7.003631116052874,6.035703482782489,4.548325353859109,9.305785981099815,Natasha Romanoff
6.546104320062752,9.982859081893476,4.785178911479527,8.23705690207903,10.0,8.629074089793187,7.700491151945822,6.462889573226606,5.854631621001507,3.758557254466786,Doctor Strange
8.006926053489748,6.643037206355621,7.677099553411103,8.842405579537614,5.177892364009414,8.08058615762834,8.785186597197267,6.704666943711247,8.433506582539081,7.79279385418266,Thor
9.727614352104725,5.455805045348996,9.26084815545679,6.367855997551061,6.8181063381534806,4.011856616842141,6.135014755667897,10.0,7.735106425111356,6.489526953888355,Peter Parker
5.550059895925137,7.879737672634029,9.820861063645328,8.01872449341641,5.7339514869679125,8.414673731319425,8.230635692153475,8.957213094318018,9.56059226259154,9.659716119392774,Thor
7.48679808444762,6.508227168973271,7.981833878527567,6.469056011952199,8.485796273696193,9.57508768076632,5.755658172202829,8.202181791208254,4.322081374880962,7.499689341068571,Bucky Barnes
7.89479041175769,6.5977645770861555,6.9869951688672955,8.126355382772733,8.226483692880022,6.194355160628733,4.039434037650873,7.303314750210287,4.374043779865016,8.076688579360452,Bucky Barnes
7.669771102005281,7.795472274654295,6.646917681648781,6.432787645821676,8.486212962311159,10.0,6.689006514466764,6.821928905077601,8.384806501205594,7.37164458979009,Doctor Strange
9.551327406261004,7.197669421383147,10.0,7.863685302667863,8.516797866416688,8.056385001516746,4.516710332044975,9.407765482934602,7.107262674469234,10.0,Natasha Romanoff
9.768041200750973,7.531173357245741,6.3524632051528,8.269132853281022,5.446643820722,5.043847617740716,7.286856144417766,8.958778760008224,2.7451545598406373,9.18460556677444,Wanda Maximoff
6.290016372099276,2.1463502961789143,3.7562469806370284,9.377707049899424,10.0,7.475345827375153,8.632847450165158,1.0,8.516241050215942,1.0,Loki
8.039196493798167,9.691392680215897,8.319704503729085,7.5076715683818,7.7373128078940905,8.086495045866023,3.222705011744494,9.665256782906022,4.2803018444522305,10.0,Steve Rogers
9.657661337545855,5.691138017599621,7.608217709145507,7.498100667601598,8.138876950453588,8.305347852844886,7.040255550335705,7.042697429425986,5.740793088664395,6.64379837067928,Thor
10.0,4.6458075523717,9.510317285683739,5.548043583452886,9.247124797243504,5.689467453595911,8.84983946968697,8.72121996063436,9.93647405588497,6.746609478708967,Peter Parker
6.989323097576666,7.4333459196077625,7.327374019152671,8.520235848341965,10.0,8.331279467712854,2.300769872795442,8.356995046665999,5.756701509751206,7.623734331557371,Natasha Romanoff
7.94001555868001,5.477202582643348,10.0,4.495790330043274,6.098203759754112,7.885320922304244,2.7319500791710833,6.639741354308989,5.4143983080366676,8.756489656176113,Bucky Barnes
8.238641761833135,6.60670772193193,10.0,7.856902408091028,5.336128726201022,3.3980243638557432,5.060468279191999,10.0,8.282428367611315,7.410379307125384,Peter Parker
4.7817304981100675,6.995705465184467,6.774387801702119,7.930197735637487,10.0,5.739722681416245,4.649928448055324,6.9915129099537605,8.923681419919236,6.4683077900190105,Shuri
6.40382597834679,5.9840469893640025,9.170093283154241,6.520657130938421,8.592553327136462,9.298948853672217,4.046770219493842,9.402482245788002,4.810245103882732,7.973586527485919,Bucky Barnes
8.628569078462322,9.402153577489756,10.0,6.516908909103864,7.3364822360345725,3.6735097633307237,2.897965396904624,10.0,6.1083625942576205,8.76792978879165,Steve Rogers
5.5831932962323005,8.515942095675316,5.8014446890057965,5.836759845777176,10.0,7.8215579830975415,6.104853576445394,5.684472767281157,4.328747935640683,4.743825200388585,Doctor Strange
10.0,7.458518308095712,8.761677298538505,7.552692038511209,8.654038623612966,8.097193578769952,6.150995596991593,8.504984654091757,7.346369454208026,10.0,Natasha Romanoff
7.1126960345844665,6.7671998618542535,6.930393684187507,10.0,10.0,10.0,7.58848825205124,5.732558570173985,10.0,5.268514438841236,Tony Stark
8.739210271782285,8.002762201707466,9.460750266198742,6.52934518081863,7.4980997776750264,2.558244342838282,6.35262214557803,10.0,7.8486050661382745,6.78501309218929,Peter Parker
5.985597980610505,10.0,6.24976359364645,8.630555152823783,9.21900864518919,9.279070523616683,5.656495699740083,7.037070050885446,6.81118196358193,4.374707699691334,Doctor Strange
8.051498100597062,7.283198332832973,8.976710886865463,5.7969839386388315,5.007177703242585,5.248627321297284,7.949329001386085,6.572495685339646,3.7111175857987186,10.0,Wanda Maximoff
10.0,9.766552331494559,10.0,7.439913463523322,7.589063072307367,3.3303493633692884,5.171903652187197,9.58133495340799,6.078865567013636,8.982287522517359,Steve Rogers
4.577615189889696,3.661099671469496,3.921138809145488,6.438973335267396,10.0,8.276472848016468,9.8518824822739,5.361203784231234,6.806339434303698,3.0950588969433848,Loki
7.509079867169335,8.48382341174468,5.557906354500299,10.0,10.0,10.0,7.880892766232582,5.415029608344635,9.21331939458187,6.584774728637071,Tony Stark
7.822776067249504,8.212556910700794,9.11487196938387,7.162230472378152,6.920070167172968,7.974380547283962,6.6767034150578795,4.394242809182417,8.829407860152058,9.809641229092588,Thor
9.299047650334627,6.4609526032688445,8.046348432027994,6.724093430279564,8.429868963215792,5.448734605820714,7.793806206789855,6.118490893364633,5.017798000474875,10.0,Wanda Maximoff
8.777881225066663,5.156216310701276,5.823096303664549,9.915383293382355,7.07884402301036,6.254611276252959,6.961584008611408,5.965282475648886,3.616172362795916,9.113985867460439,Wanda Maximoff
10.0,6.45725091636712,9.069581754386833,8.4060225328823,6.588313675954232,4.22767985942261,7.715680355121558,10.0,7.1332028673527965,8.857820953615231,Peter Parker
4.640868272074862,8.379334510781945,2.811263601417344,9.350523085111227,8.556649170618837,9.818476357214267,9.885190697654966,3.3620435561786928,6.478153933922368,1.0,Loki
7.63798827700984,7.123596368540576,8.686790063204079,7.108496298407819,10.0,8.469362785603582,7.56635900068583,7.522631984779838,6.246123757027911,4.006815904844409,Shuri
8.478149170284045,7.057723954050059,6.022230295592654,6.905189693993652,7.812014962674225,6.172567975326461,8.189570707156083,6.528377390174031,3.4258866095921823,7.603351245029793,Wanda Maximoff
5.189840925731191,7.915024680019494,7.327544765092976,8.875381516890307,9.237304241046804,8.181471893427764,9.670232625015213,7.559937481324289,9.684353332121294,6.454317922298841,Tony Stark
5.4975469994863335,5.812256719345592,10.0,5.2740288810003495,7.233113180403956,5.474129598254089,5.328329137867694,8.814887040755476,4.024660398897763,8.21091223486446,Bucky Barnes
7.861932485865357,8.918138639135773,7.355316769219786,7.959822622532579,6.9089615621003535,7.4145970333573015,8.677568313185871,5.610605431281762,7.309583725954502,8.944086446962997,Thor
5.929364759817499,8.145773127879833,5.6107209447952675,5.524304911116983,10.0,10.0,6.600536587540836,7.676651201695575,5.771759143052505,6.447236373538303,Doctor Strange
10.0,9.134807410383916,9.146155490988736,8.813570849678948,7.9637269864914355,4.511536322333349,3.8659860388097043,9.871607566656376,5.039467652851728,10.0,Steve Rogers
7.424769034539503,6.147186501331342,7.447613808009581,8.478016331376056,8.771222576216335,10.0,5.171554629139429,8.450854340927021,8.003357878136567,6.057695641937097,Shuri
7.558326894098629,9.426850960129022,8.503376008170182,9.466743771176125,10.0,10.0,10.0,5.06249782968936,9.365749279499468,5.617351189425058,Tony Stark
7.094275512243156,4.571628693732036,8.189810443382195,4.160440065461691,7.260008140092725,8.479449903844777,5.776932572407436,6.638323227904717,4.983505325475325,8.10562609734398,Bucky Barnes
7.9491195613289465,7.871096592940745,8.75007482751467,8.813832653421589,9.174587602845527,7.089471503028762,4.02893486362456,8.382379976602085,6.535814019604094,8.60858419460402,Natasha Romanoff
7.1594183182867654,10.0,7.293173026201812,7.424535745168148,7.065027577088918,7.463629468090318,6.795652558385296,6.872815100829374,5.475187676355319,1.8805581229358164,Doctor Strange
8.845772657297696,4.420514297498842,9.334898905437687,4.9526331665486065,5.7730645019443045,6.2437114927005855,6.580263243524224,9.517037550325773,8.022883341164224,8.446911837249996,Peter Parker
9.083567189920183,4.256538674612498,9.994645281732318,5.224507679307639,4.590071152551795,6.135334612487457,6.19840281320311,10.0,7.446965531525472,7.269492335488726,Peter Parker
5.225434683444209,5.345819477155502,5.267611405887205,8.428989752193296,10.0,9.198832103783351,9.655460204513554,4.573214610226202,6.839906714830272,3.46632886921891,Loki
9.119247983109082,7.220097592518491,5.857679906456525,6.152189768947592,9.641440944074542,7.450420714996882,4.4255423231839295,7.915502815437122,6.332832206834211,7.18630605735295,Shuri
5.500379258123361,5.061502158384939,2.2868724186820204,7.237047960619711,10.0,9.791276185358695,9.343168546388812,2.7795332622685005,9.139063501229806,1.3028834071077606,Loki
7.777134972513594,8.900059263121644,6.452842739628402,9.889118355992062,6.729183832705753,9.58665664754729,9.112555628762676,8.624972941096964,8.861972624364487,6.921662101616175,Thor
6.401109578826414,5.491029149466759,6.155751383116623,5.344801665601455,10.0,10.0,7.887119605140879,3.8009988304662055,7.496205357044945,2.1452904473096464,Loki
8.279518633049634,9.201446517147314,7.542619693578182,9.060983881293287,7.47653345551874,5.151638745693304,8.736688127047927,6.582643967508059,7.859602344307973,8.420680280344975,Thor
9.038918566181222,8.939343780809198,8.68926044396551,6.0599546829346345,7.277665303186815,4.966305204455991,4.2691797416109365,10.0,4.215848842603902,10.0,Steve Rogers
7.392596529837249,7.692798124983873,8.190067066424863,7.185278386726192,7.966618691353881,9.021979582548193,5.099554984517319,4.7954519445389945,8.856054855192593,5.7486191818514625,Tony Stark
3.9074064148059766,9.00574757757644,6.020154632907915,8.447051766885764,10.0,8.041287850824792,7.573632111644774,6.822758053641033,7.890684033208669,3.8825844558985314,Doctor Strange
7.31036337892287,6.589155477161904,9.607439608319286,6.258095039897213,5.938120534911426,8.38581014993006,6.421238320860347,8.03653165236911,6.26325617893016,9.08281999555252,Bucky Barnes
8.034072041033673,9.092118453207327,10.0,6.848401834544251,10.0,8.756640036124224,8.474629464404257,6.771282077503068,10.0,5.60366014154031,Shuri
8.303588589028173,4.683676308184356,8.645783072630396,4.184227575944981,6.014098477758212,6.4795791381767165,5.400874142920889,8.58005750960395,4.798155044927617,7.967781685795025,Bucky Barnes
6.987737314876868,5.2568820961750715,6.291581929780011,7.3192724643553575,7.752695695907236,7.4463593628340945,6.76348794120859,7.871400761637414,8.09400691131934,4.1173760235504195,Shuri
8.128007456082631,5.730108225397725,9.040965726610388,6.303237401553839,6.3328990511337535,6.990586312736001,3.8131957660414453,7.12099666543598,6.307922077525009,7.40442680508613,Bucky Barnes
6.775197074399129,5.628259148881049,5.827109986844461,7.34019753728179,5.644321693267539,3.8871463599952674,6.947658349868536,7.021390035558809,1.662771128142376,8.107873533161845,Wanda Maximoff
3.9409788029607977,7.1050704386753765,3.3318382049208815,8.817512050186672,8.338513585249913,6.741460622307218,8.713768776308688,2.0393652024530065,9.897836140956812,1.0877456368812526,Loki
9.863052017625655,6.960792876503368,8.181458475496266,8.758549153826714,5.921243730204028,5.961677972188249,9.763453567890256,6.032060123889771,10.0,7.223279239940611,Thor
7.599472688832091,4.572439528645437,7.928620694411597,8.408232847549456,5.161657316973259,5.9760074300087735,4.638002214147763,7.412496550118185,4.194447163459969,9.786937040856596,Bucky Barnes
4.254509937770703,4.2771228299336475,5.631757745992832,7.5624591005952775,9.010809916155726,9.420374017511325,9.812148539257066,4.792441166511911,8.024688028824203,3.1989876711083998,Loki
8.666877413712271,8.025787309009992,6.720608434780102,7.261596021921929,6.930717819507644,5.048987635788182,6.633309766200636,5.0353962390266815,4.137050242696666,7.2940837707533,Wanda Maximoff
4.955831809632564,5.564626101064304,5.039447528104773,9.452920709763944,10.0,7.518160457940395,10.0,3.5525809322529436,7.056213078068957,2.788340379039408,Loki
7.909406404832499,6.931619371700549,9.349634260481205,8.243812475243848,8.449985292554956,8.832217832529459,6.28478948554037,8.846720369969328,4.696945849924095,9.124557208577489,Natasha Romanoff
9.55795588684525,8.009171344788903,10.0,8.932706541866134,7.874310550470383,8.087008385930174,4.809372467231165,7.686969926952924,3.928575965125991,9.483580680554326,Natasha Romanoff
5.346640394110547,6.846109410766967,2.876105200562264,7.567298299875257,8.633343551860833,9.523996148746361,5.580166331443213,6.715714187128381,7.014957619689851,5.496568350042181,Doctor Strange
10.0,5.274344615543745,7.721433398656303,6.979594503989268,7.764409936227583,5.720009068384458,6.876836106140155,6.423313965885825,5.311168953231386,7.195824446589931,Wanda Maximoff
10.0,8.516223848915573,9.570562925517791,6.129211848292206,7.808405471683836,5.0116286541505914,5.699843432773127,8.922998598525234,7.419724950972491,8.777761235907716,Peter Parker
8.849487967063668,7.864329209143554,6.017754663271534,9.354628003923114,10.0,10.0,8.700411472790321,5.6780985013627605,10.0,5.19554859381169,Tony Stark
10.0,4.980392137295787,8.782406293281674,6.038081275199125,6.751160515028169,4.851547218915739,8.305380216505995,9.675764356914074,5.3430020943366925,10.0,Peter Parker
5.5507602446800615,7.024904486606221,6.5041349440320015,7.22865643252745,10.0,6.517354522838955,5.878949682326661,10.0,7.816922664071687,9.166891725489014,Natasha Romanoff
6.6491160698179606,8.8491161008374,7.860213444723954,9.546962582646483,8.643902208614039,10.0,6.3316956322481355,6.757456230138841,3.783838555678224,3.074798862174652,Doctor Strange
8.616457357008464,7.6466486899464154,8.343464047421929,8.317411275028455,9.785242383473117,10.0,7.93743994728596,7.177325079364078,8.158248483240262,3.5177333384411953,Shuri
8.103730560721619,3.3005040521725206,6.461414412832145,8.956574631678611,9.59375669720427,5.60307973942794,6.561664817974477,8.655074215431053,7.091001276842701,5.691563618634758,Shuri
8.101143151389422,10.0,9.945686706863842,7.208061054935285,7.446427405536091,3.556767981967094,2.8821462226474353,7.237569425479738,5.705927823113009,8.484737470316542,Steve Rogers
9.411030578653131,7.960826115430706,6.468519678336062,8.267249154276282,3.723568018890613,9.181351065772471,5.995863791419774,7.358538587683346,7.945383315275389,6.216620693750654,Thor
4.309370803910853,6.264387516790588,4.06814148288707,8.589666986062669,9.878336613076861,10.0,5.5960571089061775,4.237491968947306,9.503112223940702,5.337560635570268,Loki
8.488437116737272,8.246636653246139,10.0,6.9158216839885585,9.384544963052534,6.526695161641678,3.0023178690169563,9.893762748829063,5.151297424579468,10.0,Steve Rogers
9.20786472336599,5.863427083709531,10.0,5.841559604782416,7.512389281372357,7.329391863514086,4.4221341123599585,10.0,1.969469358449162,7.914520805159096,Bucky Barnes
9.87371457805109,6.168117929776373,8.932625418181129,8.383327856750036,4.837124821700854,8.768087334130554,9.181189406461517,8.144085483308181,9.26857486111849,8.164946626661548,Thor
7.334019093960202,9.240856044713162,3.9513432857463466,6.2560101950736104,10.0,10.0,4.422023743714298,5.037024951971366,6.259715082012652,3.5721057601584056,Doctor Strange
8.043175289170579,6.810230896806967,10.0,5.466184355019045,6.665862554090339,7.203024446117822,3.8555854760705133,7.091631423813833,6.3779948279510394,4.86937417183216,Shuri
9.401609430677102,6.368078960178938,8.425523805962404,8.032963669350647,10.0,8.416142987245646,5.454989708431871,7.811059924809868,8.800482375733372,3.3429823446634233,Shuri
8.93939512441168,9.41801652551425,9.142991259552172,8.933861857664512,6.897092902259082,6.587553667408656,3.3334347716466293,10.0,4.9306549796795816,7.877972113102347,Steve Rogers
7.7699393462260185,9.201779762028723,10.0,6.723976518062088,7.88784359558897,6.6309146247769,2.7802020784562393,9.082564010482585,3.2047007271089325,10.0,Steve Rogers
8.562081583804721,8.794213928576596,7.92501779538042,10.0,9.425989260002632,7.770486087857271,8.104526346763196,5.304760051438594,8.400198802949975,8.10227077412603,Tony Stark
7.2038156854123,3.165345281407014,6.676793179364907,3.9811733136080414,7.744619431499931,9.768084502055652,1.4500491603100065,7.0218063960443065,4.1112822434852605,9.931883707088192,Bucky Barnes
9.263155025408391,7.47526952810398,6.631629516211411,8.946074569913197,6.147512191411405,5.534119719757706,7.949067052728509,8.084974917935325,9.564036731902291,10.0,Thor
10.0,7.528401593290797,10.0,7.490077645729678,8.263476730007168,5.483952223895454,4.061156030850195,9.655863484547432,5.458930471107757,9.61031511386931,Steve Rogers
7.613578354646647,7.03630383127736,7.179272356241019,5.769586120534643,7.415281661269773,4.22312620572211,5.052058112496362,9.393979971877068,8.912032489898158,7.833887004477821,Peter Parker
4.776222787875888,10.0,6.311907375788574,9.532527722561085,10.0,10.0,5.751160423008628,9.008002514889412,7.058359123220616,5.051668689752879,Doctor Strange
7.994321147206476,4.714622984116588,8.180385513753661,7.233968000769017,5.650257618088926,3.4861242621750854,4.838190727934863,8.605432498550273,7.306882819630443,8.253390755131168,Peter Parker
6.051978400353905,8.81234746686571,8.849253030908253,10.0,5.458180837777668,7.950521606284439,7.961966043871697,9.109994301835581,5.457194021708477,6.8038195637636205,Thor
8.005097218953392,5.94704096738107,6.605545017170183,7.983980125766188,10.0,9.058026399930961,4.059791419354875,7.767354966819141,8.316641821597619,5.0815305133109225,Shuri
7.795558756092392,8.143718969453243,9.42224609329624,7.929138565711535,10.0,9.574173095264984,5.66486014900225,9.718398738119534,6.010620960172777,9.86291375625577,Natasha Romanoff
9.5503134772655,4.953551296084655,9.984212708055361,6.470664869726915,5.976270589936583,5.67159501494519,4.878529448242814,9.588772135309997,8.133882331090241,8.196963138423415,Peter Parker
7.9308517924559405,6.99171110859102,9.345740752259307,8.24673555788934,9.024855887328362,6.55030473098613,5.330945138836139,7.33811070947246,4.767528424388515,10.0,Natasha Romanoff
9.963179500898768,7.103124472214716,7.702485346400151,7.650529099578435,7.23845216820982,10.0,5.797728798829753,6.567297414206627,10.0,6.191318098217998,Thor
8.06215531107163,6.282241188348708,8.691603556585752,5.481327807406619,8.245000325245702,4.562062887009117,4.5982521709353215,7.4040587668734155,1.6184844202115793,6.781738221934481,Bucky Barnes
7.793600437284481,6.306774196910001,10.0,8.17971958532965,10.0,8.30371209747606,4.974998140816608,9.907651010968362,4.076917068703766,8.268297119246242,Natasha Romanoff
8.283276776010531,5.933923415203768,4.950921762782036,5.972488347290673,10.0,8.447282108529615,6.964701503524893,8.566369447123705,6.851460018251903,6.970681052426408,Shuri
8.411249673438437,9.159605167099482,10.0,6.267732991455146,7.947599983675114,4.186974434158506,3.43422632543257,9.693062293499143,6.604806408536625,7.6376841762123515,Steve Rogers
7.069233628923947,6.897492524214971,7.677440841786367,8.371978068442978,7.80764556868334,6.036906983727549,7.625422228524341,7.602707185312073,6.629445900227438,9.316704238119293,Wanda Maximoff
2.927803949470123,4.079282692887807,3.4774364199287877,6.351977154618577,9.565347631029693,10.0,7.276752015389148,3.646743935652874,10.0,3.510162603719637,Loki
6.594037681910818,6.91510230934601,10.0,6.725072241145606,6.1890339566588555,6.074912581229405,3.1468884585278216,9.112993662188037,2.968688927323107,9.105050637036786,Bucky Barnes
4.4108820262120005,7.9451302979819145,4.89295664596753,6.852208171993223,9.666161827021138,8.706113564489815,8.327522591055242,1.8622348045978878,7.152972855762539,4.736499132331718,Loki
10.0,10.0,10.0,6.134981313459733,7.902842683972503,4.524459048772485,3.6458210328656255,10.0,2.9637530436746253,10.0,Steve Rogers
6.859242259865261,7.458891301286843,6.750134673086315,7.262070331816693,7.1698011255757095,6.202823995302737,5.145598559032762,8.667561174379951,5.96025814978098,8.376511878326998,Natasha Romanoff
7.351505219494673,6.270770686803614,7.723651935850464,5.244958915697898,7.667418925698333,6.970204962509566,3.4034964450551506,6.871163351272431,2.7334858102845025,7.835305648161915,Bucky Barnes
9.261927692336752,9.379316505890639,7.437947386659827,9.265458159984933,4.4894065051197085,6.880648861901626,8.155206540166725,7.0392584844748045,7.791404885336707,7.10503259409303,Thor
9.811356378866817,6.6924003302168575,10.0,6.6797766789493975,7.537989082926494,5.733660616925621,4.9709147644244895,6.74410874357813,4.9417668014643485,9.752487257081203,Wanda Maximoff
9.983689749467402,6.624830557844618,6.871672386199209,10.0,10.0,9.129734935525125,8.27995928546681,6.002499195518859,10.0,5.1266494550189625,Tony Stark
5.472032109325121,8.311295152883677,9.276623563516386,7.935301064775916,7.39866349144271,9.470491741923952,7.349264483930736,7.015751609692056,10.0,3.7812974254473395,Tony Stark
7.65798118161922,7.732194320786362,8.18233997285325,8.123467509210705,6.548520654202121,9.815110165049143,6.357964863744796,5.589816578634917,8.396051805878367,7.454005549865213,Thor
8.04201414986105,8.988103178586751,10.0,8.489438515812681,8.8901794476524,7.254913104066085,4.168274295403245,9.611000944710508,6.688738673473086,10.0,Steve Rogers
7.520067180216559,5.526087269838151,5.990011208661798,5.800797917179294,9.889100992023522,6.407552080358502,7.615948060867401,8.13840359300541,8.087687098572118,4.543266463545066,Shuri
8.356608755557387,8.458164259046537,6.642189083055385,10.0,8.614158680566984,10.0,5.710742394731096,5.580490789851693,7.511485006095002,4.1311739622159935,Tony Stark
8.733633268646171,7.186639815177379,7.6671823131298416,7.2351633339853825,6.9705281723061825,4.358052277269189,7.476707547263599,7.895068064624476,3.3224179781148955,10.0,Wanda Maximoff
7.880047104845442,4.652499349023554,3.8121031882170104,7.095301656530572,8.912662096799005,8.10628333753807,10.0,3.3899301697120254,10.0,3.5199740698684177,Loki
5.742615538526474,8.373012002038694,6.763785879524431,7.508579955362178,5.858162557012408,9.535363946166406,8.749573592775448,6.106073839396399,9.881292496762503,5.195364585147901,Thor
4.915786190962064,5.925465459511982,3.4412113029660922,7.033506927951543,10.0,6.369492872166621,8.742856051238146,3.4138756601447304,8.523489358408108,1.1821340043512392,Loki
7.278849678281594,9.791518133257716,7.11440022271651,10.0,8.929021007009135,9.786990523544745,7.0256470040932255,6.537876698696942,8.93557851351779,6.831981545391787,Tony Stark
7.33884367606782,6.659935284532902,9.269577854232079,7.788684404762753,5.12635457824166,9.569259638108303,7.286771622682937,6.764821643577379,7.73496374885433,9.041189009528356,Thor
6.618473837756227,6.996441761307571,6.499589702195078,8.671932146827967,10.0,9.31480949624361,7.406542963954386,8.732638043424704,6.322768963112483,5.39815821861495,Doctor Strange
5.46235101206179,7.706795511868377,8.112331973496719,6.1459236031315205,5.711489941344653,9.954504259175568,6.277272087571955,9.933192414030453,4.110447171592937,9.22587403718795,Bucky Barnes
5.95895584976099,8.725264042440578,6.159795333172319,5.842470535293511,8.679277931267656,8.344655150452763,7.242149772646206,5.2695985803128575,4.930328216198647,5.20606355034782,Doctor Strange
6.493365581321289,7.296179262813689,4.6562177851427355,6.940628505362287,10.0,7.623490828628839,7.486768543575183,2.4080883432018876,9.219653308126992,2.9282324313406227,Loki
6.285280552761289,7.684282452510997,8.128362213693082,8.371246859101557,6.3497753312739045,10.0,7.848001762066822,6.455742965715763,10.0,8.299479555181902,Thor
10.0,3.259038696864324,9.476589997417193,6.100174962513251,8.456244092411897,5.684930041739122,5.252597409654761,10.0,9.174314132474137,7.965100015397374,Peter Parker
5.351646838675304,7.412347302973914,6.508597160647936,7.369013205522171,7.493652954735206,8.704351685207094,4.669492460927109,7.620414976478182,7.007121239817151,2.281463924970791,Doctor Strange
8.331354313277087,6.27639941282211,8.435529380882517,5.266347225936115,6.079595323277559,7.176007879206665,5.408523328434725,9.497230611863712,2.595024565976906,7.766277274163869,Bucky Barnes
10.0,5.094900547656474,9.587834959039478,6.303139098695568,6.432342295202708,3.2343744992308765,5.642358522666827,10.0,7.917472868582824,7.625789495939136,Peter Parker
6.539688804014962,8.426944438675637,9.16087205550699,8.766428651964704,8.693402692572363,10.0,8.543457593083273,5.529804910962376,9.832721294354949,4.281380239537523,Tony Stark
10.0,8.376793785737872,7.636705922117216,7.312177706957648,9.840285939679793,6.873313098729522,5.682710783802042,8.718594555413079,8.48714368476859,6.985903116629434,Shuri
7.907622951807918,6.836158140072371,5.751068885836235,10.0,9.216258924565283,7.679610541106928,7.774616221438082,6.017590103591881,9.731063542786089,4.983261984566655,Tony Stark
7.217931675055052,7.064179780293995,5.403069795237131,7.594930746567364,9.148791437079772,7.220786059037885,6.64130942135121,7.490855106741554,7.561229806797663,7.459537794143352,Shuri
6.131918447593309,5.978800749793818,6.3331005928964,10.0,8.322495120592537,9.132445845177948,5.723312072594203,8.190809443188673,10.0,6.962369976593456,Tony Stark
5.08578262566,8.273589423135343,5.008647107391009,9.904997626369584,10.0,8.137995717394645,7.247021346335626,6.508394285908678,5.261954203449859,6.119769559369118,Doctor Strange
10.0,4.185859698973627,10.0,7.6044991440756515,6.499758485378435,4.920862183944426,4.512223632307197,10.0,8.234205301314082,9.32731244323693,Peter Parker
8.517765982977917,5.659763875710896,7.4094964276024475,7.383816133807066,6.421927577456977,5.231295059206632,6.193935160283038,10.0,8.624353159111248,8.570124261525944,Peter Parker
10.0,7.9537367243899055,7.64604618383038,7.162705673833688,8.783571288738495,7.780942547178499,6.627705341307345,7.900712552959741,8.319010214835316,8.459471319984868,Natasha Romanoff
5.531278242494217,3.7034970664822704,3.339333492312379,8.87046258965261,9.216130082863245,10.0,8.92102521479196,4.1065609641992955,9.40593024862717,2.771437628363384,Loki
6.306772374834195,6.675836831339784,5.9445345505602285,7.820185708091108,9.21937434448853,8.008361608563458,6.506352088881069,6.7177353730620615,5.261258010715301,3.922909967828872,Doctor Strange
9.806390859576402,9.043130873697189,9.275699893022876,6.420694232968255,4.684090172887153,6.077198117754209,5.489492017728208,9.123319812795199,5.435253769931023,9.668074406713455,Steve Rogers
10.0,6.4932136144327,9.528146920372407,5.419134625375026,8.318044759506659,7.226038185951774,6.403690498808547,9.257053402040643,7.797506430015196,8.474474106234265,Peter Parker
8.306596594243597,9.109724733537906,7.861063252284467,6.695189746271994,8.684531876642193,5.211791416403788,7.400347738373776,6.096456720005953,7.149044769306271,10.0,Wanda Maximoff
8.333538254112174,8.826643533266395,7.877670089133577,8.485998333601543,10.0,5.900009040765504,5.611259943711159,8.845974722422646,7.826482971839604,9.907558666612761,Natasha Romanoff
4.988712478232184,8.889911584223888,5.205366593077311,6.094273827005301,10.0,8.35864822378936,4.501114843450361,7.089684291334859,6.959095925108745,5.025187580239273,Doctor Strange
7.879239308248139,9.760412944122027,10.0,7.843500697355502,10.0,6.426126866539507,3.785377918929675,10.0,6.722466397885654,8.638890822372106,Natasha Romanoff
9.172622108306742,6.04980060710497,6.938328547310514,6.868773069780092,6.842294939938729,6.5366496655332185,8.37706258395645,7.429881700711864,2.986395351103549,6.27355523158673,Wanda Maximoff
4.540345890655501,5.803896706850952,4.536703135491598,10.0,9.336432990653446,8.052987146389647,7.276489084024716,4.128870040637255,6.2428907877276085,2.4202717189727565,Loki
9.486268368391865,7.524512824729213,6.376844692687631,7.378598645536863,8.134317229002509,7.425387787963318,7.901579156266191,7.641412073240031,1.8282234190369824,8.981331684028161,Wanda Maximoff
10.0,6.362475623116871,8.046067271600622,5.969971135127558,9.467263794100514,3.737643204909757,6.142324522688154,10.0,7.610845435645867,7.747245294278301,Peter Parker
7.993970974313255,5.445201083246242,8.691612439909097,8.154280267008968,5.037399236326603,6.215604874230511,4.045010055000084,7.204466941774917,4.613352090954948,7.929393202361356,Bucky Barnes
8.28506695674898,7.933371413761057,6.9615702096743375,9.26996333347249,9.148904911707847,10.0,7.019676863856025,5.843694480175145,9.237376417428608,8.874580087018549,Tony Stark
10.0,6.769068150416194,9.870624905369327,7.1073267739540515,8.36863545573104,4.531344164830286,4.194969287650333,10.0,8.157974442986568,9.621164394599829,Peter Parker
5.926987499803181,5.763149836267389,3.6744421452868306,8.226087783019567,10.0,9.496618206993778,8.15398962275163,3.7822411912171114,10.0,3.31401724662024,Loki
6.442413276926458,9.225238589589777,7.351466457054349,9.128053491754615,7.917575145209643,7.9406296261907015,8.363416472333528,5.556765565935803,7.034755589920607,5.33035640903825,Tony Stark
9.533411922805788,6.883980029092532,10.0,6.378304087030705,8.023787612573816,6.088753970726549,5.10856937369279,9.123374719772634,8.056633529355928,8.85563256539333,Peter Parker
8.521674673919748,8.33837659634775,10.0,6.744663140240876,4.637034690364052,5.634577211110897,5.20667764030347,10.0,4.511003120849174,9.326610129313666,Steve Rogers
7.78996452194287,6.897899786077168,7.775115556699687,6.938145524059767,10.0,8.394409846323828,5.621427909349717,7.492886169469477,7.163758581631325,7.3528796112858945,Shuri
9.648561595328946,8.500771832887365,8.911046152645996,6.905356167777138,9.407340875710556,7.256469445458923,6.507716976568869,9.727638314941768,2.629790956616749,7.16019972432818,Wanda Maximoff
9.388524585195087,5.729253210090681,9.47821336011344,5.14334868999193,5.426420671707391,5.001620258163883,7.498432420193084,9.968253245936143,7.01042536702246,6.314739149577955,Peter Parker
4.897541021667184,6.9440922720957285,10.0,10.0,8.672703794384613,6.802544721845411,5.3476515246617256,8.548726494333781,6.750899399117572,5.841214146453003,Natasha Romanoff
8.125394927698386,8.537591494387549,8.081202706798324,7.515039909552818,7.330371450372507,9.85878689293028,5.562696648688558,6.854859424594233,6.33919620332823,10.0,Natasha Romanoff
8.695589947843922,10.0,10.0,5.5118953066395555,7.201905815192308,7.060140202279849,3.7734612068166236,10.0,5.682348547173931,8.704221376044249,Steve Rogers
6.746338181516853,5.299043718890619,5.767678561085958,7.103875701444357,9.62189477594759,7.662660886991772,5.626046102260167,10.0,6.578524814003588,4.4448833503344956,Shuri
9.99933810811767,6.054471662288265,10.0,4.756246109120813,6.648895676115276,6.610146522288794,5.697785630251555,9.785823083768753,6.958426218897282,7.834243274671553,Peter Parker
7.484539633675343,8.80586061397524,9.647481897580988,7.301815199503037,8.801015747505328,4.94775346515561,5.25434536359708,10.0,4.710691502889011,10.0,Steve Rogers
9.185349217773377,9.489874805223556,10.0,8.55108668306004,6.179913907142162,7.206241838516073,6.65581959568579,10.0,7.703309678759054,8.70468441903775,Natasha Romanoff
9.08303623086706,5.886418933888382,8.561357993646377,5.62749830944098,7.734755490333695,6.39997311165614,1.5138736716446957,6.385580073774966,2.320660654080399,8.344147301763234,Bucky Barnes
6.8694334671299435,8.246379063589004,7.746538305420227,10.0,6.425777535614013,8.257073651107508,9.1258088535693,8.36608952261589,9.979506367871624,9.774329341018692,Thor
6.871396398606186,5.200615702584031,7.5069706775030856,5.841776571905544,10.0,8.534928505297993,6.699964964215613,8.310858960673515,9.401961794883498,3.005814131950006,Shuri
4.875388087640663,4.208694037539152,2.571614425170363,6.40198757495047,10.0,9.66320390391456,7.922974363844757,3.2945354452179307,6.968387279703332,1.8926734795241142,Loki
9.225599195391128,5.627895643074724,7.894225677935825,7.892849047116828,7.13852940538364,6.229566994013615,5.238539735572847,10.0,5.619189018120069,7.018581365097132,Peter Parker
7.118510988838342,9.56513178063574,9.859363222403118,7.5648333814944255,5.427152914603395,7.904755409970064,8.732007052262226,4.8002371705793845,6.996249898089452,8.612032679840503,Thor
6.488647873779938,9.549729422906278,8.318733934974269,4.493411097914438,8.712137484664307,7.385551973868828,7.04762274020182,5.02568129447762,7.851109479891956,6.97631106931934,Shuri
7.161950394494353,7.0125558758007145,5.6125221973586,8.360834140055477,10.0,8.848531269959242,4.479758266100297,8.218030214018855,8.715417155861074,3.4451658597891353,Shuri
10.0,6.2950101605252184,5.963887113633294,7.808157182324363,7.187427745275314,5.705061081554463,4.391445505690922,9.605283531047009,6.635588179293024,9.930751720266095,Peter Parker
7.741533637792019,7.235164406533337,9.565184856478673,5.601999658597315,4.895112673607521,7.650822990502242,2.4233707774676247,8.475353906988566,4.098610698341122,6.29953851995025,Bucky Barnes
8.888937696168155,8.311463126610224,8.204652818822522,7.745388245458615,3.8262659660001117,6.909301113648043,7.940353727286962,4.36807590223877,8.319597759659064,7.690483708594468,Thor
4.514091853065018,7.440365614687389,4.664522751004217,9.412549932861838,10.0,9.495179480425975,6.773576249717278,3.6030937576668074,7.718863835189239,4.529581025439969,Loki
6.143315480092419,5.814081761540991,3.2211636625539,8.022348040635503,10.0,10.0,9.778857166894813,3.848530660779934,8.983577799802827,4.576090631354378,Loki
8.089865085791184,6.958846958940708,6.35179751690987,6.688189774905654,5.784199988659983,5.479761528508043,4.084359618864684,8.78393288062196,3.8744315810838006,6.633586694284875,Bucky Barnes
8.560488916649186,7.216441078503142,7.883804566039892,6.68563046923944,5.949173709640458,5.611706744785441,7.421544348155184,8.773294140079942,5.184294545692593,7.476166378181146,Wanda Maximoff
10.0,9.166061857789536,9.164265178190638,7.47419864958389,8.909415080946568,6.4324878853906995,2.4351847347751105,9.669905037510173,3.8367455566381095,9.665609347605928,Steve Rogers
5.3456885718031675,6.379664788549259,3.853190155909579,7.015251389216658,8.789330749385032,10.0,9.142451348546558,5.406584682734564,9.731133672056563,2.4864413373759824,Loki
8.040942250268223,8.177698825359512,5.5808176983125355,9.27285198989127,9.034897366710396,7.173740438533217,5.280980296989981,7.18981660642946,7.75909492940964,5.710693978680539,Shuri
6.11424035212711,7.460326044213503,5.2438517503226905,8.588957628628231,9.201879956808424,7.631727541382815,5.959482003869707,6.950038638560833,5.478706277216964,3.8858846507004294,Doctor Strange
6.329112030572012,7.829084479421876,6.065298981082971,7.945499081141571,10.0,10.0,4.49348235380158,8.427943454386009,5.539706895360915,6.587078935331007,Doctor Strange
7.8337106224714175,8.793094922834229,4.612843242754251,7.732080302756869,10.0,8.192200760764564,7.064479817930322,8.728974613200819,7.520176205808208,5.225505180729787,Doctor Strange
5.023380897749191,8.547812490092305,7.8260635472850035,9.114761229941582,10.0,8.101915190580426,6.045634715958336,6.042940400917318,6.299287588225708,5.411813636384059,Doctor Strange
8.506090358398843,5.87928913053049,8.185355758489482,7.466868008721813,4.937948706080144,9.443415128181453,8.734897432392028,8.436503922088178,10.0,7.033951616075294,Thor
6.623232236024021,6.698598165759242,6.719718411127447,8.549590515717517,4.464262230110192,7.939285639000912,7.793137256711416,6.01685610750115,10.0,7.925624339641579,Thor
6.898400454533352,4.941366273104997,8.970500531063715,6.309272411117247,7.295839656823584,6.087152608093515,5.242375084743506,8.668069777223167,5.976635796821847,9.058451300558396,Bucky Barnes
8.952367552688985,8.95903507960988,7.053960395389545,7.998815453583316,7.395552031099038,4.928084513452088,5.654248127183027,4.873356158149795,4.606971287435966,8.920943983248701,Wanda Maximoff
7.275117715860091,9.064599841536314,8.07622067804208,10.0,4.557415342182239,6.154779033360165,7.229728442530542,5.269236314957109,7.271581381964653,8.776938450574844,Thor
7.4392995166523,8.8260730971679,6.09962504846847,7.905961858780851,8.190500057640435,7.9556168326381185,4.996431431757886,7.718449144425811,7.181184714357283,5.920716774408078,Doctor Strange
8.322996301293522,6.239149296163093,9.243684376743865,6.183746146610873,6.184514767346074,7.739511417625446,3.1404302571416727,6.6567613574896765,4.843292130414292,9.17053825111351,Bucky Barnes
7.525057589854348,5.478259262344144,8.77134404389502,7.518124022619736,8.562077544574844,3.9615139058591753,7.879496769964556,8.236585791775369,5.170215083514234,8.491632023490597,Wanda Maximoff
6.27502416762038,9.053359004971579,6.862451388498565,10.0,5.7362971507866485,7.450255188138241,10.0,7.708001690824056,10.0,8.543649599399933,Thor
8.658583232124878,8.379705094396488,8.676694799482476,9.254999326388393,7.053479780632955,5.965990241811966,7.835908156142017,5.270191882693018,9.345877522006106,10.0,Thor
6.642489875669701,7.595729754018238,8.746976281788923,7.740691795684232,5.863530252668447,7.257439113217727,7.883473334388572,7.009118008306247,3.8039640709259386,8.188605663705038,Wanda Maximoff
7.6617099939070945,6.348917531237787,7.1596356317123675,6.818258522747257,7.809357885784215,10.0,6.892919684263255,7.4206436980901,5.604520985159214,5.774460172413942,Shuri
6.313059223587397,6.5965394596612565,5.51983958512716,10.0,9.408762335986644,9.009342711927607,8.033231676657623,6.713171295173106,10.0,7.939850150153111,Tony Stark
8.423384310744057,7.639778809774751,8.586023020613021,7.766888366887977,8.868770309046715,3.894860613769992,8.892297489162168,9.313021085072641,4.710088329087768,9.740168851528916,Wanda Maximoff
9.126681537058003,8.453252774032688,4.463838588311416,7.753551659196393,10.0,9.101926443014033,5.925468240503619,7.898746454834605,5.568752886665558,4.736583530271329,Doctor Strange
5.763506975197179,6.149831837843259,7.756745209946445,8.8279125714794,9.065770498687666,9.239827401244177,7.2176473935592345,7.06967626594699,7.945942733335113,8.647313552397257,Doctor Strange
8.045554657282887,9.057094210566653,5.573357349253325,8.523555865371963,7.262107173148527,6.18568334453341,8.286478543480216,7.082468128882504,10.0,7.712329758610453,Thor
9.306174033805585,10.0,9.184906788246508,6.2144902766289185,7.226789247437953,5.519099612831817,2.9698668759199944,9.906546795733364,4.882501532214019,7.230899855495662,Steve Rogers
4.947675994918694,6.562516813074378,2.766350990318627,10.0,9.645175850854681,9.254491259854971,9.708081905982764,3.4865118594993243,8.009780992811828,2.994594093320969,Loki
4.534161046517023,8.48283085061191,4.008232695124439,8.899452289497418,9.325575445779677,9.86238706454479,7.180463759494877,3.422415567851708,6.489657200717433,2.2437833476631655,Loki
5.905336673397182,3.99216012631802,5.112483790708542,8.04914126537844,9.73159891424892,6.946269299766973,7.775264160002663,5.4983143414164735,7.739251252458294,3.3479980823410265,Loki
6.718218525793369,6.139722289065437,5.835593332527245,6.003514999453413,10.0,8.463907492978366,8.54501289734184,8.28217326952525,8.724082150104788,4.899118508665355,Shuri
8.77737066647546,8.233114252189768,10.0,3.576485703820833,6.442043556214456,4.224751931807605,4.185223597339268,10.0,6.408456010326294,9.1094939083098,Steve Rogers
4.683901913187021,3.831556247006664,5.674668806123255,7.597626982767912,10.0,9.848745657178041,7.443355613687325,2.8458170094254567,9.933774883819368,3.3630443946044304,Loki
10.0,9.944083832265164,8.2435445491538,8.207662101255133,6.537036737923616,5.427504321776277,3.190675714400601,10.0,3.904293969771004,9.578212807367281,Steve Rogers
9.009992536936016,9.85583125649083,10.0,5.776948899948207,10.0,5.4690718477084195,4.4760365660470915,10.0,7.346420594164552,10.0,Steve Rogers
7.506029006673142,8.852607068512436,5.766666725777908,10.0,9.803473392011485,10.0,6.2750488091084184,9.416191296778438,6.941306858826659,5.0576993515163275,Doctor Strange
6.63771157234966,5.850677250223739,5.377910185186995,5.846543474171642,9.608905655947632,9.9038112621969,6.926120619058889,6.090502084040662,6.666652441144912,4.768545722193826,Doctor Strange
8.020953071577434,9.244707289579413,8.192247100670253,10.0,4.6723661140536175,7.989731274479388,8.841452006301834,6.761985303737443,10.0,7.459950575611525,Thor
5.9767023331016595,7.594137688474167,4.446532642350034,7.091086931022569,8.06745525159881,9.920699531105674,7.007591498309015,6.949440500835567,6.551813729855754,6.095290716684036,Doctor Strange
7.800911387753651,10.0,6.926197228368681,10.0,8.393254746357346,9.041922707252914,6.487433937888707,8.913780839447588,10.0,5.5823490832746145,Tony Stark
9.651197040545709,7.269570078184924,7.635194228839803,5.819606082490684,7.75198594976467,4.451070506822753,4.183677254562888,10.0,6.625499640150116,8.750712483350451,Peter Parker
8.79263609597687,6.885142809032192,6.462449083319421,8.72474897058326,9.932229635897626,9.839362419203944,6.411229082590853,5.9121855648532815,6.671021617673229,4.319116971569562,Doctor Strange
8.875206774380688,10.0,8.463115753300503,7.446410845339152,8.36447952422184,5.6085231839366045,4.17388967470199,9.880145496792537,3.9564360590356227,9.910001759450264,Steve Rogers
8.243604322414383,4.839181522597099,9.667892660339977,6.21328183465344,5.839511679013677,6.133399286925228,7.184639695739835,10.0,9.060887092425366,8.71052590132743,Peter Parker
9.29823653380577,7.121141533320003,9.258642748103073,8.838238473020489,6.499221445015029,4.980048228844472,3.6684449814330025,8.072172181069584,5.62898012214732,7.3612774206048295,Bucky Barnes
10.0,4.869762600442136,9.291433745419315,8.339528651098622,8.714888696890997,7.744350923665711,5.114262216451854,7.684995905669336,6.277474661026255,8.390486617728875,Natasha Romanoff
8.690910626124703,7.699162151705348,7.2912520800734475,7.695105448346953,5.258554365827397,8.024562618920712,7.017142347934397,7.120071423896803,7.79317915261017,5.923760138741223,Thor
9.415648802797866,7.914770315092692,10.0,7.753351812861488,7.257489443887534,5.848096573757529,2.8902807901508414,7.482735259284381,5.709977473609021,9.853249547099864,Natasha Romanoff
6.325581022598575,7.778926008034005,7.11350002951256,10.0,10.0,9.632065345590938,7.429804754855803,6.547069591917882,10.0,5.457249458426393,Tony Stark
7.974886711040475,6.630079833129086,8.001529726796223,9.435190813661519,10.0,7.740540793951016,5.32631924257511,9.496579776662054,3.869663909958377,8.44205946145143,Natasha Romanoff
4.752240727375418,3.947330937958808,5.439489632904558,10.0,10.0,10.0,9.282649506432003,2.946253286591079,8.09066006579496,5.631985046051879,Loki
9.521895752165221,6.427831780964977,9.12533837379907,7.247548950300915,9.777254880803474,5.079758865517186,5.290900250639671,10.0,7.615389043201297,6.993527315988681,Peter Parker
10.0,8.8706468284702,9.080920922799585,5.787727420922718,7.404331313688263,3.283686675539198,3.4018393815527923,7.309542721432144,5.300526692660113,9.374731426554671,Steve Rogers
10.0,7.178916547030648,10.0,6.409600230858315,7.486414411486787,5.007317921765663,8.415100013315538,7.675640492342858,2.923512683232091,8.728393882358215,Wanda Maximoff
8.47905621223128,5.406417875621862,9.912615067777299,6.786396387892463,8.502277748011885,7.887673165195221,3.732566399497209,5.886837696586914,4.2333082435583815,8.427255281374595,Bucky Barnes
9.381325267580587,8.04447059623078,9.192113783376351,9.883376687933135,9.16382228255768,10.0,10.0,7.064106968555986,9.11591933756067,7.2112473378448225,Tony Stark
3.702891640411628,6.517024856843262,3.2670450624224925,6.102015037665495,10.0,7.747957746050533,8.754677740629313,3.738509349867462,8.887886439958223,3.5779405758388236,Loki
3.3411774470481146,6.829648429606776,4.975691486653471,9.962494241726425,10.0,10.0,9.774817475408167,4.286013239923285,6.268771098342817,3.3851206681426005,Loki
8.986895096693516,8.86280809608607,7.033379398735823,7.856505743530879,6.819193876811255,7.620938713236858,9.170536599333122,6.777248821421221,10.0,8.529130605261377,Thor
8.585094436692849,5.338654123170735,8.31692423183922,7.1998459016279135,6.745028877484387,3.568138858272771,4.2571760672217795,10.0,8.357796080705205,9.13192194650629,Peter Parker
5.060720216068814,8.320263258005852,5.879571736011327,7.745683456746115,9.150929464958281,10.0,6.431835728557102,7.305684718674181,8.563480828114471,5.5922489618968285,Doctor Strange
9.492160963102823,6.328584091503548,10.0,4.938692596680706,5.9362744974592445,8.068108002287504,2.5870758667783704,8.145785578111987,5.935511541199845,5.768959826332998,Bucky Barnes
10.0,4.124613886434924,6.3115476628842915,8.56488151479495,7.097572767828025,5.258035153733273,4.438682809749487,8.87116977775797,9.327877501418731,10.0,Peter Parker
6.299438987757034,6.241874216234709,8.276527861523917,9.328628763042358,8.488876137239012,10.0,9.428236528487643,6.02504661358289,8.501103592318461,6.679846255140225,Tony Stark
10.0,6.740442175213031,10.0,7.525525736774032,9.463666412964791,7.469086461633058,7.283987035176077,6.09611641672547,3.123040656538131,9.666292856228152,Wanda Maximoff
7.053842687004481,5.806374385617998,10.0,8.573728625557582,8.855157378177205,6.856810509048714,4.8581981957868825,9.519484500649007,3.9816258924640007,7.045027979075508,Natasha Romanoff
10.0,7.922645956090756,6.319506495895869,7.3190690671044845,6.970706939639469,7.925317276299445,9.096038620080066,6.332957188550813,10.0,7.802126033187843,Thor
10.0,6.958053824532306,8.156642301860963,4.209689837060879,8.184729573154803,5.143100137296102,8.404960692959618,7.1928435052471205,3.2974332136933437,6.902763005561025,Wanda Maximoff
4.082469413472703,7.386188216195535,5.54170943760068,7.633685995747647,10.0,9.58629485843261,7.9034094485742905,3.5323042570134886,9.415952882633315,4.153830877345812,Loki
7.439064269988599,6.72870652238416,10.0,4.834974905436831,8.66279487388819,8.239949392455836,3.072548125585389,9.15613728544931,5.016392069355563,9.063940815967127,Bucky Barnes
6.484966907134533,9.358703379373022,5.72712291393186,8.074764732738974,10.0,9.548786595367568,3.914221872293479,5.868598509857977,5.505183204764238,3.923966186517268,Doctor Strange
8.419609078075704,7.849616378309425,9.721135191008052,4.735410127524377,9.050076547961618,7.455199594885214,7.248898125207541,6.699104220802502,4.488041811523929,8.199293299176286,Wanda Maximoff
5.3210199665126545,7.802754065642108,7.952918751195499,6.392031259205206,7.226255951458999,7.059159523837312,2.6174491445187034,5.576633420206508,2.7470263667545343,9.032798046555424,Bucky Barnes
8.000662759416375,7.810404221133391,8.73975127366376,7.743815700999633,4.388557930839357,8.510439474302046,6.625411614988989,5.624987307813179,10.0,8.656330137479925,Thor
8.757747624934707,5.7410064231719495,6.575667870103793,7.8521127136087205,4.556128199014207,7.732576741773602,6.637796063923904,8.186833059928881,4.364041305748081,8.474151187016876,Bucky Barnes
5.220346294660232,7.12390435499889,2.159661730207892,7.643377297015563,10.0,9.082000185428242,10.0,2.0300958022663522,5.887497790067334,3.962108145778397,Loki
8.84428808909597,7.807416427215857,8.294653172612321,6.968294004886544,8.795718938543502,6.77771718262944,7.194942581260734,6.372035558667999,5.753683403888471,6.579726983211407,Natasha Romanoff
8.632502177133532,8.27422812670482,6.486340961457828,10.0,9.535945548077017,10.0,8.229043046527382,4.469413710349375,8.28980100094292,8.063659915289062,Tony Stark
10.0,6.744297318962525,8.17362035388285,8.166273744604588,9.30470851274054,5.623489218717159,5.753372499844503,8.310396049444499,3.350758820208636,8.854113413893847,Natasha Romanoff
9.53929556209221,5.177303454731744,8.478657747307413,5.4346397013789876,6.418724886036281,4.708614587526981,6.913320757265147,9.514889581123727,6.415675947701856,6.995284805929125,Peter Parker
8.040261621137727,3.851065193098365,10.0,5.558542105803882,6.822093676929562,8.214499753274453,4.246999594352859,9.254802438014366,4.7542626699568435,8.254733826044673,Bucky Barnes
9.964650597476991,8.737199018884773,8.029387770043094,8.516406159919597,6.732163210622462,5.023002476680182,5.367108457749515,6.367200047072667,2.4141782156879312,10.0,Wanda Maximoff
6.815739797201343,7.603508759544112,7.972221198465318,7.921461572348361,7.098085282401368,8.87664697275716,4.291211097405385,8.470321125352923,7.10902749453899,9.40983860241375,Natasha Romanoff
10.0,5.6574441012717624,7.211578427999322,4.05905961714803,10.0,5.658653773171879,6.170989695102867,10.0,6.210826314709454,8.006410011296191,Peter Parker
4.238732392429049,9.070123920835861,3.3132400740156758,9.8647710329133,10.0,7.216268656493453,4.814419371903286,4.957389155606233,6.478603690879428,3.3413572862596777,Doctor Strange
6.712502689029668,7.070766226202997,3.7056183098223623,10.0,10.0,10.0,7.09251594126942,7.850456152115566,6.461919541775447,4.767464648047152,Doctor Strange
10.0,5.356939368792869,6.613751139236176,5.207578282456308,6.416217631150299,4.864528945057315,5.305473175487202,10.0,7.289364944364614,7.856888412330712,Peter Parker
7.644543823876338,7.336507248153984,5.751606361612796,6.441049883830958,6.783656427085281,5.950430900585475,7.498705328386926,6.591824758136303,3.165634995049452,10.0,Wanda Maximoff
10.0,10.0,8.263095809727343,8.822713509348887,7.087669397957659,6.007625271000171,1.9402785736194113,10.0,5.983145939164788,9.951362456517229,Steve Rogers
3.1513629751570793,6.8195402633027875,6.646617796071938,9.622363693705346,10.0,7.684715738282295,5.0198448204454404,8.700978873313971,4.361523911823063,7.627216101892954,Doctor Strange
10.0,9.832441307642593,9.184110368122266,8.00735095266249,7.735948246824398,5.595708322891593,6.862287235914352,8.205506119200662,2.783478506416972,7.674103858588594,Wanda Maximoff
7.228519854060234,7.143247177053379,7.34659709374276,9.093220037100487,8.884914069101145,10.0,5.785261745533063,9.037420395071587,5.6973689615716525,7.63621207728314,Natasha Romanoff
10.0,10.0,10.0,6.533196292063106,8.382507864378482,4.588850162083278,3.473328406692876,10.0,4.327126130854188,9.952806206939337,Steve Rogers
5.188946539598796,3.6388157161966683,4.101352105514467,8.64316565671807,10.0,9.14670718887039,6.528517445063013,5.596351327733297,8.513778334428226,1.4958508382869034,Loki
10.0,4.20069057912421,9.694672876999256,7.998663858824048,6.577628641619263,5.222884503948187,6.3449777592687475,8.316735783922674,6.710838307392315,9.215370898051239,Peter Parker
8.342248914431298,8.025872737828031,9.253197994639347,7.266854013314829,8.38223586302522,8.021152816603845,2.535120445186258,9.870090987206655,8.701072522498912,9.212937824905893,Natasha Romanoff
7.405239293080941,7.4896913643882925,8.258438509522856,6.8520778153236925,9.501970734402557,10.0,6.166570960287824,7.596974927162096,7.267536059500887,9.433313583548603,Natasha Romanoff
7.38484898156455,5.9809365925477325,9.206106002042143,7.191763553303725,6.968601663987498,8.397718684126218,3.26024990406466,6.498296452985476,3.6190574569851015,8.578115818214988,Bucky Barnes
7.330018354695057,8.960363746674751,6.274164351881563,8.150100976304511,10.0,8.207327706674098,6.095949975295351,7.088791230363514,7.353660687946322,6.274729495161996,Shuri
9.032518621869373,7.179853837446139,7.161930594523027,9.907904240309694,7.438523006709161,8.548564736994498,3.8995857839582975,9.408334528489792,7.57868748221337,9.661472259278982,Natasha Romanoff
6.547709328644573,7.387812271373488,8.13575169986514,10.0,9.348219893139758,10.0,8.420728908256793,6.531207371795187,7.578791334118231,6.833215835761917,Tony Stark
5.583100496189855,8.970305081212363,9.318347200559364,6.214933421006478,6.436519660396248,6.630483689328361,7.664019987301247,6.207647678035549,1.979029057669675,10.0,Wanda Maximoff
8.724917302161606,6.102043565575011,6.269845716239338,8.501294030841354,5.664708500583417,5.847560913066749,9.02417615021805,5.642099302648152,10.0,10.0,Thor
6.172239423156315,7.040093985364664,4.243750083959613,7.447480899413243,10.0,8.254736979156348,8.754463847492286,7.272716779475517,8.227737126104426,3.5628062712969353,Loki
8.49202321482047,5.286730737755736,4.482371756418388,10.0,9.07558556014671,10.0,6.342004870851814,5.970957861437042,10.0,7.0302495247448284,Tony Stark
10.0,8.344255086165623,8.079146007769113,8.868847529728718,4.823521969373363,8.527799023001684,9.689698718975045,7.570770436921113,5.0403282967943905,8.952500169993401,Wanda Maximoff
3.4705201111727746,7.447712456099967,4.020985204677145,6.0636699751798595,7.771105391383063,7.604951606000302,7.450644264871213,1.4424037863732044,6.62561626668938,1.851149297945183,Loki
8.975513697785825,6.065960841763732,6.4027264424591905,9.642531506201754,7.327280440022162,7.801289864713479,8.712715630135637,7.672235208591365,8.73071642569691,6.631618146392189,Thor
9.27259230195379,7.7724829615551565,9.385289637114909,5.42868887709783,7.184023613200618,6.576183173588208,7.151939977136332,7.334179183810896,4.603926255599551,6.123918001079199,Bucky Barnes
10.0,10.0,8.036127821786728,7.963373477618454,8.584529451004881,3.928529495278213,3.9888326651350368,7.843307172490371,3.426491925394579,10.0,Steve Rogers
7.790637403280957,10.0,9.777717843389137,6.03153500552705,8.788873956986622,5.35226068585444,4.722693646080652,9.827441155898082,4.6016586367789944,9.788017034378386,Steve Rogers
8.938716856918113,5.740048722420142,9.093692820392809,9.153806788713592,5.892324620700545,6.049065092437542,8.362694543608775,7.144198393703983,1.8158795837398936,9.554272148482248,Wanda Maximoff
5.84208367223592,7.121034467374103,3.1532977053672586,7.295565428081668,9.848690446672112,10.0,10.0,4.9922606123017035,8.413774656004376,4.669228372125158,Loki
9.364765959282888,10.0,9.416513514945601,8.084719400657727,6.161064006086661,4.402997133333526,3.000829419593783,10.0,6.447461315706937,9.769858834853544,Steve Rogers
9.463260136030359,9.347974578302301,9.66947660909412,6.053862659043669,6.798463211023998,7.361724432521692,5.731324533810801,10.0,4.968382168043809,10.0,Steve Rogers
6.908023774588525,6.288441320138648,10.0,7.518856015942642,10.0,8.169893002884454,4.633977055286943,6.537996456289313,6.377040916203347,8.726708729441507,Natasha Romanoff
6.523902801685603,6.006524734168471,8.494896643408062,5.48771075594061,9.698010940319943,10.0,7.281938325388709,7.078535046328174,7.292718437466352,5.787354839770565,Shuri
7.298386439959103,6.238153955298579,10.0,6.89141538324643,9.023771688269438,7.4322411259847785,3.745475649902461,9.069445660215244,2.291048834348232,5.862643719694637,Bucky Barnes
10.0,6.660400404098596,7.918932524827529,5.2007896556014925,6.7418098909942845,6.014705558534686,5.7242295791320155,10.0,7.773593188434765,9.8962505433945,Peter Parker
9.440868991248163,5.476284604477837,8.039481748138709,7.671163090815331,6.000220535604751,3.6289566423867496,7.4146810132574945,9.776398237791593,7.81564201250974,9.865580150345831,Peter Parker
7.489370046685134,7.507953160878695,4.976160224852294,10.0,10.0,8.503014638707304,8.798449227094972,6.414427118917116,10.0,7.089969374648759,Tony Stark
9.699212584134198,8.165947508141542,8.622328713420595,5.9580051461626296,5.931456353834021,4.887137817366482,4.768305060102278,10.0,5.3852188609063525,9.442900554933487,Steve Rogers
9.383506168880187,7.479621373938377,8.0319252604878,6.287486180488301,6.546711195162819,5.20035636601616,5.56865755205122,8.707484794335306,5.102892243787119,8.643838196770862,Wanda Maximoff
6.666525953053251,9.696671979999758,7.083602085896755,9.582781403314348,4.954623225055098,8.949417182204025,6.717397498835855,7.049034909702195,9.066064137336186,10.0,Thor
8.153572726087289,5.752083368757811,8.098254941045862,7.127571263872243,7.809465124800023,4.277309453450444,3.813279036999212,8.151539909298586,2.6462725334940638,8.237512048523515,Wanda Maximoff
6.304765623833281,8.329248548868847,7.104869470306044,8.835883275381624,10.0,8.764268683068753,8.479580192793161,6.0827489739199825,6.9324647987426005,4.895176042034591,Doctor Strange
7.337314552311094,6.5476568655511835,9.11670732663724,6.168856464950807,7.225063089252967,5.21265202144745,4.675640089552581,10.0,9.496419278158942,8.715073155658104,Peter Parker
7.736898614777537,6.562233211789679,7.880118248839295,5.796937744091739,8.758130593206511,5.225586073521977,6.414584067420761,7.157470533786249,4.251130126490668,9.598953957120656,Bucky Barnes
8.492818870564093,9.457365781205462,8.344429206483065,6.268079730252224,5.742322577416167,4.001836592792597,5.962008038240852,7.948991885673301,3.4662102834475466,7.802285314821786,Wanda Maximoff
5.726131706912215,6.965512684887642,3.3044823157761223,9.918401179099586,10.0,9.846572037941517,7.946300167692636,2.7247201165367585,7.591745254254258,3.0759563720555136,Loki
5.349388769803703,9.068357162669452,5.999735379247687,10.0,8.986701654227259,8.279515626152564,7.604752869273515,6.45670467757971,10.0,5.823765128194477,Tony Stark
8.903102777794398,6.549575795651818,9.093637575344623,7.666418004635508,8.74505912491961,6.618412205590413,6.752991810231083,7.770960657730544,1.524233550951286,10.0,Wanda Maximoff
5.926256006203914,7.762831377500336,8.57585278131165,7.520131659536149,10.0,9.582408110353937,7.7506553632677395,5.986019260317331,7.674559786427089,4.815755532098949,Doctor Strange
6.207086258093068,7.544464477419698,6.474364570703886,9.33275507542599,9.009008825470463,9.330930541711776,6.171928268932309,6.9748370156534705,10.0,7.053967887528336,Tony Stark
7.985249564386624,5.571465102069857,5.420436115439376,6.979895152005544,9.21005668934201,7.733838805856599,5.54096893877607,8.310912800895442,7.293401228461638,5.3890697462926065,Shuri
4.667198929917814,8.60225445300444,7.293945477595567,10.0,10.0,7.743302012251636,7.072603422618245,7.320654900821997,4.5598760489134,5.354744014777463,Doctor Strange
7.2650289749558015,6.9242834961539375,4.2951618946503975,6.409691697641184,9.485847621948746,7.7596559051077065,5.704740398656509,8.065313541090918,9.901471723098823,5.356232265941212,Shuri
7.965965185649843,5.490310550462498,8.113476920214527,7.693326129149056,10.0,7.6309502361398485,5.760838825447658,6.1259427637779975,6.711894251379341,7.18566679356249,Shuri
4.268237222725595,3.8710669055656997,3.6075534377046825,7.396585028449271,8.343612016095301,9.970877792137223,10.0,3.965799387444403,7.61794139644204,3.543730752664742,Loki
8.364410684652206,7.303802362283285,7.138712816840244,9.381201593622908,8.0699186860192,8.090080440611933,7.940749603930714,9.001886927166636,8.01393698603374,8.327343984323564,Natasha Romanoff
7.328750650306927,4.5660216168553776,8.016835861965342,8.41300619196672,10.0,7.531706903858282,3.8077164442641878,9.23297210625705,4.841847706725606,4.611438869208637,Doctor Strange
10.0,9.851214366749844,8.887745013314488,6.384691139043267,7.251062871594913,4.533107503523941,4.606629103828926,10.0,6.11122897550581,10.0,Steve Rogers
8.111823998723844,6.012415311477546,7.967938336174294,6.549229841507688,8.672511315262602,5.80835117659584,5.46897281252034,5.965523857889174,5.2063138557675055,8.790928319671341,Wanda Maximoff
9.28333268629104,6.256350099430168,9.462562104081803,6.903425793334561,6.845440877276265,6.3314142157943065,6.3768574129175475,10.0,8.184838239325174,10.0,Peter Parker
8.219912098225391,7.486086098021721,6.558551915663779,5.446753699786296,7.495917223028241,8.351774122029262,4.962120697826137,8.845040134916115,5.32632230294316,8.593774566759906,Bucky Barnes
9.485171154135225,10.0,10.0,8.43561912322544,5.909518614632759,5.298220137563089,2.9402105653477024,9.764691202058042,5.402239211310619,5.739109904410387,Steve Rogers
8.777667783046274,8.766958919427676,9.726109770087058,7.2351801740881765,7.071583947359107,4.208692515920199,9.149206391707855,8.29542735920996,4.939939463380409,6.1565866036367005,Wanda Maximoff
7.546798082159271,8.615370396564924,7.309177744383413,6.704437460254951,10.0,8.78248009828327,5.852075466570347,9.15291260626845,6.411807037924024,6.32726223631865,Shuri
6.5064467738399605,6.382804721746661,10.0,6.0407283498037785,8.216350536206516,6.470397235747162,1.4376698237640602,8.783386415674066,4.038297905643961,7.4004825476499905,Bucky Barnes
10.0,6.590050103860523,7.7893313461849925,7.636223293190383,6.1871213771034,5.041785067934344,5.391716078568436,9.833859794833652,9.176788492262334,9.648139565183358,Peter Parker
10.0,7.783166628227857,10.0,10.0,10.0,10.0,7.947664831667259,8.406459426319655,6.285410292108342,9.368549201519189,Natasha Romanoff
8.099254768994648,8.268067609920042,7.122661870561289,8.783785567168808,6.386747234435768,9.063266986961409,8.936526121138648,5.613426180119362,10.0,7.889032900778059,Thor
7.612131446794398,5.584376016935598,5.399672261191941,9.305187464903447,9.951540145204648,8.06323115861428,4.986852225805391,8.23746275284132,6.12025728518858,5.032826796902444,Shuri
5.400629005107628,6.709959693548028,6.9208501753613,9.542854017942238,10.0,10.0,8.619091182585748,6.182037892929856,10.0,4.922522055858281,Tony Stark
7.316939928065011,9.857688307325619,8.129321456117122,8.30099690784285,4.568465036391597,5.660373142000704,6.435899208096641,7.1399490518054725,10.0,7.299560634472249,Thor
6.038910544060915,6.675580230035078,3.6807669851821654,9.04708233359747,10.0,8.283785668075783,8.114955896301883,4.512793555527025,7.896852830230498,1.2806185582329548,Loki
5.164200712105885,8.79108540444661,6.0207486826292245,10.0,7.6424080217344015,8.428271906273288,8.637673394516801,7.911641848709119,10.0,6.715303025234093,Tony Stark
5.25811092241216,6.538981223366966,5.955709231591018,6.147616596127712,10.0,8.84084147625315,2.8994924568734026,6.346112621187695,6.585512512783441,3.67056764380435,Doctor Strange
10.0,10.0,10.0,5.065208959075111,6.668299864607182,4.421848270071468,1.5328966544892482,10.0,4.662004305245802,10.0,Steve Rogers
8.693130105180133,10.0,9.94745964335564,9.992102911842675,7.976749535747829,5.99881903659122,4.981962180349802,9.072534055186374,6.876452147699287,10.0,Natasha Romanoff
10.0,6.958851427547914,8.16218951474623,7.91701921203373,5.946827523099644,6.137621994018201,9.678483882752422,6.374983099687129,5.0672828008831425,9.654755557671265,Wanda Maximoff
9.309781266195056,7.782284082743803,9.0848595138994,8.620324127772491,9.73407395850349,10.0,6.9136909401690225,6.221745143296175,10.0,5.595260369641749,Tony Stark
6.9273455524489655,7.99834408534162,7.178886379139395,6.814570290103486,9.330973495207092,8.574954967508312,4.147147246728631,8.389275260894223,3.9682213548608356,6.371642022472721,Doctor Strange
10.0,6.091630480597542,6.21685865140774,9.70641005063604,8.031232560221687,8.236938557392707,9.249129624627757,4.505246590660052,8.375568797273578,5.657565241070926,Thor
8.094003831188024,10.0,7.265885469506937,7.038388023221418,6.736707718797069,8.180770358791353,7.8298003365870645,7.944572976833385,6.1262916531553175,9.687798463279005,Natasha Romanoff
8.90795356369188,8.429146092602533,9.363652372902399,9.741075166513976,7.00361610072693,7.002647151801962,5.033200857476278,7.087665521338449,5.504959327195074,10.0,Natasha Romanoff
10.0,6.847259271658976,8.665047740306258,8.872725787720615,7.973680239716033,5.67815823814355,6.6171315421335795,10.0,9.277109733669361,8.85903493306714,Peter Parker
6.387222312451531,6.887474062795496,3.5466556179078212,9.456625657846082,9.46169757462488,9.383472693117612,10.0,6.016719765894829,10.0,6.326775515912461,Tony Stark
10.0,10.0,10.0,6.934098279994828,8.267371042628444,3.1609449563663685,4.891309456505667,9.036046547375069,2.93574770947133,8.594824352294548,Steve Rogers
6.617168813001577,6.345818988706831,9.875861622734282,6.261217626833759,9.136946510109663,6.146922845954761,4.224212425968684,5.883531594871372,4.26380690083404,9.836716516694121,Bucky Barnes
9.565419736054988,7.278735238846669,9.256052077295713,7.204553559222609,6.827361641546072,7.1044446402997465,5.108416588630427,9.596656828176181,6.453331068650004,9.908413846655632,Peter Parker
8.875116613486556,7.3699403421219785,6.40582217050352,8.678740815538285,7.624580611192788,4.065598339545306,4.959938779490891,10.0,9.764257258099276,8.850699035570628,Peter Parker
8.789163257134655,6.103373194156026,10.0,7.907097711052369,7.5995804003489615,8.737578407196784,2.8391556694202262,7.8030759566008845,7.006488974908784,10.0,Bucky Barnes
6.565818631946277,7.924573841212394,4.6303856273082555,10.0,9.554533679291977,6.959351197496967,10.0,1.7017570103136719,7.056246221625245,3.6501402905284954,Loki
6.970214042616861,7.626938843137366,9.091967753107955,8.357013725222442,6.2970423338021115,7.984054936898438,7.288984162396428,6.342259067510161,9.366651089606885,6.778889829515698,Thor
10.0,8.254682786220163,9.725280169123534,7.4546728160657425,8.995606093928966,8.240641265163884,3.6886300095787057,6.992898202178088,7.480709426114067,7.059566443300973,Natasha Romanoff
7.015633970335873,9.052985344322192,7.864500133808315,7.7897558740149115,10.0,4.541651507936847,1.9165525837622033,10.0,4.091343801337304,10.0,Steve Rogers
9.794720245081209,7.624366183400612,8.969679475570976,8.999051448847338,6.429727684858486,2.043897738211098,5.900110319866872,10.0,8.668710382425523,8.355845964327695,Peter Parker
5.578085128453794,7.778140577116792,6.99624597544814,8.336725455625697,8.675114855869584,9.298592906181057,5.682443225745108,5.831467232919444,4.013115945284528,5.781004168781884,Doctor Strange
5.723377298413128,8.290046664997899,9.632505829069247,10.0,7.334528803946109,8.913151789110955,6.208545188969846,8.649526163669137,4.741497958944844,7.66884164907186,Natasha Romanoff
10.0,5.240389474661431,6.64541152465329,7.952938326189963,6.5732856003018645,6.384159170751312,6.859616467037812,6.82177970254249,3.6197049140849047,9.224366700509671,Wanda Maximoff
9.348199985217256,6.706418509099859,6.919926281333187,6.699608600792871,6.591143082444507,6.973754061102967,7.903774977332256,6.308231840445454,3.9375946826884873,9.34524910774051,Wanda Maximoff
9.212573237759504,6.482996527326073,8.376224093047698,9.197871296522395,7.200568846839587,7.833585160328836,8.988913708996948,6.7847248273823775,9.542990658231,6.1213236409409495,Thor
8.088194511774658,9.849093138342788,9.242962568250448,10.0,8.86283227296227,10.0,8.958528589730305,6.151472436624328,10.0,7.029691414845228,Tony Stark
8.301288123688199,6.2804491421212525,6.467210220019077,9.097698673780629,10.0,6.98169392395244,4.662775044076588,7.303417639518181,5.270124908138746,10.0,Natasha Romanoff
7.539829332632683,8.367074113939637,8.235152055244376,9.753024232461357,6.755937379924749,4.742764265590967,7.699376301897007,7.647380235222666,8.486929261201231,8.045253299074783,Thor
6.819035495490393,6.572376163134886,3.0498851802289977,8.198644107294657,8.965563735747136,9.52560251592,9.64417519259095,2.291050374376934,8.218936771732217,2.8530334275051006,Loki
9.240202292410904,9.021559756647498,9.422320769520642,6.679736970463653,7.67327682721795,4.623212438097802,7.912583971756501,5.961428571668297,4.862819451597092,10.0,Wanda Maximoff
9.600384771530234,8.878224099035709,10.0,10.0,7.12802851339864,6.8273010742419995,3.07458829270161,9.947392435454516,5.774456507656928,10.0,Steve Rogers
9.344544251598577,10.0,7.676633775947678,9.043382583927652,5.345691696899808,7.566954684768625,10.0,5.744706842337244,7.822351472686535,10.0,Thor
6.198071599021442,8.289102528429206,6.625827615310348,10.0,9.59391008418501,9.135082879781738,7.789185308249435,7.304679247150618,10.0,4.253797427811086,Tony Stark
5.577197256154014,5.5293877717027975,6.05943951117696,10.0,10.0,10.0,7.075981898926191,2.2232778209062567,7.598049291710984,3.051538706573597,Loki
6.53095665445727,7.822759972564579,5.595078716568743,6.635416423791217,8.380344347145234,5.337455028381202,5.8703323106056,8.000445588202513,3.6881024368382507,8.493675381637722,Wanda Maximoff
5.09345676986859,4.996607032848232,2.724588915444915,7.699125194871741,10.0,9.232016884613726,8.336072239553014,3.285817427665178,8.79476657773596,1.0,Loki
9.391574129167712,5.638789121354119,9.712771055055441,6.751504503068513,8.395888188306737,3.8506172097061735,4.579545304418142,10.0,8.505360577830995,7.918800632395734,Peter Parker
4.895197722791212,8.100641822397757,5.890752884630618,9.450821659889085,10.0,8.251122681699355,6.449490881930218,9.678016549026223,6.925153651608544,4.926041232832881,Doctor Strange
7.881160397266205,6.6351486453003785,6.224114592683212,7.4389122633696525,10.0,9.30830716853548,10.0,6.623208143361863,7.921615421218913,7.043288306688918,Doctor Strange
9.99193349024007,8.07401926246753,8.308412611165027,5.0835365525366605,6.307146940205841,6.7802032473202605,3.9344237948421186,6.7525894271783695,2.1503301918182443,8.062427883134246,Bucky Barnes
10.0,6.938488171328281,8.662697386864451,6.079313393046364,5.79400623716554,8.206035980754503,5.984851515803656,7.80164009619111,4.663803499384353,10.0,Wanda Maximoff
6.645129637992937,6.334817805385443,8.994324843588004,9.362562614579694,6.099370078864312,4.759104355747164,10.0,5.882159994808055,10.0,6.188448149185855,Thor
9.23678632776802,6.005846628194252,8.706622207702639,7.399257818911387,10.0,9.060261315096557,4.698564231181661,6.275702159993525,8.031176833558147,5.242122703692245,Shuri
7.08489146146167,8.685160474552745,8.119506554142932,7.503166633887675,6.897091897761216,10.0,7.106404297628113,7.640031577774893,9.60603201264347,3.5818365803586025,Tony Stark
7.66192856367214,6.822924328014514,8.065329007214588,7.8641336626159495,6.1373977917490325,4.933709444485044,5.328071539296313,10.0,7.290899782611236,8.720577198056903,Peter Parker
4.092604126154892,7.769246014186978,6.001632334880311,10.0,10.0,7.7074067529420205,6.252211774164724,7.274137892652601,5.711953309044013,4.7916393438984795,Doctor Strange
6.929856016211744,10.0,8.023577308406189,9.22096209778238,5.395961615043174,7.980276349533799,6.480933169621583,6.787728704881158,7.828739464255305,7.6532455190547966,Thor
8.9472082339966,7.843820059038681,10.0,7.67563963908286,8.541519258149323,2.6043026516227874,6.994513328403526,10.0,7.17662479228033,10.0,Peter Parker
8.451639093234819,8.283750251456043,9.805284905678565,8.396205501855881,9.586288326945219,7.593284357293573,3.6640361273930995,6.215451371558925,3.9116123154471256,10.0,Natasha Romanoff
6.537307576349331,6.605923495096899,5.987993742879533,7.52406961453141,7.934507327957588,8.177050047576135,6.8299611741913875,9.85354249063695,8.85075760952453,7.776593098747927,Shuri
5.170697497703746,7.2616162325456415,7.394506254487926,10.0,8.088645202820489,9.182316949915254,5.315888712826681,5.796667599318865,8.671981985175545,5.338200715792408,Tony Stark
8.857872490693612,6.861092236072257,7.886961528901735,8.388481942036057,10.0,8.253246682196332,6.889811055391042,7.342869380724414,9.892486937295065,3.89771576949728,Shuri
8.487027506609554,7.8087176547422334,7.687753120033051,9.121163648877747,8.850792250903904,7.973858102114811,5.0695708644764075,7.178457251531594,8.768756340344448,5.4305901937457115,Tony Stark
10.0,7.370812463941061,7.373948554339334,8.536564075075102,6.119503509867438,7.5894477763693615,7.833891494222001,2.5884875587203284,9.071449795002284,8.022258276858306,Thor
5.514850146917342,6.231614397293108,6.664506633198229,8.548561020794287,10.0,7.660893529096086,9.656446612537838,3.0962733167486762,8.494316579120698,3.8606432476435515,Loki
7.2448291372909175,4.808718189047445,6.255119192126259,7.280808425890321,4.674976047794486,8.161099104800385,6.731937461837312,7.027083409557053,4.484463113917542,7.501709635881592,Bucky Barnes
5.082877531639418,6.801951187209031,9.544824360575866,4.741636003970246,10.0,9.959629764767188,5.938221650403288,10.0,7.175236476298148,7.807425047849666,Shuri
9.416428165093887,7.302187921565091,9.953549018832646,5.7246708848519745,7.126633818941579,3.6528295524409207,4.530310171818986,10.0,6.750457396101663,10.0,Steve Rogers
9.512421526919724,6.9593341515551455,5.140994805734395,5.747837593841414,7.069766140353519,8.742687408141272,6.5928756364692305,8.09902181494215,7.846607691798584,7.696989683483173,Shuri
6.781521988939184,7.505164506771535,7.496762996556741,8.266219511166188,4.258396868305754,9.99062704209037,8.373560055547992,6.718159956624702,9.947047286894678,8.588834093561738,Thor
5.540593631835519,6.150887942722453,6.4679309708258135,5.236933732850104,10.0,9.00802529815544,10.0,4.8955815053880105,7.793760312331028,3.2158141060709444,Loki
5.706486091244037,7.257856869974795,7.415778759642141,7.493306550015223,8.762576924766101,8.495966356788719,5.776771861571467,9.080609879120152,6.7814737788866495,7.437754015114164,Shuri
3.638404031441013,8.338322792315283,5.198614124736974,9.024093519161712,9.978267017116615,10.0,5.462857603245094,4.9943195548176025,6.296895066283582,4.684303149426005,Doctor Strange
9.293899928939581,10.0,10.0,7.974411775964313,7.359113451295455,5.936017357478097,3.1665614372414304,9.808461299677232,3.9698365983256543,8.439071736615361,Steve Rogers
9.838267888133025,9.334080408705907,10.0,8.771180519738309,8.009359042528686,5.994839985027741,6.385987948071208,9.120150823687753,3.7676562812593177,9.097347162214263,Steve Rogers
7.29371389201262,8.164016863988792,7.914702363920001,7.758179795016116,4.016059859843408,5.674120800132063,7.920995895045465,6.920837227006464,5.569122216001064,10.0,Wanda Maximoff
9.073945366963937,4.44176563244643,6.750043167106936,6.546231244539832,6.91223004340821,6.475659893911133,6.786752015077582,10.0,6.883487493502851,10.0,Peter Parker
10.0,10.0,10.0,7.213135232524562,6.637417782578435,5.005166103318583,4.320614973054425,10.0,7.5958891573237795,8.94334941877804,Steve Rogers
4.6955657281766126,7.1531105678852915,5.657980338578041,7.631192687565148,9.14622529252986,7.196465472986958,6.347255042390689,5.328507757483227,8.960892705061156,6.495510627758835,Tony Stark
6.961627829247783,5.471143433708676,7.298838748901202,9.449782082858611,6.1703228828168655,9.499443087282284,10.0,7.949167214323086,10.0,8.9584678653289,Thor
8.416979367490708,8.61399628132745,10.0,6.346984460711221,6.41147292778058,5.924157532093629,2.5478333013320666,8.86829348414771,5.1925999901860855,10.0,Steve Rogers
5.2300976904336665,7.584529197709797,6.326373839954006,8.495294670001744,10.0,9.943732955362039,5.785592999160295,9.635880452133073,7.733862917446236,4.610014730423298,Doctor Strange
6.334853213237672,7.744348076033503,6.4230311720027515,6.690162350243229,4.643525787361777,9.885856134754965,7.661798498108404,7.2748467037792075,8.35812968600243,5.761811225685128,Thor
8.126155238819235,6.824646262051485,5.5555455544132695,9.329618496508576,10.0,6.014203309323323,5.474538012494515,6.0382549636169465,8.952601707556163,5.972771621907272,Shuri
7.702531700988427,6.893284861986943,8.035208059191586,6.657884697780796,4.787754362348595,3.875987190817717,4.122215729275955,9.45712092072462,7.506810632646312,9.112450514435261,Peter Parker
4.077902277769379,5.661244018889509,3.646119605429848,10.0,9.507268571103737,9.430187770239822,8.278896291904623,3.2630052801981786,5.869536827834223,1.0357921902361333,Loki
8.151546408800494,6.165253432167892,8.94520024692447,6.490708036238614,6.43789477165112,7.5676748376753045,5.286242992148534,9.570253924719388,3.2342057336152163,10.0,Wanda Maximoff
4.436038102426134,9.732004525088406,5.578436304863093,6.784884066995791,10.0,9.138445134737918,5.552081519340511,6.4199582930906995,5.992951634073361,6.682269963169207,Doctor Strange
10.0,6.056490943153317,10.0,5.877427652324352,7.029137060068698,6.487137503312006,6.386238197718614,9.538683768289028,5.8673002932822875,6.162066322257863,Peter Parker
9.924764690515095,6.786333493989403,9.004203750458522,7.275034535775475,7.287211030436617,7.943695038257889,5.785274329774036,8.115649967278104,3.4695187729354817,7.195235169688626,Bucky Barnes
4.336480055747529,7.75890815714623,4.741424413179963,7.9594236636412745,10.0,9.32658048441149,9.444943350314762,3.7414111586320113,7.12301436555626,2.581161100046837,Loki
6.51273774605529,6.279142315554614,7.793938683518006,9.722221628626533,7.161492131871677,8.730526148490572,8.391892309312745,7.0476582098679765,10.0,9.642328082509163,Tony Stark
8.832917994676542,7.971318287966016,8.351261569358515,8.817062845199413,5.686263974264548,6.914711032481607,8.988037768355293,8.862130045926797,8.304164551362394,8.691925631213868,Thor
7.083913270964264,6.762805267823973,9.530156794793967,7.50515171466058,5.75404001397808,7.917941818925529,9.294986841732403,7.767834960031559,9.571331142721078,7.496961402622917,Thor
6.711073900112083,7.617499174236383,6.599578164638427,6.487406367419154,6.870240915280146,6.74476281895378,4.039088913374617,6.932837265948211,4.557597626944246,8.07583560099094,Bucky Barnes
8.772401338314353,6.412974968931304,9.394122460060572,8.348735800177973,4.897742804215401,5.140864000519425,5.981576517731609,9.049233808736899,5.002686350534607,8.369979678465098,Steve Rogers
8.438346859917655,6.257520542718841,10.0,6.162475058146683,8.685293883535174,5.1266429056899465,5.275119147556725,8.282841628696056,4.337173355035106,8.354460679325474,Bucky Barnes
10.0,10.0,9.04330560609962,5.518793489644732,7.689943620381999,2.7942299345196644,4.687931376756111,10.0,5.54534931654108,9.725422910076803,Steve Rogers
6.618464270955804,6.875484590069215,6.190745989604142,6.612153017736766,10.0,7.068833703560648,6.240337653241658,8.679980664180965,8.081348835122474,6.900909724145226,Shuri
6.274106241208968,9.393758384109962,6.715685779319781,10.0,9.612537160259716,9.020116551651524,6.899788304949739,6.620259642741615,7.0032971360378635,1.3157336675154063,Doctor Strange
8.43765411577842,6.394105942030576,6.801861733981045,9.023585047886712,8.380933283520166,7.996916960373151,4.607341044665516,8.842937049458243,7.091588984403833,6.048170550314709,Shuri
10.0,4.9075342991928235,10.0,7.439532498779187,5.90800758191551,4.910696570007082,5.314032136800578,10.0,10.0,8.536619246390723,Peter Parker
8.021079374110888,8.500154790406551,9.48815812370877,10.0,9.650275914777156,8.676383963926213,4.47312522504682,9.048846420580505,4.803941282971268,9.136254986974492,Natasha Romanoff
8.043193909642635,9.328336424499623,9.239376206505156,6.835235586127372,9.070563349811179,10.0,5.622056347545252,7.854442115882919,8.819679773916635,10.0,Natasha Romanoff
10.0,10.0,9.92030716876169,6.736601276154047,6.58868290993973,4.6802210821967725,5.067799825721041,10.0,5.294112136462337,8.593470612025207,Steve Rogers
5.78558794095163,8.448210566507932,7.34887203863997,9.919681839028328,10.0,7.9801928080067945,7.918167617616706,5.6529581915806375,8.238223553893917,6.680169206148412,Doctor Strange
7.330591575084138,8.283368736453975,5.447723866879371,8.136432897626486,10.0,9.082585854908116,6.221668037824779,5.700007057568717,6.133172950037763,2.805939538374514,Doctor Strange
7.529712985789395,6.183629461162788,10.0,7.348623532746441,10.0,7.460946048008934,3.8403184973134024,9.649411467537266,5.908331563749713,8.920534990806056,Natasha Romanoff
5.705749314085567,6.052788227690544,5.418613608730214,7.0148163345752295,10.0,8.596448399347455,5.360627539866685,7.11675394527294,7.0576670022769905,8.499521404443584,Shuri
9.848003594120792,10.0,8.992415658810543,8.061082403294298,6.799529205068421,3.237558137481944,4.569003405796427,10.0,4.7154029635177155,9.953183643770876,Steve Rogers
7.115849307536255,7.039555425565109,7.107491850934531,9.007445572876433,7.625427067694574,10.0,8.18865190850812,6.724102464151166,10.0,6.346611914013558,Tony Stark
1.7123333041768647,5.768117002262849,2.295066910421932,10.0,10.0,10.0,8.701915703326389,2.739981329245377,7.178023748405494,5.428302383032541,Loki
6.892568265699007,7.374713695740374,5.7065273403641275,9.58707110027299,7.950768882393947,9.419726429848428,7.09784635700531,8.387326445662504,8.068041566889988,8.318698338320718,Shuri
7.5709690469467645,7.172592573666686,6.5461826917936605,9.52282763250209,7.505200443013701,10.0,7.413247074746595,6.015617648409609,10.0,6.55816397003743,Tony Stark
10.0,4.152278910053624,8.458788242864072,7.888756148920531,7.428988444739198,3.9235311066760277,7.167586115207378,9.335908522559398,7.028295548257849,9.60868470062101,Peter Parker
8.935540200654733,10.0,10.0,7.845768189720657,6.193924616703338,5.425550554376931,2.904925669861777,9.225446271232485,3.8528637818746754,8.514513931752163,Steve Rogers
7.4109385501094955,8.646616472141481,10.0,9.305145516742837,7.492156249142997,4.5163793116859345,4.957729958562855,9.700626705516568,4.527143478294742,8.801926117880921,Steve Rogers
9.035916290558022,6.943166388513123,8.521568089832476,6.253836163998586,6.193580348595538,5.877630917077573,5.849492114662535,6.713630668167543,6.424451696810875,10.0,Wanda Maximoff
5.447805588902009,7.744914269451439,7.137059693217511,10.0,7.278355430599541,10.0,8.1873030174841,6.513964897519954,10.0,6.5559085227440415,Tony Stark
8.374296320969677,7.4124569669140365,5.80128505469456,8.697061416136771,7.208950813108558,5.445156821343591,6.4560736616700645,8.086762322207568,1.0,7.969758326613655,Wanda Maximoff
6.728467302226655,7.73823896620049,7.488163245399397,10.0,9.226642772326775,8.860695471078387,9.030533827981225,7.151438432993491,10.0,6.931873633156228,Tony Stark
8.108448818005924,7.388653164851346,6.767554153517439,9.108057523287057,5.685364581350997,8.277488403940167,5.736726650024506,3.1877702775604906,8.505801282127372,7.656194599227039,Tony Stark
5.785580213779229,9.424671306353915,6.101166657258569,9.378120551325466,10.0,6.803832880838506,3.2778780463992137,8.452615568538896,7.503009212457751,5.320743270378825,Doctor Strange
9.075242266886278,6.503779480490676,7.763436075794931,6.275408783208853,9.607481348807603,7.762688116882751,5.318090363040783,7.917436818669187,7.681802375961176,5.115418773114089,Shuri
4.56001485936618,5.431303440220073,5.384129573879893,9.467107563431995,8.940122742781496,8.673144233453222,8.372618130123207,4.087111723826363,9.379608338689366,1.9949655985898862,Loki
7.266859413794406,7.407184520989457,7.071085240622665,6.0125688406629445,10.0,7.303431333146997,2.7596752703685334,8.835028629124109,8.716480126565248,6.249673907721529,Shuri
7.8622738478806395,5.739532567280245,8.573236966467398,5.850426887485385,6.492732398031427,5.5807279244983246,5.07822535380961,8.645322167389672,6.345742178960787,8.461897525336626,Bucky Barnes
10.0,7.684982820878311,9.712014259530896,7.163704875195979,10.0,8.916834734189168,5.524075295665213,6.71583080472685,5.059496199295599,10.0,Natasha Romanoff
7.230072289089457,9.203321965608552,7.340806579290161,9.298146216521396,9.872271048750006,10.0,8.00167480844311,7.841191965236968,6.936409839324892,4.227894787300538,Tony Stark
10.0,5.3532656778957834,7.703251118166442,7.015953098316906,7.600589700657211,5.12219860165538,8.04758190061519,10.0,7.865896137907448,9.922848445120705,Peter Parker
4.829318301268492,9.56622111860526,9.41932828303705,6.069983318593734,9.904411058411007,8.211853221041205,5.476536623222564,9.248886437894202,6.5378442105383945,7.158968626912893,Natasha Romanoff
7.996564886647447,6.532933462464364,9.630649321507159,5.489365829299192,5.7396297374398015,7.815900996938161,1.6149232657287773,9.040285400063011,3.510251844914766,8.003856442608937,Bucky Barnes
7.945810811598512,6.249715015613423,7.289604642306383,8.727937520027705,10.0,7.726233431522056,4.657611942192644,9.511045460459219,7.820382577399392,5.766629644158706,Shuri
8.294028313172275,7.224119853379205,8.236610604437027,7.343205028870414,9.494422840875975,6.106865970008423,7.198624661771575,8.458048750468155,10.0,5.880111054376641,Shuri
7.927408775825933,5.276976595738866,9.47028193913881,8.123551818824561,7.6243404231331695,7.869178084891753,4.677688372412291,10.0,4.673591289840244,9.414282723583378,Natasha Romanoff
6.445400691098923,7.475680974175881,4.3370122466133605,5.528137903844994,10.0,6.447954709041102,7.62389137954629,8.057849298292053,9.41508766570204,6.447395813566369,Shuri
9.895031405686906,9.402388836342656,7.268519904341668,7.253908863396518,6.574787883081033,5.103214687240625,9.387692644853347,6.733015677645949,10.0,5.841293143029418,Thor
9.738138340047152,4.44061314242422,9.437104906145995,6.7547897913537245,6.706659761897672,7.022563551316047,5.842067996419299,10.0,6.014906673571733,10.0,Peter Parker
5.143819260917287,8.864203704718548,8.261610554439489,7.558343890688592,9.17041479070794,8.143335220111409,6.106834783163115,6.342796112983745,3.8370894836459875,3.17906015943541,Doctor Strange
10.0,10.0,10.0,6.808062097287452,7.660023349618153,5.392456440624018,4.072830484064359,10.0,5.564902854242061,9.632309456443044,Steve Rogers
10.0,6.604692972206312,9.376765260170147,6.886547570660289,8.24602127502903,4.1571226323834045,9.099254315193528,10.0,6.590643246037487,9.23153666367052,Peter Parker
7.375260919805002,7.910651882922512,6.730541672618142,10.0,6.616604041742656,10.0,7.799900038652476,6.3140125471286135,10.0,7.277425325157519,Thor
7.309200837271813,7.619477199753285,9.604142278040628,6.337971941509959,10.0,8.026241929230373,6.313559242785907,7.274993881294366,6.717936990655961,9.12511384103572,Natasha Romanoff
9.985411858338539,7.393787030475883,10.0,7.116911604929011,8.274019789969499,5.498703312633292,5.521107982656177,7.594029557586381,10.0,7.688622263398597,Peter Parker
8.657130043852709,7.9826932569758045,6.255096875041003,7.579341532653089,10.0,10.0,5.655868323861029,4.364336923420344,6.641962728521026,3.652081948613983,Doctor Strange
7.122502392624229,10.0,6.527450885335654,10.0,8.001492818883772,9.560594081070883,8.311167387995823,7.057880077884662,10.0,7.57389356166842,Tony Stark
9.575078263311157,9.318572111775342,6.737580276284524,7.179220808126603,5.4561296941296025,5.1017217509816835,7.241389148510263,6.384235983296548,2.3680951210379053,7.340102886731768,Wanda Maximoff
5.842347830110771,7.271837821198919,4.763238434974094,5.2330317211308905,10.0,8.558132737420898,7.094194684337583,8.345565213611025,4.648787212586223,3.8364822565685124,Doctor Strange
8.417002880843185,9.545428953263675,9.519786699683861,8.436303966849852,6.242521811867489,5.66987245980982,8.123866260652411,6.007513215210102,8.767021967549354,5.893285168979132,Thor
7.196641969584455,7.621047790556257,7.710765624798125,6.633279777741746,7.3281367482880855,8.541710572819152,5.360473530738082,8.10236255467906,3.3286550882088854,10.0,Bucky Barnes
6.4084993449599335,6.268553720069786,8.104270962819164,6.154893975857595,7.903848753758931,6.77967622422833,5.141769269973819,8.98851748030044,5.134787619074367,8.503887424814165,Bucky Barnes
5.544415974858627,6.16926061445657,5.570303976557607,8.892926565952447,9.273804595679804,9.104328253439046,4.662560052151166,7.37345910621354,6.635169239336958,3.2213321787323226,Doctor Strange
8.387757438139836,7.101818451479841,8.475972569743814,7.513768153530768,5.812603251151057,6.511824226496428,3.6173180252741655,9.911767235380529,4.16707390850119,5.751959013427895,Bucky Barnes
9.286071917916932,6.859909361710105,9.368879560307377,6.283625210576009,8.786311046974216,6.427954532061765,6.90343882212204,9.439357569787582,7.257006379676599,4.670021622341383,Shuri
5.537987496901466,6.372581787295619,9.159272858285126,9.42207536809839,8.967951174565407,9.4965213236172,6.819471401996136,5.706061691731955,10.0,7.740088651217819,Tony Stark
6.982941510255879,8.877079560111959,5.706152357449199,9.984894186514666,8.736637482046055,8.480136344869837,6.04565256516414,6.857186294093327,9.561309522227527,4.722149647940838,Tony Stark
6.698721096181081,9.716471354911482,7.499922860892758,6.574483725783281,9.484842663954682,7.3837318803535,5.258370873799699,8.538458849100284,8.222637174219436,9.542155731958012,Natasha Romanoff
4.343790815125928,4.358719172807187,3.730485631313255,9.048492122959786,7.678358420341222,8.550650388105451,8.35828903897993,5.976310854839843,8.539701259812857,1.5284786084082218,Loki
9.143976103940988,9.619574243852599,8.952720926527938,7.878781823806764,8.546313177303086,4.936765748208212,5.634894529724798,7.53748121003553,4.930683281490107,9.949881359869455,Steve Rogers
7.6132237119509485,10.0,10.0,5.9858795815165635,6.7813376474952,2.526667916388304,5.1579709347915585,9.036650925409791,4.956679560733776,8.216633223377777,Steve Rogers
7.939770269957199,7.811850999924915,7.898421155772965,6.215994482237363,6.614514538056786,8.757353906934284,8.524528842757055,8.83578166208731,1.8098700679628568,8.811122152703824,Wanda Maximoff
9.733230144969806,7.251000066912863,9.493394031238486,9.358379238047004,7.846656267402212,6.561983780791635,7.925421590368617,7.583236021252699,4.06274918178324,8.963342742065752,Wanda Maximoff
8.67755988344867,9.62564263651048,9.129175109368191,7.535603660819792,7.293307734630949,3.0116878771632276,1.9355925059508028,10.0,3.9808919640068314,10.0,Steve Rogers
9.648268964495095,6.030428635043309,7.633817397691086,5.6963295758775825,6.05166783832656,5.6987970895261,6.38632906545266,6.05151069618045,2.375503684777224,10.0,Wanda Maximoff
7.499007834260517,6.936634765368963,6.838408516084167,10.0,10.0,8.716896142471217,5.867910405657419,9.035369233689746,6.503478217238971,7.680253346523339,Doctor Strange
8.554554780085361,4.52891902678682,4.428644003858784,7.40907341949552,10.0,7.702207533129842,8.681510527824457,6.195752486568175,7.150020239451548,6.175114622563625,Shuri
7.097490524948038,7.0078450518705955,6.770110692169973,7.238772816390111,8.236681123077537,8.028306399781933,7.578316231997189,9.180060668354255,8.02875222050834,9.20302262778123,Shuri
4.853961861922469,7.3038904987962425,4.381089926084655,9.697322889844578,10.0,6.580171558125091,6.361579547313264,7.340864944195033,6.261010986987666,4.259069598483739,Doctor Strange
9.599952806822861,7.055593378704703,10.0,5.64080169534516,6.795842147730726,2.3234341397110154,5.777083778938554,8.979989758174892,7.727790390041581,10.0,Peter Parker
6.525946975880291,8.17085786738207,9.244993891583674,7.3878031116778615,10.0,8.738084006167865,6.51448859849272,9.150727197839528,5.812408047562665,8.756940935825815,Natasha Romanoff
7.958584116661326,6.4691190279368245,8.448686977971125,10.0,9.458063933214438,10.0,7.383925288880551,3.7372333486414795,9.246600796212222,4.6338809486265635,Tony Stark
8.080709967984237,10.0,7.543627529986558,10.0,5.804010261630306,9.670060746573375,10.0,5.72131258977411,8.393752402136414,6.708775967876837,Thor
6.5877737261485905,6.765265544315222,9.13308913676854,7.1043795246308115,6.018508229679869,5.433733603706273,3.4451238056622167,7.7718783915492775,4.261370384712581,5.897010458390346,Bucky Barnes
9.653999309087189,10.0,10.0,7.664482482178435,5.769184268759529,4.868779144144167,2.11610401795689,7.495788588249756,5.9258033873038425,9.0585945077613,Steve Rogers
10.0,5.879465587609649,10.0,8.561577817214864,8.502454151442345,1.0,6.550220782173013,10.0,7.956420932393143,9.762224542465848,Peter Parker
8.576515148380434,8.24267033243438,5.307462723307868,9.258922395821351,6.458198504437112,9.604702497748374,7.180961101327071,4.197414099830412,7.754036560243556,6.628668701414304,Thor
8.450670608316386,8.320126360385833,10.0,7.682611538539286,8.363089988923207,3.829598406193383,2.866961175903546,10.0,4.911041263933642,7.64279798678609,Steve Rogers
9.768500732730486,8.465742939369838,10.0,7.4798967003494825,8.748935267323336,9.493875942102452,6.054276922825299,7.63693699135638,4.692177204975362,8.74504474125941,Natasha Romanoff
8.295893474797436,5.846907298614548,7.529055297853161,5.460993490523271,8.313505206521665,5.7822636740873055,4.09856384468965,8.433244881294115,2.9722408669690417,9.260338756989064,Bucky Barnes
8.944763576012816,7.541477288481395,6.286780524686572,8.362874020590933,8.804605804080438,7.955894414414894,5.231473340648673,8.927964710055603,8.804303069489183,7.627445674345041,Shuri
7.481664590864298,10.0,8.520301128674756,9.053417877422037,4.855302144527104,3.6343071620207343,4.521713503789787,10.0,5.393803795145214,10.0,Steve Rogers
7.213281348174741,7.299438163996156,7.0388090006106925,9.684921480745805,8.017529240085805,9.637655480656413,8.24797645078305,5.040978664336699,8.992147724144145,4.299695703009782,Tony Stark
5.627054123784074,5.683326153434794,3.1991813643719578,7.652655366054669,10.0,9.9056544925257,9.23252140304344,5.365926645570784,9.58604124387572,4.020469927438268,Loki
9.064247317896365,9.590136171710984,9.797331866695103,7.1692824815569125,9.147624995299777,4.700357776836498,4.065765094889226,8.918277924491864,5.895788833091444,10.0,Steve Rogers
9.133107743253353,10.0,10.0,7.712751129890115,8.76575987579529,6.171208177392927,4.089118266871796,8.535302060145902,4.2499934066111,9.72546106010323,Steve Rogers
9.438920516978513,6.715805506185669,5.185185986558439,6.66707508704878,8.968056023640491,5.342829935598495,5.866647966034286,8.248788323811846,9.27595167851081,4.5758619296800145,Shuri
8.447680272133914,8.032676336830143,8.917877273897794,8.601667320580649,7.09347098641939,5.563859104629778,3.673223491033703,9.175627879783413,7.096961812344263,9.76476017868615,Steve Rogers
4.402540349329882,4.6393902204665105,2.844675736479191,7.466544597089331,6.960814302611736,8.708334573530504,8.365032203448104,4.98751387326479,8.528725922946032,2.115453211125879,Loki
6.572308886584941,6.241357292997673,4.5278136720410895,9.673047623666998,9.070620864991541,8.392337454114012,7.956906418706709,6.067190703738127,7.304989992425776,4.8560941756506235,Tony Stark
8.030741094987057,10.0,10.0,5.639615258681634,8.496020886370156,5.127887917261075,1.838661066572186,9.935821427068788,5.351508069903631,10.0,Steve Rogers
9.267879608976155,5.65898245484841,10.0,7.968729096476855,8.995340002517878,5.453204367886935,4.514167640940774,9.69434924951694,5.466622635371483,9.89182845121901,Natasha Romanoff
9.6245925961664,8.787445652556418,6.436136101230457,7.444388857435535,10.0,7.835550747483928,4.363879792235476,6.8641897590024,6.950526201475929,5.4272762453977546,Shuri
7.974978712461343,9.394253328871182,6.9625340287752815,6.906317106280805,5.559622941612345,6.002847852657198,8.018341458961379,6.024432344364168,6.557160766556768,10.0,Thor
10.0,8.27924992135689,8.700367692916846,5.4154384609814565,6.877331528483072,4.316009610274843,6.815883267561129,7.809276459036588,5.240130403643881,9.591055974823805,Wanda Maximoff
2.8836262621432587,6.489797187413113,4.19991447090737,9.116121658729277,10.0,8.747564210493108,10.0,3.634211627984099,8.308946380097131,2.611063211900805,Loki
6.499196006602144,5.150595212714662,2.8741612749350347,8.292032939055392,9.142441428550722,9.010687491711003,10.0,4.146536664585906,8.151205575878405,3.2564333861355226,Loki
4.40166352759355,6.182430499239489,4.075892502143429,5.934770294486961,10.0,7.777763350763534,4.237259545188476,7.474745868919507,7.029936558988396,6.313572996144249,Doctor Strange
7.785522051314285,3.939444440298371,9.532943967649114,6.722114793674908,6.6769994306648455,3.355122770469988,5.180188638951798,10.0,7.934890918366874,10.0,Peter Parker
5.00191415103475,9.21454126217885,6.910989231048478,6.236270703032626,10.0,8.106154013018564,5.07320275899979,9.336893326640638,6.155339235564735,4.728076889357567,Doctor Strange
7.494917343038529,9.951797752254468,5.5902740438853575,9.52524186026263,8.058885103464224,8.88206744240309,7.5921724937212,7.78435660460563,10.0,5.580075968699815,Tony Stark
5.949285983269102,7.312100876270304,6.821382612201203,9.288206347392842,9.106973949410571,6.503004365520433,3.7171682601321563,7.326731157308726,7.925236734840527,3.373951667427484,Doctor Strange
7.21036788661717,7.646976371053291,4.190008242549342,8.741545875768592,10.0,8.491747660855047,7.953452187804325,4.930073857098067,4.504008454029547,4.816592447809827,Doctor Strange
7.421968185998667,9.759352326642146,7.113231133627182,10.0,6.437284873711222,9.939101997587352,6.945962162133911,4.476483674470465,8.902309541339061,5.582345699123985,Tony Stark
10.0,5.0077556686410984,8.666881609725522,6.107585676668011,6.617778776787402,4.589190480138119,5.061055164123681,10.0,8.489030204258416,7.754617010905041,Peter Parker
7.58691191328622,9.783627589674676,8.597798300137502,7.117768017861598,8.51466456976042,7.287257826101827,3.8167210938505223,9.387509792636205,5.0331895592227704,8.962941263848284,Natasha Romanoff
10.0,7.002003075310047,7.38973541925553,6.855699600149483,5.766334370857966,5.917546395962757,6.994492438443799,9.111543744149005,4.741594638409347,10.0,Wanda Maximoff
7.5312373261448435,6.717623711263547,6.314699748108504,4.601576966382892,10.0,9.082203101985014,5.0066942991319,7.767535489837132,7.378860573117489,5.391009666949667,Shuri
9.549120532886683,6.88048143854461,10.0,5.372165788785619,6.82857145513032,8.499592240127328,6.819949366594166,10.0,4.982006049301924,10.0,Wanda Maximoff
3.9526480068291727,6.108763567657188,2.4760844776904896,8.052012935870017,9.832815222801655,7.138132622086141,10.0,3.3808285387266315,7.381921803367464,4.211294849192068,Loki
8.124844145929552,5.070581569977717,7.916487340469442,7.527929845804108,10.0,6.438626420655644,5.0883226280179095,8.49011110589273,6.819360541822585,3.0589468713677936,Shuri
5.907421920923042,7.853006895185584,6.545761119880967,10.0,4.553598682309565,5.937262635043272,8.166690176995395,6.482871274973972,7.119243464170084,8.657268998943561,Thor
5.776965965524271,5.830912429292187,3.773954851575481,6.794852451227097,8.747826570909968,10.0,10.0,3.9966910859423708,8.351904506366159,1.7739274287037265,Loki
6.509950255161586,8.174905390048892,5.979281115680531,8.566459897290699,7.824723488842854,9.20648354503568,6.545657750259661,6.202574448828593,10.0,4.016127124002198,Tony Stark
5.115930493455416,7.935790263747824,6.848923522906495,9.310237051860227,8.973556197788897,9.941422793900458,4.772518648592276,4.312086467988839,5.064920440961516,6.043324970095397,Doctor Strange
9.90996397340377,8.576319972681425,7.522748544528527,7.567781455125606,8.559258204824921,7.96943522656674,9.746660078086867,8.1170419307618,8.348873047920957,7.358823606262773,Thor
6.281441930993909,6.948855782885923,8.854261528789824,7.8523580292476005,9.775223908192526,10.0,5.880853197080801,8.496093160660665,10.0,7.2260794642332575,Shuri
9.609591044282242,8.863947260138875,8.999208128905295,7.919947886686218,8.694849851895889,5.291380412483592,5.898508507184828,8.30558195798135,7.031905332760784,8.853748060660045,Natasha Romanoff
6.94935963879157,8.405956602148045,7.80292360746603,3.757564149994141,7.053879095149054,8.542486298870022,4.988485640785745,9.453714086454806,5.013150247351952,6.974665138805414,Bucky Barnes
7.671915853991169,6.785277496212659,5.597913258876467,7.729870769734574,10.0,7.805627391690163,4.264572190455591,9.511437536008065,8.319630635301133,7.397304662695301,Shuri
7.109233868530519,5.118264776685266,9.674988539367266,6.551953005493426,7.089769031887517,8.022813859971484,4.31578755312912,10.0,3.9334682276586825,6.931882973017214,Bucky Barnes
6.659318300578111,8.966108325360645,7.348020368580357,8.279232709238503,8.682113471176203,9.883290790630276,6.903195070500168,4.7312063860172255,7.77335605206669,1.8911554842996408,Doctor Strange
10.0,7.079560001580756,10.0,7.243047587566916,6.682232228427729,4.478573001730927,6.526177529881499,10.0,7.871371035855036,10.0,Peter Parker
9.117113555407158,4.330403567950806,8.191466964272921,4.734627650652442,7.523260399636458,6.538792418862154,4.119235611413025,7.611229690876469,1.966992590642958,9.106220546442527,Bucky Barnes
8.558629585727743,10.0,10.0,8.61008258782773,6.630979116099174,5.58451853320961,4.632356330669199,10.0,2.8667033670821525,9.426989656808553,Steve Rogers
8.056389012829419,6.99749284413388,9.731659977136625,5.490195469580394,7.318581106558483,5.020677106736084,3.9760726519398935,6.174620369372482,4.634973705040398,6.605052564876148,Bucky Barnes
6.936003610229254,7.900338045178989,9.2469514583058,10.0,9.014306798864332,10.0,8.055265472630248,5.746357519005565,8.646966003264641,5.811185152991339,Tony Stark
9.241773135510762,4.89763397000432,8.089163980013687,5.323668709411462,10.0,9.41148316030703,7.1090379242609165,5.951027611813567,7.440959484979837,6.896166401545095,Shuri
4.287736969596501,7.261745401176892,3.104656791662678,9.018129776814375,7.086225379764758,8.300760425446018,8.785806692652335,6.178175379178008,6.5386713999819355,3.838741619308862,Loki
6.115068617212286,7.596970651928999,4.5356205987415485,9.313640875984996,9.168614784965076,10.0,10.0,5.891108343441919,5.914455009714322,1.866021105498666,Loki
9.837161673992126,6.512071252117706,10.0,10.0,8.542212479434957,5.914385396158529,3.2706263586636024,7.42268577383286,8.517676987884277,9.021350000253973,Natasha Romanoff
7.3072630661726645,4.842504909555686,8.052362001733156,5.795180972456355,8.141462359134074,5.924898538220338,5.127128210170733,8.246195935401621,4.178552428164969,9.2822451851824,Bucky Barnes
7.13274305904123,6.248957070582983,10.0,6.994987485560381,6.650483631264702,6.149779207724634,3.7751572608838946,6.781241920526935,1.3559129658126183,6.068569218781566,Bucky Barnes
8.601117824308782,9.064062970023853,9.724179908448397,7.376391458875867,8.228645258077202,1.7185666448789974,2.960298532171488,10.0,4.876421105047143,10.0,Steve Rogers
5.81707093198205,4.702133812066851,4.210834582755875,9.41777128770731,9.159978839292329,8.66487038371951,7.37079173760498,3.514553613811003,10.0,3.972416455138052,Loki
7.2661622458700705,6.951356919980232,9.309017722024965,7.805508634392857,9.060010172760144,10.0,4.805548523626003,8.756184527795458,6.898436999169974,8.921429219544658,Natasha Romanoff
7.24844414057301,6.166846673901463,7.529724709262759,9.011102068975806,10.0,8.975605314065952,4.959754507950176,7.482159513029781,8.760020966107563,4.302068894188668,Shuri
7.444444345258627,8.76419302532276,9.511519240855575,9.168422554396942,8.252053255433133,9.063109004002385,8.264978187214515,7.3143581637722725,9.171546411209532,6.43595151800626,Thor
4.778628133154613,6.675735376905279,6.408917217493334,8.405133479949425,8.315701359070015,6.485012362288467,5.496111003574984,8.867867763156163,3.6721735762256404,10.0,Wanda Maximoff
7.986420316627255,6.38129127690696,9.933042370195064,9.095383513561307,5.638544501986734,8.601467610843173,7.267860588763518,7.183593966402273,7.196916436442925,9.358858986565544,Thor
7.92369587999587,6.362592129250378,8.890400696389731,7.075502563355897,7.649789553529577,7.874969630278246,3.7601925247755665,7.210550244121904,4.8313288562802565,9.93917543589275,Bucky Barnes
8.37820121070071,5.211784510533475,8.963534571251522,5.504840334804054,4.494820145607999,4.800987015700706,6.715760702716551,10.0,9.094046731927683,7.05805342277522,Peter Parker
10.0,8.83220116981505,8.87058194177966,6.90528565442522,6.436030803450732,3.5770915912988217,3.4478852572837573,9.406858832976202,4.160190325298493,9.605263142306242,Steve Rogers
7.24387996642861,8.78675500762775,7.16484226640144,10.0,9.118240666197126,10.0,9.088528462958298,4.994341712218983,7.739819941411568,7.929366070018192,Tony Stark
8.989099155983709,7.432373932842712,10.0,5.590036669296655,7.805787909704888,5.908877994147336,6.376193317426606,8.340217709737427,2.1732179566441125,6.041958302314667,Wanda Maximoff
7.507484386133899,6.498401859639099,3.73539558186908,9.27120631798483,8.82059369886376,8.525655226731027,5.234875450146529,6.208109597385285,4.177169952218844,4.288090515331606,Doctor Strange
7.171511914558209,6.709844493338357,6.302531687827751,5.858688622168531,8.82518518904583,9.274795466835677,5.701062101859809,8.7934553699158,8.961356132063496,6.39570518250908,Shuri
9.025167071889097,8.935031009603124,8.793215018244268,7.410470412506518,10.0,8.736663514372461,4.511072739177644,7.183644545887806,7.281121883677674,9.14425010756645,Natasha Romanoff
9.54223800976696,8.57868626217965,6.513121544576935,8.34336624546448,8.417267998432093,6.229088081669833,6.565198464812018,8.178189438956606,8.46105094399309,6.522806097244223,Thor
10.0,6.550805230863543,7.99859262575421,7.1953740899202705,8.73410783393353,7.632341032762838,8.44154629774042,6.21397641258076,2.7664630382709783,9.950989328826134,Wanda Maximoff
3.6774494982758865,5.825928359761878,4.25440372847064,7.3654942636554885,10.0,9.292079679256657,8.922734761371188,5.488563805322612,7.543483081451456,4.259284513271654,Loki
8.907443081918538,7.620392994445975,7.986869277970105,5.510028967558807,9.772633759593042,7.718424956337471,7.443024256662135,5.930137597009663,3.7188320285377756,8.13446806072504,Wanda Maximoff
8.723994044922238,6.584182792793319,8.736788795908822,7.251262442395603,8.122725208488912,7.687390505444362,6.124864157767603,9.382085985405233,7.1577573288633385,9.420442611410518,Natasha Romanoff
6.024458181694436,8.637275884720147,7.689823464414115,6.353550149128667,10.0,6.190459293309058,7.229938718054843,7.281685042822193,9.603391593434448,4.167267521913073,Tony Stark
5.870666396749662,8.797887947679664,9.490121006574727,8.040681289702405,8.67553585547357,5.3567261669252675,2.5664449221679058,10.0,5.268121746125766,10.0,Natasha Romanoff
5.854137425079179,10.0,6.922686145416293,7.480173932819822,9.535933417559837,9.985474616880044,6.2535571229743585,5.598550362082529,7.118391049722588,6.571540250246098,Doctor Strange
9.936655053042179,4.575669721063984,8.639369133115924,7.72417283802611,7.715172824870635,4.712544584495758,6.845965993482471,8.775055628769223,6.813765202258343,8.685931295882899,Peter Parker
7.355420555906959,7.5658685428877295,8.640622350298187,5.985499936009866,4.981898432387014,4.0823153167316635,1.4816068988332312,8.727514095290399,6.50052549988775,10.0,Steve Rogers
5.119759388944874,5.774831712353043,2.6466853448465533,8.528360364136065,10.0,9.25102765682709,9.13874205633907,6.099061859682632,7.219526519283255,4.60179387182082,Loki
7.277081773049,6.511659090757745,10.0,8.323681987292385,6.5563858386555145,7.381918073241037,5.178756831613116,8.956728360594534,3.7881790705339826,8.095131297444025,Bucky Barnes
8.209656733474342,8.720885451929252,6.694588931025589,9.795294869847249,8.465544544259844,10.0,8.694890039124303,5.420249448310707,10.0,4.736413852679603,Tony Stark
7.572252793231753,6.293238085288054,3.2019634909143067,7.722950123936321,10.0,7.046273935451147,8.284376030023495,5.793616343062811,6.692862413339547,2.0637188759230716,Loki
8.290039428352411,7.655797650206233,6.740105844056552,7.627496359895348,5.824006897128042,6.2213490990772735,8.669203223862684,7.4831474192905665,3.5502605158985663,9.6767638885474,Wanda Maximoff
10.0,4.98786110717916,9.020921467687906,7.022136202310009,8.206734163407866,5.024319537010878,7.11247947352037,7.075787612164097,4.54235445006307,7.690547561690025,Wanda Maximoff
8.893808249115109,6.793281824195856,10.0,6.636789413272552,7.935542123547305,5.523266259762822,4.672646149827939,5.465826127742559,4.50740110607748,9.87641462450638,Wanda Maximoff
10.0,6.085118976569774,10.0,10.0,5.114533265835191,4.698288181623292,3.990111262344092,9.421771482429278,6.295467803198724,10.0,Steve Rogers
3.0777081852785706,6.805956211966236,3.6744853580344863,8.580973577625656,10.0,9.226170720829714,8.942858034416645,4.983249668325567,7.751384328893668,1.1810032256837708,Loki
6.120065007287605,7.709896554443702,5.44380968998923,6.364029350583235,8.315387317698157,7.584886030912626,5.277235905025021,10.0,8.301708003438918,6.549732525182377,Shuri
8.459081204755309,7.130418744034039,8.577642200206423,5.374822268129589,10.0,6.5260542262150505,7.847342338224193,8.680592715966961,9.205626700873125,5.122941545279961,Shuri
10.0,10.0,10.0,5.181715503704871,5.94817480863169,4.656432369961895,4.9745262759198745,9.9733169761618,6.421085791813204,10.0,Steve Rogers
5.664977812592933,7.149843922409479,5.972103340926339,8.135792476621436,9.219510122510036,9.23557970026091,5.783141127751392,7.878048593145146,6.284468551025716,5.469904198561622,Doctor Strange
8.38812777526933,7.672001844361779,6.062816968032136,7.1932428838343245,10.0,6.461066881801046,7.052419003864099,8.371675150051844,7.808782907604865,6.131160485652759,Shuri
10.0,5.967786505468098,9.681348318101758,7.234144403913959,6.578217434659747,2.467716551048271,6.658978175789907,9.532930902016583,8.972433262056558,9.60209382784465,Peter Parker
6.687368410285973,6.591815048004336,6.825040120818473,10.0,8.889923347505759,6.369690631680373,4.8302063760812946,8.290166307517515,8.615044704415887,5.116141135777377,Shuri
6.289385708097017,9.841530432049337,7.027282144652667,10.0,6.656340051077583,8.412378601992451,7.616414609299627,7.8258411412528135,8.980661546453998,7.538483385663987,Thor
7.936747778619268,6.849824212491206,6.804685277612326,4.929926256336687,7.497933594162182,8.99310821726362,3.450846022907391,9.958771715746959,3.057095505832997,3.7681091728116325,Bucky Barnes
8.25857164659474,8.307725352906793,7.6181363904251285,10.0,7.69722193788,6.706247212323916,7.559436809724454,8.143848155467776,8.83806420276959,7.383268164333487,Thor
9.372416471210519,9.062226162197334,10.0,8.108532910999005,6.15206265144857,5.640743741789035,4.322119651595695,9.354219047531577,5.9477052715352166,10.0,Steve Rogers
9.5851819861573,7.5701968671647215,10.0,7.0438368918767384,7.847381951111519,6.028719032930686,6.072825910333168,10.0,8.742734442615353,9.609507154561104,Peter Parker
4.57714952226937,8.529235355306922,6.471236588457112,6.1820844621718845,10.0,8.2281934149981,6.520123344854416,7.837235857364079,6.498673667216439,5.090740405303871,Doctor Strange
8.100249020587151,8.28703586730931,8.92902715357657,6.598572440741869,9.64146598723113,7.767326867932892,3.4995981081508836,8.717856806697572,5.467765454659265,9.284354358551722,Natasha Romanoff
4.3426855600821135,6.6519756754443184,6.977346991921614,8.566051813615395,10.0,8.288242197254448,7.66357091028727,6.95084268727295,4.042728737969309,6.540374937473079,Doctor Strange
7.441934406375273,4.64332416606328,4.996207783972149,7.537540716036603,10.0,6.697964274925361,7.946731702664864,6.612523003609959,8.321586199385589,5.4809506783183695,Shuri
6.825081514265832,5.968717142063712,7.671222647774273,5.616863179624046,9.585992804580965,9.428433635325854,5.350284806809677,8.839358203512042,5.896287182737087,5.53673118234501,Shuri
8.439622209894582,9.500320976275152,10.0,4.919131024400999,9.768619520309997,7.5704056429818944,6.45626398408522,8.739009368921,6.753711297457009,8.659696505364687,Natasha Romanoff
9.382513048666796,7.977073379850191,9.20253981109248,4.787511134570307,5.898516050494406,8.724462306892159,1.672570597662169,9.880945882091162,3.015456663074606,10.0,Bucky Barnes
9.417373754136491,7.516667478678273,9.026383673606356,7.968450919243919,7.370246252541264,4.778580150152952,4.806394235865641,9.81807925954666,9.05256333611856,8.364831110125717,Peter Parker
9.053325366795292,9.581449931860408,7.030560902399733,9.633246136170033,8.834873483983593,10.0,10.0,6.528084280296533,10.0,7.461587636337715,Tony Stark
10.0,9.547261082431273,9.936280168368436,6.925182002880185,7.978147725840498,6.9419558356177875,4.4601831939980086,10.0,6.121493022541327,9.706500757356977,Steve Rogers
9.606479937303156,6.936403964920726,8.286285756015829,7.099482806040913,7.502309308831014,5.488663189805163,6.317681784612858,9.182878532771863,7.311281765601481,7.5829376855992185,Peter Parker
8.000634749261375,7.095726978415937,5.859802617335778,8.742138936021648,4.446413324328554,8.045493297543489,5.512790213153556,10.0,9.35519502926358,8.45438863586949,Peter Parker
4.371358907940218,9.134375118650814,4.389552268617909,6.196537208922851,10.0,10.0,5.165942792211259,8.253886529569044,6.995657941747098,4.885601631110652,Doctor Strange
9.8597473930416,7.584015758221708,8.595950650451462,7.340114678969676,8.365823444547516,4.304940686457292,4.422826136815386,8.176611754615527,8.729290936797343,9.485972983747024,Peter Parker
7.829031630428107,9.414023965662802,5.714019032170613,6.036845301008537,9.716661451504558,9.658103000493774,6.074866845474337,7.793031039614118,7.07927497018715,5.663573191769856,Doctor Strange
8.665361466190657,9.458216269023113,10.0,4.704362247031159,6.011831937846351,6.226340998364791,1.8282225886723618,10.0,6.888920707948918,9.538180827720314,Steve Rogers
9.235092542873797,10.0,10.0,4.477194892750414,6.899502007617658,4.1646867819317865,2.516940027259303,10.0,5.630259398168072,9.962711148819315,Steve Rogers
5.305778301392851,4.3807229987511205,3.861289023337218,8.644992797105717,9.731132860766696,7.749744750017781,10.0,4.912821202021062,6.698516035870323,1.3823655437218234,Loki
6.422779621946171,6.335714142409145,7.357646023457517,8.38967082356057,6.0214304521498425,6.56596326695474,5.384700245697756,7.600310242604485,1.2028745597691652,10.0,Wanda Maximoff
10.0,7.330907333605571,10.0,5.135835094165564,5.024894916925609,6.934223114408803,5.00607329513209,5.681562367353859,2.841928938341916,6.980756133733907,Bucky Barnes
10.0,7.826016950954008,7.999296334068953,5.596966827878396,7.285064371281553,3.21767089021089,7.70535369212782,9.41443283030951,10.0,7.969495787017166,Peter Parker
6.049363939910794,7.299057294890318,6.972190256438487,8.046394568325187,9.285962536161172,10.0,8.366167279371615,4.013878044776593,9.845238382087926,6.9275361287243635,Tony Stark
8.551372160473802,5.656863395838386,7.438800136498901,6.985163086652501,6.2148013949937235,4.748571969411436,7.521047115525949,5.743253542253434,2.0831350648518367,7.597392357628006,Wanda Maximoff
8.289607207018637,6.237780148349195,9.29734778612822,7.207770493172668,6.69125157432223,8.308151431118478,7.722163184228354,6.761819782582395,3.142568982940875,10.0,Wanda Maximoff
9.042722144655718,10.0,10.0,6.833654447485916,6.84989344366407,6.724790412192985,5.511900878053607,10.0,7.14888633752866,9.516942797216979,Steve Rogers
7.368136077305136,3.6297546777196095,10.0,5.293190215706741,7.176733796665993,6.049472004359005,3.087204797272573,6.70126357841387,5.185371197341876,9.48715199674271,Bucky Barnes
7.6239322480750005,6.662383940302623,6.718171781196014,8.085835019633398,5.864930718028481,6.364754630164238,5.262305227008003,5.583203896073362,2.522648488536648,8.638031057649899,Wanda Maximoff
6.611401741692656,7.222508228815862,7.222052384474777,8.232441457827036,9.61649123300294,8.553449245355697,6.360546186429288,9.094483341397014,6.97511196622764,2.1614300148892527,Shuri
10.0,6.924486420527256,6.884697998089472,7.573344069279889,6.77613629891579,5.046385170035083,6.311178767825823,10.0,9.222241204432526,8.06282157414088,Peter Parker
10.0,10.0,10.0,5.345009881587362,6.033506103946404,5.636396961313711,5.676394514601608,8.48388670682268,4.844583973938874,10.0,Steve Rogers
9.103108549066121,7.369478458471737,8.424411745281114,6.081817137181347,6.593422088383371,5.40723915327173,10.0,8.275252551820106,4.20985285603174,10.0,Wanda Maximoff
9.76511233181085,5.863450823441254,9.03805490459629,6.929548623476349,6.3014479309858,5.956125694085326,7.035094990685213,10.0,7.245462861694048,9.833048406440133,Peter Parker
7.111680946243416,7.349235430132926,10.0,5.440430601004149,9.58218229025433,6.113876254275103,5.287397355267035,9.818153201250567,2.2980252578624674,8.72204036400113,Bucky Barnes
8.651755283992244,10.0,10.0,7.025385008200507,5.756331945229588,5.283591272515921,5.266017131494216,10.0,5.208418962041699,9.003802933398493,Steve Rogers
8.090790324176085,10.0,9.609664756741683,5.017995781749681,5.849430304688376,6.96025805882979,4.480904143231543,8.345514623248263,3.074557030189487,9.85979512486177,Steve Rogers
6.060305190233125,8.496291625019364,7.6944776108126565,9.222290374682178,10.0,10.0,9.795377195704113,6.661766758907152,10.0,3.649001965032428,Tony Stark
5.278796775175355,6.810781250176108,8.447387431766664,6.6367279405950566,6.813124780831233,5.924429304701581,3.910660510447135,7.4481623745314,4.384643685277577,6.892493691276468,Bucky Barnes
8.287547143629997,6.33993937141801,9.205770368619403,5.479396292972726,8.040846995961125,6.55012824651306,5.005437872003072,9.734702610348192,3.1530739158288257,10.0,Bucky Barnes
4.254676603719103,8.025955835968782,2.625173607725107,8.857990324051931,10.0,7.026233378037195,7.961524587508007,3.1716367988126657,8.70573014164574,2.5412061175868113,Loki
5.708571054029209,9.758992051893516,7.15621339925536,8.230422582755315,7.557096375463297,8.1346704639486,5.314972092067918,6.066730022940008,6.238526589831157,5.2643026012940375,Doctor Strange
9.633380597243237,7.293036732783799,9.153655772259151,7.634541780633365,7.50453646599738,6.550912906636907,6.901765466949117,9.446318149612692,7.19841619500019,8.93780731550646,Peter Parker
8.867891284725193,10.0,10.0,9.202775716002447,7.891592958959196,7.054011496287655,2.016994148290366,8.79189184235615,7.385783996826458,10.0,Natasha Romanoff
8.670131375283905,7.358292269332923,9.309391069756373,7.5983045808272305,7.30594851197515,5.409610881139777,5.414506670714699,9.742713306899029,9.456139756781305,10.0,Peter Parker
9.507503364570503,6.216936219549323,6.989130855743209,6.577192770271836,8.363326106665593,7.476751628148424,6.080691477759663,7.575688868292889,3.991985308902812,7.739705634392436,Wanda Maximoff
10.0,5.346359581214237,8.303914343441118,5.662754000241627,6.505314692426419,6.3750117943592945,6.305688078735205,10.0,8.645085672093376,8.234692241285225,Peter Parker
8.261503115608301,9.781349165781807,6.539206392513285,8.639231401538133,7.805312995502974,5.666174773881294,8.700572218698506,7.665220199806442,10.0,6.021305725347204,Thor
7.96726616159467,5.716571560271884,10.0,6.479110221273296,6.539807395460089,6.270330816142396,2.5235342425859377,7.917645143181513,4.384516927970795,5.607030009373836,Bucky Barnes
8.376328062547568,10.0,10.0,8.637549616083687,8.092928035557984,6.351718492421433,4.9161356967969185,10.0,5.111886249704767,9.703425351128248,Steve Rogers
8.522934153691136,8.21601336328822,8.95017533361216,7.110723227562724,8.03853315759378,7.423907146775337,5.575344640200893,8.827824844713003,6.996305246122524,8.998166383076489,Natasha Romanoff
8.439193960794542,7.812138902476266,4.33501496726036,10.0,10.0,9.998538063255351,8.101950276050903,7.768078228068052,7.218611696305569,5.067906340410069,Doctor Strange
8.502674098260714,7.514681736655339,8.967615418683145,4.841133962042732,6.671739989882488,5.951850266907428,4.086447781270552,7.65411804955968,3.358424346920649,8.582684243702113,Bucky Barnes
7.866256358697698,7.771027454740252,6.966958460126808,7.233880286037319,10.0,7.998415081777568,6.402824944186511,8.004785118954523,5.381500905594309,4.311240100766657,Doctor Strange
4.176408152638825,4.832303922197509,2.357594124703234,9.353432281611772,9.549781419436345,6.247218188657918,8.220898990506644,5.1433896422728305,7.04830170842828,4.872179847667036,Loki
9.387553115645865,7.791573075595821,10.0,8.257520311177691,8.889338747580412,8.197775607858492,3.385462669974083,8.42259648683837,7.061486620393701,10.0,Natasha Romanoff
6.25721038431223,6.733097969882905,7.238839468915067,7.929463213504576,7.088077226487787,7.135210531166476,3.6156142442889903,9.84959528692353,4.761649559780201,7.391817871345822,Natasha Romanoff
6.495912457522713,8.292672508769334,8.875724889797498,5.45589746727735,7.72671104244723,8.20940223377122,6.606765523440804,8.184227971472609,7.925463655069374,3.6851811892408666,Shuri
8.60600561403702,10.0,7.130830507883081,8.15437350614359,10.0,10.0,6.307124539119595,9.566291932313192,7.014382354673863,6.031101180592117,Shuri
9.80994364929894,6.646145988455101,8.544670921534223,6.582000745190931,7.045906285330605,3.6677517699532634,3.20904332677879,10.0,5.513875063381018,7.758701621069099,Peter Parker
9.574041133588102,5.751696553518674,10.0,5.511034361021873,4.142374106781123,6.718079598987209,4.245946568891798,8.188546879610634,4.207438131591847,7.366932247043041,Bucky Barnes
10.0,10.0,10.0,5.126380900487322,6.990342148617898,5.457921211167577,2.8568061915075975,10.0,3.6167718827651525,10.0,Steve Rogers
5.115615514150759,4.982487131401569,3.4274514220254373,8.796194203858697,8.723433020646741,8.777416754199743,8.517644877048156,3.8707977708512944,6.738396838438279,1.0,Loki
4.8182805026323,4.592556117894786,4.98705959348648,7.478048783611208,9.472727992416443,9.353323487787376,8.838864654915627,5.046846016132267,6.833221827749167,1.2532667536706579,Loki
8.042266536349404,7.604723622581837,10.0,5.867436249666237,6.585434666753187,3.8677550792987763,5.849341631927851,10.0,7.560771176105714,6.726385755761434,Peter Parker
10.0,6.68178272095464,7.977954187459655,5.592086424759278,7.0887758729205315,6.2874547026922745,6.72575173785772,7.49509372221181,4.385885977563781,7.682325763636776,Wanda Maximoff
7.014282569450824,9.661200738046237,8.070992478208158,10.0,9.692645626655116,10.0,7.743547888917445,3.4955971349168578,10.0,5.427875711303968,Tony Stark
7.267818604185586,7.408046085005378,2.498524846216767,8.267386261868328,7.648284397018757,10.0,6.956014826836922,2.995998345488454,7.995998119960862,3.556258201426265,Loki
8.297179883721855,7.004917710284614,6.992985854089036,5.8687976008596605,10.0,7.608964178215118,5.891999440678946,9.447460613832494,8.631647742416428,5.286492993195379,Shuri
4.5661335223560195,7.056100032791423,3.4379168259775987,7.760850499929801,9.462102546909726,7.248685319928489,8.184872035258616,3.522579106145228,8.09228235425798,3.6986841090310314,Loki
9.287681805067969,6.9581623259766365,8.6434731898046,6.7806956972709,8.74677346422368,6.96513922346752,7.096970758894607,8.431674288167631,1.938867219605974,8.89365660916847,Wanda Maximoff
9.094089803899948,8.709148547187793,7.0916914508758175,6.908386194324387,6.398958462674474,6.99088141467376,5.731894441760689,6.597793155620637,1.675404386471683,9.742970106962327,Wanda Maximoff
8.593293260288652,4.6648794479269515,9.338469512831667,7.4289839086197205,6.156943775766128,6.989144353727546,7.016868671586995,9.218029543269008,7.097180855230009,8.71523348285844,Peter Parker
8.530493739611654,6.61332449426749,9.219106510804906,4.979334782369811,8.24114582525241,4.77964005043188,6.202202995294887,10.0,8.41030280294998,10.0,Peter Parker
4.112370704209194,8.067941981737977,6.41027995795208,10.0,9.877442032776587,10.0,8.950166356719818,6.286514217643836,10.0,5.119158421412647,Tony Stark
9.060094294973808,7.16819936384946,9.645708812191673,5.9347721622592715,6.220326379403691,6.89705155844943,6.066829034904147,8.341332753183654,3.8663976620946725,8.70461595974658,Bucky Barnes
6.331485827226802,6.034339687496949,5.27256371079546,9.335153132571554,7.438675036652434,10.0,7.417789793927403,8.968258187533038,7.827856756078585,6.254541473387252,Tony Stark
9.419746027102128,8.725661951304001,10.0,5.789413845035374,9.545370002826052,4.458929235704609,6.036819209330356,10.0,5.537514320127981,8.703717691323789,Peter Parker
8.85858370166857,8.757787757355432,6.274696695861046,7.9048514603760776,5.743765758001092,7.092669946883468,6.669328719055002,4.659780323911782,7.316838483582323,7.67934305332175,Thor
8.293322582043658,7.845136440945546,8.122297871134718,8.804253803349162,8.86038404186982,7.380478359931277,6.849992123871903,7.848360049510686,7.364983251870738,10.0,Natasha Romanoff
7.320596779881488,4.725782550961954,10.0,7.0614408639495,8.368396527184629,7.244839046969415,2.2800166364651173,8.105774643540734,2.1078905066110245,8.302883831993421,Bucky Barnes
4.518774298847872,8.91851165574811,7.131584265409501,6.69805356881174,6.72463387497739,5.020245758433278,7.3003001774945275,6.944609455722394,3.104330026463077,9.186627520814193,Wanda Maximoff
7.694766351122914,6.945181155994577,8.777823435337758,7.994377725571986,4.768277494912649,9.485437400756686,8.443276450968778,6.7063382146896595,9.801791230917146,8.011164841388373,Thor
9.075583378930947,7.825291982028174,9.362750379979609,6.9412825072922875,8.710974209226825,6.025941377326763,3.7373237507613504,10.0,5.070486177878218,8.638375385870464,Bucky Barnes
8.41425360754316,8.71467977809209,8.072143019849346,5.910607912956399,5.594328347062707,5.733787745926673,8.391775816921818,5.970389113571083,4.744849354995877,9.118196137517891,Wanda Maximoff
9.603045706592326,5.448190153729736,9.952745753671007,4.786579963779447,8.96784982375158,5.169411829003747,6.762521969983144,10.0,7.114926049961786,7.8570518047759474,Peter Parker
7.253576710955193,5.990760877691606,9.630290537350403,6.905143738742847,7.8794755575722,4.662197405752031,5.1325615457323455,9.321386425186194,7.749789538669745,10.0,Peter Parker
10.0,10.0,9.44684191807646,8.406166044630803,5.758341091594142,5.490037997571903,6.840823738616664,10.0,4.030488150922995,10.0,Steve Rogers
10.0,10.0,9.303536841183625,8.63064212139444,6.0743552243736,6.261374754667507,2.3014034425962304,10.0,4.4923329431612675,8.714369698823413,Steve Rogers
8.061223265629154,6.97286234229505,9.357473723911733,8.355727181938896,8.775939196429771,6.965675180545723,5.131203811189827,7.368869296310261,6.058242708882543,10.0,Natasha Romanoff
8.706114258605803,8.766369613468854,9.117530503862824,9.390083030098621,4.539375108150842,8.862925201711475,7.998273649714573,6.396578194595821,8.63170520350786,7.137178527012026,Thor
8.243192086617738,7.176725715281996,7.825831893525326,7.975092437809831,6.549424887316334,6.283863116723574,6.223835477308359,5.827696451635334,4.214415989887311,7.879040416226788,Wanda Maximoff
8.70287480590767,9.212701841757475,7.81734636073074,7.278986248824415,4.294807676545387,9.0747050809951,6.424257476500179,7.49003326382489,9.142936387275745,8.471415605388785,Thor
5.266947183412259,6.237537871145156,6.782702874881729,9.088028507330442,9.472463747493373,10.0,8.40106205790576,6.298250988660555,10.0,4.665507788693892,Tony Stark
8.310423167207212,10.0,8.854916150942893,7.95160086690367,10.0,9.097786672770557,5.531768730764866,7.272074089499759,6.569947382858266,7.299019880809141,Natasha Romanoff
10.0,8.434716750746773,7.71525090792105,7.574199807193079,10.0,7.250008797296231,7.297750030980737,10.0,4.146976263695611,9.727268523598546,Wanda Maximoff
6.335979315474143,7.435766773647111,6.818816217549029,7.021657845060957,8.813847614397583,8.19004049342541,4.224491898949648,7.889625113697565,9.03780895370111,5.543209022514058,Shuri
5.707114935407001,8.294095139485329,5.220331955751175,10.0,7.991751369615784,8.396706687174348,8.892275170603,6.302055652095939,9.232528998258879,7.81397356127633,Tony Stark
8.3447267649073,10.0,8.572794346607326,9.858434192702099,5.483710843731931,7.694583260907912,9.230801860416577,9.510867050362275,10.0,9.006555787160028,Thor
8.244563997918942,7.756283103136869,4.634155227852627,9.047030282910166,9.841414029809968,9.597664654554272,6.378439629121182,7.116254330224759,7.2856422543531645,6.332085086288273,Doctor Strange
7.115759080458943,5.105855284935514,5.741839317048233,4.45647679050775,8.607555935330636,7.367566279530729,6.20837960342787,8.169321563731353,7.137954215614126,6.711184923021778,Shuri
6.306214123683377,6.000967136543427,5.2756524671954175,7.1612504825295495,7.723917481922542,8.161086160361865,7.99217435715464,3.210016160251029,6.800781588447639,2.42361302802536,Loki
8.314315806941874,5.797970889133577,9.46288849219713,6.563265655677155,7.9256243892856695,4.615219278991716,2.5909707858125075,8.69360840369298,4.264265427454036,9.221166191943151,Bucky Barnes
5.909020930217904,7.8712594141669285,5.825980983139828,6.903841314364442,10.0,8.36944397028508,6.250343000089982,6.953545450357057,6.6254552598172465,6.788700998629858,Doctor Strange
6.701206033265031,8.908386464172203,5.656984148553647,7.088415022551958,10.0,8.833447103758802,7.783083327654129,9.21619131768686,7.250888810793612,5.2908217575601295,Doctor Strange
4.203413859364309,4.800998874779906,2.7276068179308206,9.243034962170693,10.0,8.32870383333258,6.329983063200816,3.156554075096143,8.684817722258746,2.9165960762714587,Loki
6.547786903194786,6.823597380093802,6.4392947399645575,10.0,7.042801159774357,10.0,7.326535852977821,7.434765825916955,7.00717461887441,5.016792781119789,Tony Stark
5.761117105515812,9.209998505692331,6.891300030492474,10.0,9.57527329929383,10.0,8.103397752328986,7.76270249412742,10.0,6.7802303405869155,Tony Stark
9.524000760363258,10.0,10.0,6.086609405998475,7.038973060830786,4.977689202134511,3.6590474404111966,9.51274311072406,5.0910852972856135,10.0,Steve Rogers
4.702152404636115,8.471933566957317,8.538978907549037,9.594377916439853,5.343834356556651,9.862152815262966,7.425152730328723,7.526098774590462,9.743295281255097,10.0,Thor
9.886873904322782,7.555982333555017,10.0,7.543820359701758,6.590698479061707,4.583322371112637,8.47554672237168,6.992423463489686,2.1173252897090853,9.027825753644088,Wanda Maximoff
10.0,9.498197363835683,7.537973775633762,8.469077141367938,9.622641509927671,6.414398459675695,6.994738146955559,6.850862390000046,9.637775180230307,7.309822672983589,Shuri
9.328296242033598,5.976981598949611,8.653475696373652,7.703988613904209,5.371680476078537,8.792776474538861,3.2008050055675965,8.202962325395012,4.2147752442819755,7.46610022054688,Bucky Barnes
5.977980813955231,6.811965105087052,9.939478986431666,7.942953864160721,10.0,7.872849346063954,4.274215625917027,7.717697361658586,3.022388222180046,7.570644567939419,Natasha Romanoff
9.610355518973329,7.033169102858735,6.063727769362067,9.45829059487766,8.830090144392107,5.8316186561833,7.240970448671019,7.085942011696652,8.543870855204176,8.271513545236047,Shuri
3.6620586594760995,10.0,5.124175666412106,8.743288610169092,10.0,8.92453019236178,5.74185252715392,5.759295834970556,6.654785013309972,4.642444164055395,Doctor Strange
9.623472257842108,7.235452094066903,9.784956767991721,6.143116509647463,8.589126395272105,3.415653846117358,5.92844416120133,9.803747109034893,6.968202309764024,9.379742334561206,Peter Parker
10.0,6.204064533172757,8.655792737917785,8.93017250150831,6.641326955995577,7.793416546607492,5.360896095474068,8.735339088435873,7.792047531435156,8.688644673953728,Peter Parker
6.742956644673147,5.835754577793421,6.519530160685741,4.208613220550077,6.222076507708324,5.505093357718666,5.32801476753074,8.008310251897063,4.721277401170142,8.58441272411742,Bucky Barnes
7.837290674754082,9.937065899648697,8.362563983277415,7.601341373338082,8.711551314530293,6.354288535447699,5.394669206782435,7.047069069151936,5.286597834611097,8.11945565074792,Natasha Romanoff
7.295278776255661,9.28926632867588,9.847539742908705,8.124009236351323,5.096240571595996,6.553589189257607,9.63285673314913,8.401255508645377,8.867522750014016,6.2548760046164,Thor
7.458501025381874,6.483792005730909,6.270147287126237,6.245353673726167,8.94984441755943,7.869378392810544,5.05272705752762,8.544554617307558,8.07119261186693,6.21140322235911,Shuri
8.74829545555671,7.183467440953566,8.993502937684204,6.9433740085149465,7.452487099414797,7.201635961646266,7.890206075923816,8.541839819851711,6.910560372441138,9.878659716696179,Wanda Maximoff
10.0,6.320957926436004,8.80106533565748,3.728047845113802,9.649819659923033,6.992538055931952,1.161525256869878,9.234657040176693,3.9372602349536243,6.835843184875285,Bucky Barnes
6.301761259658662,8.99639589316476,3.90765904057363,7.674338045254741,8.374717068583301,9.870722709345408,9.148167801807924,4.814082881263355,6.576094725952,3.4395052362833747,Loki
4.822026884711476,8.044058879758778,6.613953856511815,8.004022969422222,6.902327630360582,9.488109995758409,7.658079062656766,7.983165284999821,3.345007522505665,7.659055403753376,Doctor Strange
7.532988693885011,8.700615881372947,8.547038706795526,9.545705141756532,8.941391625876376,9.696495080314973,6.439879299080382,9.314108581468084,4.495610457241249,9.021425834966502,Natasha Romanoff
10.0,4.576536382480736,8.149185357325495,7.593487273355464,7.4417082325337995,3.6870230732515465,6.936408236633279,8.886407324767005,9.629783467320427,9.661811445312027,Peter Parker
2.014817090077276,7.480407166317607,5.394967625107465,7.5280397807525326,8.841951307590485,10.0,4.27333818014789,7.5634688821520735,6.798082022321304,5.395582383800765,Doctor Strange
8.79529261412131,7.27706886613674,10.0,7.691996433224126,7.887273279076578,8.001077870314695,6.63823695375229,5.6913563627026935,6.210434239487849,9.170652228273038,Wanda Maximoff
8.831836471563756,9.351322087563121,7.344162825527164,9.16034743160553,8.466950256957219,10.0,4.764675537501631,9.135227778964575,5.776983837049833,10.0,Natasha Romanoff
9.121250719317844,5.4157513625503455,8.41178027796835,6.610052237657164,4.515549209015399,5.427922642801346,6.568681621058259,8.066045581047803,4.356497440617222,10.0,Wanda Maximoff
7.384956491489925,4.503398573299162,8.668086611525082,7.373740897060914,8.54861983972036,9.839971856446057,3.9539931008546576,8.61007064444061,3.110287936306816,4.866268813277978,Bucky Barnes
7.75172974128885,6.634240524178929,10.0,7.044544321114125,6.41666428805363,8.511308710757277,2.854560796099729,7.071897608277492,3.8402490802348765,9.308500565260987,Bucky Barnes
7.767337031213101,5.058591624131134,8.876506756638026,8.588004960243204,9.925104816978084,6.899213544060096,4.662748600659239,9.221134080190375,5.925001723233328,7.089077507548858,Natasha Romanoff
5.536545142590382,7.16608326742597,6.167097148522779,7.339261927712057,9.551281670246583,9.348031337937964,5.165578896910798,6.867477298351283,5.193076192050513,3.4929744790499626,Doctor Strange
4.16175918510958,5.55449707468601,2.198458333294976,8.221222205106848,10.0,10.0,8.841642933551602,1.6994853793485039,8.89462792582381,3.1829902113306976,Loki
5.914951672981329,8.106103778228174,4.211169994698428,8.003578219908828,10.0,8.99600714638617,8.0220531649783,3.3559496948351257,6.609808867404803,3.6604713685815558,Loki
8.172492678745053,7.271176627814074,6.767676812710048,7.309338553542504,10.0,6.354810038214633,6.360799933895913,8.698140098414669,6.003623169124275,7.828895027960992,Shuri
7.688240116505928,9.732887431477245,10.0,8.640698366843337,8.030927925303128,7.312161961222834,3.1915766087583286,7.946978900249358,4.687448198194335,8.588656538504353,Natasha Romanoff
9.409263868996925,9.680450368690256,9.553087364306831,5.290307626503676,5.992602776727885,4.22249059512289,2.595035296963207,10.0,6.495784836233763,8.864921959588562,Steve Rogers
8.272058000673033,9.65051105810309,9.985886441298963,7.59966564440314,8.798843854357775,5.9158886784616955,5.202705678932806,10.0,5.712134851903372,9.954116005476255,Steve Rogers
4.669086976382994,5.235389954772856,3.946708255429458,8.16256344024205,9.476162866067803,9.662573994713911,7.808190637424489,2.802015406269665,8.462744321312755,1.5391978080445028,Loki
8.159051811216562,9.437779698121817,5.3096911692204545,10.0,5.468393503502363,8.176369227702674,8.71431153189543,7.907661320144442,9.342354922824603,9.24673072963296,Thor
9.407873679289452,10.0,10.0,7.307434136745213,6.964152140406501,4.934234883680764,4.766305262213483,9.322399003506874,3.8153920804510304,10.0,Steve Rogers
6.09750682532911,8.280361749271156,5.408809464075334,9.194430293896605,8.154691628295481,10.0,9.00089890208707,6.346024661663526,8.311973227430768,5.61045070756285,Tony Stark
6.5930687356005855,8.63737281059567,6.8684698321864115,9.505944818745661,10.0,9.857237635277704,10.0,6.113428204690217,10.0,6.446649278388284,Tony Stark
8.438902974649519,10.0,8.655889524723282,8.087201483956196,6.394086548063758,5.682242199812441,5.371659384003584,10.0,6.136449502767346,8.560508083240055,Steve Rogers
7.1070733914232065,8.643628468942158,5.688755071275545,8.889082730130841,10.0,10.0,6.189009856946886,8.65490958322585,3.6579340232809843,5.574023779014786,Doctor Strange
3.442381662647743,6.650791772818157,3.485716389217164,7.21610264458536,9.052154496346242,9.328903408225743,9.053261529700045,4.252446587328242,8.225161804757265,2.9097555792541168,Loki
10.0,4.715368495379315,8.79846951286995,7.110900517147078,6.864197282443563,4.427237657225639,7.443849965248193,10.0,9.057256654681344,9.736724937082913,Peter Parker
6.7689220455684245,7.148838069495073,8.528176673342537,9.806838147413997,8.464590222296117,9.559833061889712,8.665386481941686,6.456805080455098,10.0,6.538526253759853,Tony Stark
10.0,10.0,9.255370905733242,9.409212194037785,6.565711036892257,5.165649232285072,3.391105237002966,10.0,4.868769117117649,10.0,Steve Rogers
8.149812897793947,9.171796427708646,9.91726676383993,5.747062349066233,7.753328630747412,7.262430785759196,4.055461765756589,8.304733992165907,3.457391280734863,8.266127079537382,Bucky Barnes
7.657871984102749,7.841741648595277,9.005401447911767,5.691135349041932,7.729733181616185,5.751364796767867,2.8701508880239066,9.674714211796099,2.677196672359331,9.382075062271632,Steve Rogers
7.565945020828639,4.512577207975737,7.068328394644873,4.533835895139701,7.10659386245756,6.079117149705482,3.375158978297324,8.512338212155827,2.06400203434816,8.101295073440546,Bucky Barnes
9.48675892798752,9.31711107064292,4.880063390739186,8.35337569604638,10.0,7.591077863002713,6.132728559686494,8.554075712004899,9.446981315417304,7.382518161818233,Shuri
6.524838530187978,5.293342767637805,4.787227280356599,8.841661457571854,8.843549096940976,7.424000878474148,8.920898838854015,5.009634503376793,5.985239665498215,2.0988776654319925,Loki
5.678266569170901,5.62773187512528,8.60823766410904,8.966488618258659,8.974117044867208,9.267602236935518,8.335203476194145,4.811829741017823,9.775074890145868,6.562269158195668,Tony Stark
8.444848182043106,10.0,10.0,7.737900716232987,6.918692909101488,6.462182726231896,5.15587399596224,10.0,6.159432221641929,10.0,Steve Rogers
9.988200700811674,5.7351500635443315,8.263567352674723,10.0,6.700901301207071,6.233413012125785,4.923699677452973,5.933775890009808,4.574650877553462,8.587627821872227,Wanda Maximoff
10.0,6.592552084307981,9.426732603820094,7.539094134147514,7.714009087688061,5.374709650542438,4.792619385468618,10.0,8.82584776442279,10.0,Peter Parker
6.936714858678761,8.883165641122284,6.90653884804409,8.574741429186052,8.823246661468277,10.0,8.143667389476265,6.202399209106335,10.0,4.6424568087073155,Tony Stark
5.056037643527125,10.0,7.724406771767102,9.569475546670722,7.822233368389253,8.375366796801474,9.805429627616789,5.447827734810791,10.0,9.358887748110957,Thor
8.70654349012753,7.2651818244372235,9.158878382785055,9.568388794476252,9.829369480842914,7.150394487348718,7.450044874245382,9.580279549698265,8.551560164732392,6.881951327685833,Shuri
7.08764144841652,8.713967582863809,5.7854765337338,10.0,10.0,10.0,7.529869761800522,5.42739774791484,10.0,7.023880211140173,Tony Stark
6.500281610020155,8.616105148403152,4.935127045340004,5.525980628473533,7.44051341064712,6.887484585002648,5.425598773858536,9.222225471323886,7.722502700662806,5.486766363960046,Shuri
9.223964718251093,10.0,10.0,9.007951438288398,8.507091431489945,5.460012545618149,2.7635052854616515,10.0,3.127362072939941,10.0,Steve Rogers
8.084135670626232,5.097915090137069,4.673698778679121,6.257634686859534,10.0,8.96923494128114,7.740130054571253,8.760520673154618,8.256804230378533,7.119239520917928,Shuri
6.811249156765788,7.966280310328614,7.868754991833037,5.735327353310236,9.836746294368046,10.0,4.982123037189853,8.502332483897463,8.41935485785622,5.947146306789404,Shuri
6.645006980236898,7.88789466726019,5.900937695964866,8.173014666737908,10.0,8.997729548212213,5.91454856771888,5.348612571325781,8.517103087121722,5.669623936627958,Doctor Strange
8.616051885705096,3.821516013328604,8.985938522265256,6.099351470997958,7.10056120570773,5.290638252034654,4.558644955469587,9.324768745077607,4.509164330108255,7.7135151110271565,Bucky Barnes
6.377433734077298,6.9158069762039664,6.738938099542375,5.032017740467888,9.36383545124139,8.677815147716293,4.145912942885644,9.7641682421362,8.585056731790596,6.4325083141642585,Shuri
10.0,6.557540452640712,7.577471239829526,7.542854062673357,8.336912258505606,7.861885096417963,8.975411970083432,6.847166388226712,8.781446971605192,4.557021796715239,Shuri
6.331063963849316,8.964651142316827,8.693585203898799,5.864023738866313,9.596274852380226,7.428016354670861,3.638164071121669,8.405859382367579,9.056431756769184,6.821111016381097,Shuri
5.621605622071377,9.909985487702366,7.16307508723529,7.375398801748689,8.692654824138215,8.269407833274169,7.226869087563482,8.47336471833301,6.693679502519914,2.9790363359894783,Doctor Strange
7.691345983781556,8.311141998343787,8.260835444943549,10.0,10.0,10.0,9.9021255659212,6.448495104882818,10.0,5.616091158642768,Tony Stark
10.0,9.041849441276412,10.0,6.910854916092582,5.684021171110421,4.238621070220849,5.728590298800917,10.0,3.7385620732914475,10.0,Steve Rogers
8.75041275103393,8.912066227928209,10.0,5.712996756394026,6.0932571779647,5.712542745105028,1.679974137641513,10.0,5.7802413927716945,10.0,Steve Rogers
5.857371699804254,5.142191289975687,3.290064816252809,7.327198050576753,8.768820605189362,6.811145834319096,8.421325166051009,5.091669140890364,8.246224756831555,4.950719087735156,Loki
7.913217041476394,7.00868277983678,8.098656515854033,8.45770794886453,7.36321698421731,7.797967794968954,8.870413601752144,7.254017202868366,7.247411200944931,7.886677280328531,Thor
7.729979338239723,9.347201900571866,10.0,8.315805522019453,6.911605510344422,5.055822851204333,4.9479412908050815,10.0,3.38311892582703,8.983782469199774,Steve Rogers
7.755327361091242,6.46795311206273,8.007739970553333,5.868527439581261,6.3904697888045545,5.069850207358352,6.103388504599706,5.73997435358555,3.396544294246097,7.881626947782559,Wanda Maximoff
9.111054723568037,6.227356583024974,6.7581425814919776,8.589033894160382,8.017188560298749,9.31785068636606,5.9489489959409685,8.689183860940608,10.0,6.532489592471697,Thor
5.570240796767885,6.626489028635153,3.2079971890186787,8.220359698624762,8.3277938422544,8.837715023942257,5.840088026758614,2.039854826081806,7.597110194684986,5.968897682843664,Loki
8.172176364873467,8.0744157496982,9.39860733030687,4.408167054176635,8.989849544777016,6.2152656302749865,5.464735395733703,8.794099293448255,6.038666570202018,10.0,Peter Parker
7.621960485851985,7.411121880575842,6.804306081680828,8.328271741096652,7.514890424972101,8.378712306995945,4.4313618753651856,8.488376874335012,7.816816810807241,4.152048614406875,Shuri
6.801706453701639,6.7054328089677355,4.906646319119554,9.392115113658337,8.9327718114771,10.0,8.162843151841107,7.228424388778822,9.37588050182606,4.518820291978719,Tony Stark
7.694249542589614,6.13770657477845,8.975658106140632,8.161019725157672,6.005342246613946,6.290053255929051,6.02649094902621,6.75332558302837,4.1797967426894544,9.700457748519918,Wanda Maximoff
7.624856133768733,6.589736617867812,8.222064220776629,8.480634169701005,4.809329167130393,6.151084307322797,6.045245624742911,6.535717340381701,8.893631286968855,6.905873987297105,Thor
9.02649521440526,5.152862803317422,8.639256672892436,6.116669651191389,5.158624284205434,5.844939951186301,6.433010158586252,8.325791779634317,7.698854110340579,8.769642728434215,Peter Parker
9.96996631805085,5.9869227761627,9.414401644778636,2.7015896810497706,8.39477837071797,8.274483021987736,5.695042880980909,6.8291494910380885,5.202556732243894,9.273436620547443,Bucky Barnes
4.15950769413247,4.123276843153997,1.8815518754935083,8.147078970167469,10.0,9.550757400894613,9.75328351859969,3.985111436392727,7.65826222656254,1.658663341172107,Loki
8.73803954615833,6.236412030794578,7.938734979669471,7.694916844507129,7.524854808954277,8.483253839614047,7.12534318225319,5.138964298318712,6.05538827652927,7.473807152175288,Wanda Maximoff
9.255570398589928,9.273797850020763,10.0,8.788986492602106,10.0,7.325380268418137,4.805974015549737,7.731861904187332,5.539916069045238,6.51403494573133,Natasha Romanoff
7.501961377693146,9.326269055418752,9.948898826685308,3.0408839865569126,5.1828965887905465,7.296167500989714,2.57016717830384,8.684791555802137,3.4328377709189937,6.504966995151637,Bucky Barnes
9.320520152503569,9.245549140203389,9.53451279105392,9.1736157609046,10.0,10.0,6.5225838375608856,7.889069829205898,4.860400890816413,8.673574681551111,Natasha Romanoff
7.4845738003522975,5.923635275443812,9.222899935213771,6.961985318279145,5.231131439845375,6.243727058454315,6.048222660084349,8.041184029101169,5.9098776710975995,10.0,Bucky Barnes
9.90859107962053,10.0,9.184004632692757,6.84093336376839,6.785687710640259,3.386566828855477,3.6705123123021957,10.0,5.296672629742309,8.317423340193766,Steve Rogers
8.655377313139828,5.680959937486456,9.618431269192278,7.331815393271891,10.0,7.918484934533641,6.583191652421183,8.656775764340791,6.918782560168625,5.7330606868371445,Shuri
4.365388265481997,8.96154526004641,8.52716083277199,10.0,7.900446965790617,10.0,9.075662134951807,7.948520309748857,8.904862594715054,5.716931769319827,Tony Stark
5.435877497523298,5.6055999984415985,3.2949519882758453,8.704415263371768,10.0,8.567137949591054,6.9324172934241375,4.5704727317243155,7.04084100819828,3.2679263442128863,Loki
7.760469319047539,8.101536939650167,8.41598111009578,6.921828197276598,7.231453674667518,5.362230870798372,7.53381942905656,7.396030607450085,7.347066528656466,10.0,Wanda Maximoff
5.93869538123648,6.654956012842556,6.353311278315894,7.8785680062459855,10.0,8.985669472924828,10.0,4.003144145573864,7.1896532824036194,3.734594422453565,Loki
8.937731081518281,7.256537233035865,8.205276185013547,7.844002677932002,7.40622787555737,8.508625964624887,6.31135254521033,7.1124454439520575,6.543936487356588,8.213586186322509,Natasha Romanoff
4.943795843700043,7.4869457612488075,8.87698614575964,8.578260960381483,10.0,6.632321347962106,5.824960236150255,9.533333720795927,8.932389478442822,9.883284979796917,Natasha Romanoff
5.374861355925747,6.796352625361245,6.731282305722902,7.623097998903384,8.692885623888055,7.082425145973173,10.0,6.2109840733733215,6.844250322582212,2.0908489841518043,Loki
8.089917958149314,7.2977418205930125,6.229759075011632,8.507043149094427,7.669409067342285,7.714505860698122,8.912285986269412,8.261143177603463,10.0,3.9673943892168544,Tony Stark
7.785499252031162,9.06869969145586,6.34206416493832,8.723895991811426,5.430343736449362,7.826360234118625,9.060508061203548,7.692701856352716,8.064147114339155,8.170874004159016,Thor
5.744237374953526,9.55812802181062,9.577697274636158,4.983734840984651,8.279519323247824,9.100689666745662,4.649982032849211,9.556256192247952,7.312189749095793,7.304110988361608,Natasha Romanoff
4.991107810870778,6.173043149187331,4.228812001021419,6.869848241197373,10.0,8.8884559544174,9.551344600213952,2.5044504825662544,7.777090554005016,4.37161810408765,Loki
4.408055848364523,5.7633296717774725,2.2200846642374272,9.678909027167368,9.652753367602154,7.481137926383708,10.0,3.3698289837033704,8.418259114663401,4.051770477667958,Loki
7.328649226741675,7.207226958048042,7.287665570818431,6.0204278487033935,10.0,8.842176911639099,6.10968588549949,7.10318146281512,5.903697920973236,4.515283855729964,Doctor Strange
7.477722571465549,8.833156035007487,8.160184760521282,7.349644535364837,7.3091668518202715,8.89031714550131,4.661425092726237,7.723272563462615,8.009167585536899,8.37159665153121,Shuri
10.0,8.44422026333762,10.0,8.94632364630407,7.191629439553476,7.435961388866966,7.356751450894814,6.153113603899205,6.424338816094609,9.608865324933639,Thor
8.815662715873781,9.33172471259497,10.0,6.60227363078794,10.0,9.832590356095299,6.940849914046461,7.80273147535288,5.060196908362153,7.769698510649894,Natasha Romanoff
10.0,5.836236956808263,8.453480791423631,5.816342929928893,9.422560121358115,5.064806110825046,3.8278110706481567,10.0,9.507714627543551,9.195543335441872,Peter Parker
9.452000652304479,10.0,10.0,9.153537354211323,7.213694190234381,4.85869953641077,5.885899529153223,10.0,4.598775199520347,10.0,Steve Rogers
5.711194507967417,4.988743093860451,2.3446726966473252,6.722195832321752,10.0,8.879351496131438,6.334146212908941,3.520430071184163,9.461539031218456,2.4358804113332764,Loki
3.6033651717374164,6.205290174140581,3.7345772434884195,7.174266418528889,9.41178439248635,8.806810136016342,8.040204359295984,4.008868094157014,7.6522792229174055,2.235896828666299,Loki
9.588062944462713,10.0,9.816158125614244,7.1007597195256515,6.0227622128333405,3.924146196044343,4.9614343774585095,10.0,5.56912304802072,10.0,Steve Rogers
10.0,6.976366828907956,8.270196005751592,7.280322757666654,5.715287281298725,6.135692122300659,8.327896027233551,8.840863731850883,2.5652312903506966,7.101748453264089,Wanda Maximoff
5.109847964944,9.330143269899482,3.913380522924406,8.309513567685112,9.945108008950994,10.0,7.74377317454797,5.821839302565907,6.209597544343719,4.286744572198074,Doctor Strange
9.661169433697374,9.134892304214539,9.694846535309226,6.974881814530254,5.019729576410184,3.548362244096755,2.5980424234029265,10.0,5.306693685715521,10.0,Steve Rogers
10.0,9.464797406354576,7.36690172285118,9.923816244478283,8.17196816173447,5.193357746321155,3.772700325234657,7.860193922000408,4.039119843601432,9.539201982179623,Wanda Maximoff
8.090971962426936,9.478881760685088,9.414196440316648,8.474677627874707,6.693837150089181,8.526473854580283,7.325076026759075,7.769937421435093,10.0,8.589625831328288,Thor
6.057401473724224,8.315870610972013,7.942797418821076,9.162457865144995,6.044537141863208,8.323962341187602,9.671679032095197,5.525615734893613,8.572309580624475,8.833273286203546,Thor
10.0,9.723825429044163,10.0,7.948914825877784,7.388341960959528,10.0,5.078691169020026,9.535885079967793,5.312156461219723,10.0,Natasha Romanoff
7.869486198580408,9.448501075792514,7.748579777697976,8.829750364020027,4.484603214635053,8.94969621627268,6.905200057471136,6.391972033500965,9.00130898260317,8.151530229611696,Thor
9.183848930459986,8.189805573861554,6.301320598558075,7.972423318452364,8.587791903679571,10.0,5.284495712920077,8.149513782546641,7.449441385398178,5.754151725686609,Doctor Strange
6.52774183405216,9.145389301343208,4.833488620988771,10.0,8.525391843571798,10.0,6.59126511224892,7.660788833561795,10.0,7.1994881571875915,Tony Stark
9.664608501921428,7.236521974221376,7.651887421247367,8.29122196433719,10.0,8.512949441613799,7.745451856472492,7.9146821142648545,8.649267997822314,5.779051869560212,Shuri
8.704248547078434,10.0,8.778051308449331,7.556747608410313,6.352287030523268,6.399140935823667,9.541004611586075,5.805146764965093,9.092804543365029,6.92777499751019,Thor
8.564787761454156,10.0,10.0,7.977660298868425,5.164670300163941,4.7095409507790365,4.320792976351912,10.0,5.6741306911785925,8.853688816924048,Steve Rogers
9.802896433125618,10.0,8.097107211739925,6.711175400125637,4.977215913102009,8.057897323637905,2.0064059199804998,8.690199726412725,3.6992489314481194,8.1291744040964,Steve Rogers
5.924835773538157,5.915782839445843,6.106952830371228,9.948097256112902,9.030921087334736,9.10307830932819,6.20652363665222,8.177658239789,5.515235565270879,3.9132703144308882,Doctor Strange
4.486800107706998,5.533569658817197,3.918773773761901,6.032952380122452,9.325824859322967,9.287960023924652,9.279047420218536,5.447491315724484,10.0,4.890604308330504,Loki
8.46633135476529,6.261619274976781,9.020554979368368,10.0,9.96825014416453,5.686573815699083,6.060464255395231,10.0,9.496270012702174,9.593844671835862,Natasha Romanoff
10.0,5.493722060324856,10.0,3.475078064540728,6.027110693056004,7.25000031676844,4.686282403273019,7.772955432841761,3.380292575316693,10.0,Bucky Barnes
9.548949998025543,6.33818523167199,8.712247435882208,10.0,5.767028670054022,7.828191258883596,8.523061711231152,7.431021347362235,9.727940759208904,8.70160065800152,Thor
6.138384391656455,5.753222602919209,4.695034843449481,7.12420141519183,10.0,8.365959902269301,9.574323144958672,4.4731266566067065,8.08600453211883,3.993174647699193,Loki
8.289787132304077,5.298092273902262,7.493528572685397,8.806810030463176,8.453027544352516,6.377558319977696,7.487401329630202,6.355452738254841,9.050751223093863,6.069185607433042,Shuri
10.0,7.740290665221405,7.043606929570141,7.267225539841478,6.037875124582479,3.994608992747905,6.253468540691204,6.937103963409112,4.6517609061419165,9.186849913087924,Wanda Maximoff
9.483486473790286,5.432897131339758,10.0,6.043662011820636,7.439486702106008,7.049015242975456,4.426964662312719,9.36585916632685,5.380282913431804,5.791740359804972,Bucky Barnes
6.693030572080815,9.656495135817435,8.458194427558654,10.0,8.147733668355716,7.820022562722301,3.8622711685095004,7.140374033017717,7.672723958572989,9.593170856423725,Natasha Romanoff
8.259002122879387,7.61677879149682,6.951832375048031,7.399215040547834,10.0,7.222297996590212,4.527366542193092,7.887108313377609,9.630632504242003,7.280475913658908,Shuri
8.533045050324866,9.277475242909787,10.0,9.639840271786017,8.659985323899832,7.993138424656351,1.9007217917954056,7.754987451749299,7.364067722412477,10.0,Natasha Romanoff
8.693274309300355,10.0,8.28294957298229,7.414206426441694,10.0,7.604236361716943,6.163109617455639,8.345311201992349,5.544050827528056,6.246141988133748,Shuri
3.8754001123779966,6.542380191324506,3.615714636354293,7.095724660413429,10.0,9.490350411973875,7.939338857162591,3.6967345252324404,8.584597971633885,2.0473872708540406,Loki
7.8192150835105,10.0,10.0,6.43992158232219,7.181866308794137,4.895221848122546,2.9155113284209078,10.0,4.223735306490782,8.818832705474875,Steve Rogers
8.988925798117794,7.296028547098997,10.0,9.544933673667575,7.948266521280279,7.13194313045849,4.3178806169817445,6.166296717808233,5.413246585457678,10.0,Natasha Romanoff
9.487206873075442,7.2405728450081135,10.0,5.839843548052737,6.352403283445758,4.384262553389277,7.011931894437655,10.0,8.115987328301301,9.670328266776487,Peter Parker
9.290091764573926,7.755650788251041,9.222693562293161,5.045557588981671,8.637721996783446,7.557281617521568,6.9170667364280725,6.851589136646,1.0,7.445011047248014,Wanda Maximoff
9.524589831305704,6.801928533902175,7.239814356665206,4.62616079609088,10.0,7.482688862255341,6.81461565876509,7.481840951341737,7.452818294921744,5.703747606294735,Shuri
7.315787174545709,7.740935136981757,6.5663393797823915,9.76587264270002,8.812533513730587,10.0,5.031700707812724,8.125344241547218,6.008250550280613,4.936334500106949,Doctor Strange
6.89079628518099,5.256150276783394,10.0,7.303226982521326,10.0,8.486358114043256,5.758928083284605,7.430750648949191,5.044689820018689,9.11220109402465,Natasha Romanoff
3.6763872586058888,6.390217023564412,5.197261569373227,8.297750817577516,9.322694888275155,8.814409914491293,8.994320804008186,4.271652034351311,9.387288452800039,3.3399246917326115,Loki
7.241899697493875,5.951424019754957,7.462162424366231,7.983562807647657,7.5072484422767864,6.668958068126678,6.965771813861958,6.014875442496794,5.86014617071167,8.127758181915425,Wanda Maximoff
9.28232479539569,10.0,10.0,6.1638633249957255,6.908151673011999,5.532654933524283,3.970721300998981,9.374227317514183,3.0634285295696957,9.361456801183731,Steve Rogers
6.920614156952164,8.914365509926169,5.941569883894974,8.65553464232123,9.280371633976992,10.0,8.415665391372052,4.98818283862834,10.0,5.070173841130457,Tony Stark
6.68173631104529,6.844492753922773,10.0,9.515513038830548,10.0,6.013735972238328,3.291095584360585,6.205466906874347,7.611071257212512,9.521530568024412,Natasha Romanoff
8.609243086025101,7.957349578016412,10.0,8.078266523761092,6.19394586542784,6.296268495153435,7.600975228886644,8.792266416592453,5.517562925797607,5.537645476894291,Wanda Maximoff
9.404399100888686,5.793007330808517,8.925117297374909,6.539606408731253,8.213523702486198,6.476758959281023,3.50460674541599,7.509916841032357,5.35188611916141,7.914831088003172,Bucky Barnes
6.576500458055368,5.477598191754643,6.398160834843516,8.873284618425133,9.19584642894267,5.238536021998309,6.456832858194186,6.607179321796709,9.018509473622078,5.473654051466168,Shuri
8.831031452441907,6.278116171423195,7.538417988423038,4.9047355003482735,8.832063505210467,7.03434301527675,3.870772656036975,8.418315472456635,5.468116007252965,7.208636241495421,Natasha Romanoff
4.960725437408708,7.963832171393585,5.463470206804856,8.939139986274988,9.400395805583583,9.948103896201305,6.743075178236293,6.530938565733535,8.287146989320378,4.068456687845669,Doctor Strange
5.9913642359219415,9.235094018149242,7.976571329348902,10.0,10.0,9.984464383447552,6.105545381939063,6.848020470412132,3.92582299983101,10.0,Natasha Romanoff
8.086982650333391,5.774387764159185,9.678674431702683,6.187235925724352,6.548207530451515,7.036553329824513,4.695708330916337,8.576839080643245,4.235790384524607,7.270690465308981,Bucky Barnes
7.281916312055828,9.980750237254412,6.55480735057236,9.882991189602919,8.733385201164841,9.34658487964586,7.960576522377791,5.582414200720841,7.297422279269431,7.485560381303097,Thor
4.142715398991577,5.41304186128453,2.403745064310195,8.881242232507672,9.687821936986905,6.541916911381815,9.125979489762573,4.548723604502282,9.203926216468815,2.9083065067790312,Loki
10.0,8.68963638171557,6.357005450917942,6.542537945334743,9.401745945371209,5.9160277491315965,7.354278143186574,8.408664895825096,2.4597978671269725,7.950378128213252,Wanda Maximoff
5.93382772775966,8.809467628827107,5.9605965341670295,7.779540451442224,10.0,10.0,9.307565313809874,5.412668438475534,9.791530332497517,6.937206942072654,Tony Stark
6.711447269724192,7.643168515043948,6.255649262124419,8.275030006181577,10.0,9.476979626953474,6.091523691337215,6.134536475174431,7.00298144366313,4.662243099484348,Doctor Strange
7.874850603829267,9.83719242248127,8.037587005141978,7.4554080239813,4.505151898573606,8.174037402074502,6.588214999136277,5.047120641344799,9.794419988667514,8.855623003585805,Thor
5.456483641360652,9.802880988982805,6.374069070303855,7.93113082101852,7.693695363017122,8.723693549152097,8.065216648321917,5.657686868067204,9.578960040449259,6.774627456853098,Tony Stark
6.713847969397447,9.383931259567511,10.0,5.288690099484781,10.0,8.108401716914411,6.2658997739483775,8.63308394323112,7.800493816999901,9.26217804169687,Natasha Romanoff
8.180858611813042,7.912418562757998,5.17464057860162,6.69353338136973,9.82318027449861,10.0,6.856797477203908,7.227202932888493,7.98565117948881,6.744718956213133,Doctor Strange
6.273799764335646,5.15532949534781,7.801238399243717,9.858539487838879,7.734145185764798,10.0,7.270399553992274,5.339467336105593,10.0,4.327021985845194,Tony Stark
6.753892876620113,6.606728796165092,6.713384183059615,8.00900717534809,7.858902516601466,10.0,9.648766497176744,9.511513576536878,9.266768643661374,7.794125195806799,Tony Stark
10.0,8.727666797751127,9.944990559013032,7.606245262115469,4.504120065495466,6.457011829291991,7.694301084886763,8.565093776573237,5.787035867479043,10.0,Wanda Maximoff
8.083755427250601,7.729939639447528,8.220097136521366,7.95674250058675,8.272597985059555,10.0,4.699978560229034,7.532803807726112,5.322954818140264,10.0,Natasha Romanoff
8.773937002385834,7.033872994885632,6.746865397338606,7.12002660481015,10.0,5.353109270419461,5.561324440340933,8.853338393246954,8.310284081278816,4.592023763248391,Shuri
8.160864718637127,8.286220193936558,6.467187302586159,7.49093259503959,10.0,8.95044673289302,3.709871327650173,6.5559593325214784,4.521026512225271,5.140301205340681,Doctor Strange
9.118372683811996,6.610171825419694,6.534112806420157,7.308960695517079,7.124965971865463,4.758959965243,7.727569781056579,8.584904382925025,3.1748836650449874,8.090459819652551,Wanda Maximoff
8.351221508538035,8.47490410850056,7.197039487255882,8.07668952437869,8.929667682168425,6.719733180986811,4.723123142013944,8.544690554480098,5.9945630008199835,7.234875385519958,Natasha Romanoff
10.0,8.00405909130923,9.078842999611256,9.273534631815782,7.2801087652860765,7.690500064227191,6.401780927816464,7.921973166041509,3.2123791157191173,8.370176505644608,Wanda Maximoff
10.0,8.138384939125121,9.015784516837222,8.049250494974935,7.874617285545631,6.767994528132599,7.848641822035783,6.180397337615552,3.749758195600192,9.087804075885641,Wanda Maximoff
7.797808258663613,6.870019969540553,9.185976608256988,6.810207795769877,10.0,8.547007220384373,6.893777979583185,6.949343666092916,4.635962030796608,1.5039623033594736,Doctor Strange
5.744371804471823,9.381665679807488,3.7107154451937268,7.54643847538413,10.0,7.459838258202893,7.567375829069687,5.5902587792904095,4.854322982394499,4.81597277765502,Doctor Strange
6.712475536251265,6.385224537748348,8.912517349896024,6.532290761131645,7.4560867845092735,8.030390360408752,3.4875699751632303,7.077244076406971,4.195367585459446,7.931262488250151,Bucky Barnes
10.0,7.175804365077207,6.109283615402587,7.469640817391471,9.323915698076178,6.594669374608659,8.48122998811365,6.393543360379725,2.9109874402082703,8.911422488546688,Wanda Maximoff
5.537904998719476,8.943577365592553,6.631789056672986,6.854881005284042,6.3397880725177345,8.727352985601643,8.664029035740727,6.142249456675371,10.0,8.438679353358365,Tony Stark
8.759115281233054,8.207444143627564,5.942771043982194,9.439331076977476,5.929363815762136,8.645517853443007,7.510584457805715,5.99815074907122,8.036444216927741,7.327287229314495,Thor
6.879776328845835,9.410023571686628,4.149077693285096,8.129201637620842,7.846391947630916,10.0,8.353233728649121,6.959146550576533,8.574798851092211,4.600580155911842,Tony Stark
8.655601147132295,5.421988671870876,7.636611235618995,7.276851142931002,4.71778477270833,5.506639520286443,4.814498834670845,9.55192348039618,4.26561402116748,9.15728660478876,Wanda Maximoff
6.094572454624835,8.325170198903965,6.916132413702125,8.300968616426271,7.738103958563648,10.0,6.1495940100951225,7.856066009027183,5.49257059245855,2.7166043173913645,Doctor Strange
8.38805341058779,4.596534066779487,8.813774838125804,7.355058812412931,5.876699934510012,6.105904901627348,2.900469640776162,8.191725746132565,5.75316106596383,8.68394999297258,Bucky Barnes
9.419454491954227,6.12248501766249,7.675111290411035,7.168772054332549,9.833642068187906,7.526254068948029,5.570509508281253,8.04031677029179,7.634099002054521,6.9163373898466425,Shuri
9.083976387067477,9.516645446889646,9.978207628813738,6.9502972107147825,7.218524158776009,2.053140676265855,6.351095383759812,9.815889608081804,5.725778274308731,8.27737332308247,Steve Rogers
7.045819493181996,6.475361277613687,6.435517436511634,6.663599452511624,10.0,7.102012433702308,5.882396225535715,8.369515046408381,6.684442348742756,3.4575624380113945,Doctor Strange
7.779890379300463,8.837630114671448,9.595718230332812,8.687267225464153,8.990280589282067,8.485284240923969,3.79839448423507,6.536026804712835,5.873617583118431,8.150279524505294,Natasha Romanoff
7.394644627247965,6.8512670384004775,4.9062728666645725,7.601620914503159,10.0,6.371701257734518,6.160257920114071,8.165152280600836,7.1135705587726745,5.885701981046666,Doctor Strange
6.622775141781476,8.014613008331086,10.0,9.63319805123418,8.393053604547061,7.951639666149639,4.869765558248193,7.205899687668576,6.919686912200774,9.453560308279032,Natasha Romanoff
5.7847346632390355,7.798911134728001,8.075393560101292,6.733964774941087,6.9725566730784685,7.6300526368894666,5.273663481772006,9.912219828829455,7.889260883727251,5.484611041583339,Shuri
10.0,4.561262614078786,10.0,6.885458060053871,5.837195768741129,4.415386966783778,8.185692346412138,8.264733329318329,7.085133805067317,10.0,Peter Parker
4.893012741736493,4.17794080376909,6.907389645894142,8.088994523424372,10.0,8.324218139293471,8.184215841165186,6.390855818691914,5.604097991241714,3.3483088355384707,Loki
8.247484017722536,6.060358767537895,8.502643474308263,5.331604644487237,8.91251831926364,6.9115986393112925,7.047433167371718,8.660343732968562,3.6379305427803934,8.690848550580792,Bucky Barnes
9.461167836243428,9.023921904614086,9.502613384013086,5.939921015764621,8.128081646781327,8.480270941715355,3.951480882657951,7.3951954267990505,6.146744147870415,7.66173192784735,Bucky Barnes
9.235357959488551,7.755262934039806,8.68404699542305,5.5051735999566915,7.96639996636531,6.011630621731748,7.7387970236456445,6.842677636441215,4.476296708819327,10.0,Wanda Maximoff
5.13503840512712,7.5736521806097725,2.653654774148348,7.854415429541756,10.0,8.703118651147596,5.26239963467834,6.627816344863126,7.519207462898773,4.932042888883171,Doctor Strange
8.345046907280786,10.0,6.475876859355555,7.573093978001882,10.0,10.0,5.186530117762101,5.623495952717299,5.645079382461671,4.034615278084542,Doctor Strange
10.0,9.875985330967437,10.0,6.322999623207599,7.715119654498102,5.469662872015446,5.082271253974774,10.0,5.735919528601433,9.876978239177774,Steve Rogers
4.750581877037202,8.80162964344666,7.302310267630353,9.566350093359704,5.982330925986715,7.7591404673914655,7.872205340047324,6.9719696146627745,10.0,7.97542476614364,Thor
7.946338998315328,6.710265641067353,9.755160474510113,6.906938128258504,5.347289727846268,5.008625265919158,9.138219886240318,8.91561746432377,4.744846794561103,7.046896161630837,Wanda Maximoff
7.478333047587248,8.0903219394081,4.771337271757642,7.937583879563428,9.0939536369594,9.82232498969512,5.551140746128259,6.876835478456933,6.867027787088855,4.0736321380105425,Doctor Strange
9.396948766866387,7.341452925675304,6.651877078616243,7.485345799134373,7.688831688995374,6.861168162608916,6.100599775661391,8.144482020729509,2.3534564227789687,8.46147730744494,Wanda Maximoff
6.646505313565537,7.867272586721779,7.278902523007708,10.0,7.750359714163274,8.69801545922341,9.380849019253162,5.484578909744087,8.228947384253907,6.554765886728881,Tony Stark
10.0,7.331472952028065,10.0,8.982736884731455,9.159949322442639,2.4426572121772203,4.507974298838585,7.739760527091809,8.789913012986988,8.13364777025106,Peter Parker
5.284433404619967,6.7228624442527085,6.267141384273592,6.359421692969944,10.0,9.196760955301203,5.128985529722541,5.681873240767383,5.208679167759533,3.0475861654028225,Doctor Strange
7.1007055543538815,9.68898041057375,9.805594124216366,9.940980546705465,4.774223986540722,5.267133442966335,9.348543642824927,7.139231326663849,8.068503161473172,9.466952929694504,Thor
7.489864047902672,6.80778245079364,9.596217075937703,9.679884003239266,6.4107304269045535,7.207959893818568,8.532079765795956,5.643402425422582,9.79257794509879,9.723608374507762,Thor
8.144626197188096,7.728425580817454,7.749611596329968,7.205677242717455,9.312096305471883,7.248010111892204,4.510639496240099,8.740751455475545,7.230028632357533,5.760306878082593,Shuri
9.082527933970594,6.89220680666424,9.63328229009862,9.602349204252551,6.460666671420732,7.042149489399854,7.398896140808514,7.413890528063052,4.30897216129186,8.583652510673552,Wanda Maximoff
8.203791468460004,6.398994488026953,9.09482986136677,5.210058921335288,6.737039687220473,8.476339585262151,3.4692395001730247,8.026787633682016,3.3040139944264544,9.275533874422583,Bucky Barnes
8.629529650034144,7.8181177531469155,8.633802186710893,7.3080000209382945,8.048858150240603,7.014504092273517,7.09791106307744,7.309232552848452,3.338226366701974,7.542540348900132,Natasha Romanoff
10.0,6.540213940747852,7.227787340587284,8.697478473064784,8.223375585576518,6.341332319969722,7.961712153874494,5.556264580386896,3.898882032475565,10.0,Wanda Maximoff
8.287484459591088,10.0,8.613294359728723,6.062967958422562,6.005679791581981,8.956194509810489,7.616235855878873,6.292308929792702,3.74567423619637,9.538469722136192,Wanda Maximoff
7.562472926683185,8.70414134189553,7.143230546279848,10.0,9.97201191284817,8.988142101384042,9.09757322363525,4.283746228893076,10.0,6.223426204107909,Tony Stark
8.884062174675348,5.421237304191688,9.578281451662868,6.834507928172096,7.174906526246151,6.123323598819535,5.201694936459118,9.04703913811399,4.709600050061699,6.957835154027531,Bucky Barnes
9.307749628348494,8.258047895318988,6.149744966199124,6.9889557665019035,7.889429598654722,4.844896037535225,6.758959032790152,7.583190144359187,4.014011074349394,9.84274720070758,Wanda Maximoff
8.233283520789428,6.830163736379116,7.677816996340143,8.000063338154579,5.901502796955212,6.437107982645303,7.375107219933375,5.93891498730886,5.985007536512936,8.63053599184609,Wanda Maximoff
9.769407768659105,7.975933386025385,8.081414366466856,7.023545473183375,8.005936662713207,5.827596420869778,7.375952292072355,9.390659856498043,8.106010466062264,10.0,Peter Parker
9.754945066937516,6.221739251904226,7.749733987971876,10.0,5.962268928567684,6.775757291371539,6.314155429532553,6.712501004965272,8.053713042686917,8.256538864628723,Thor
8.290308240904821,5.983012735050719,8.522726701983457,9.682079653429973,5.843589964694077,6.483254156988498,10.0,5.662645108023428,9.825965258019917,8.25006316132992,Thor
10.0,6.820874703964182,7.238690336131751,10.0,10.0,7.772064002804643,5.476665393905658,8.508211398877517,6.170890535929448,7.379400576911909,Natasha Romanoff
10.0,6.751519813739375,8.862600853237797,8.114165707828803,7.081558909974818,3.565073396931737,7.025270193604076,7.957317190615285,8.35347468036048,8.519721437441277,Peter Parker
6.158237946337236,8.003778681873714,6.794876556056083,7.204742449472133,9.147505469311783,9.578115147374977,7.746488112593205,7.78626280953873,8.30926531076393,5.694134339027441,Doctor Strange
6.778296438376696,7.061428685746757,7.061748726899876,8.13440354242215,10.0,8.857201900122494,5.780562895178595,10.0,6.022579465085124,3.401446126728869,Shuri
5.234033236382343,9.492154373721377,7.973913735878159,9.483051215149755,6.246824965105688,7.706132622645897,6.817530503781585,8.891511954344477,5.578418174136511,6.571278373089398,Natasha Romanoff
8.046286697112691,5.906423545179206,8.772383897816086,8.84874743038857,6.321942165097241,5.5171939457207335,3.5334297926101743,7.3335912556537,5.574808545590733,6.305009501729508,Bucky Barnes
8.466000320828334,4.885123953240604,8.790554312792736,4.808079718697353,7.234464472122249,4.959594625066874,4.189472884568487,7.651587151516869,4.226205111153112,5.934666658427603,Bucky Barnes
6.18169515892737,7.241563946690544,7.498695228226138,8.508377566222318,6.189851854111614,7.173026394470548,9.847295375010342,7.610255799666965,7.991108099198348,8.118139366709466,Thor
6.294895388015346,7.109171023632874,7.391071279295131,4.594973501212111,5.328540275009537,5.2902819254488165,7.073518774978069,8.26012857533018,4.442935143852581,10.0,Wanda Maximoff
9.033844933468473,4.506986516868583,8.83526115051184,7.401475329664892,6.938911837715169,4.964215390304997,5.552066771313324,6.380030112042057,4.098417679017773,8.72830537107376,Bucky Barnes
4.942642382330677,5.173653337686357,5.0794318846639595,9.502534104963093,8.234950608900606,10.0,7.220926469558106,5.6107883520948025,8.187284623169617,2.370373628607732,Loki
9.385564148850081,7.918729001424322,8.744705999643568,6.550466300270484,6.781093577414097,5.568068735623834,4.7076703966576705,10.0,8.319775237574051,6.7641807699073535,Peter Parker
6.202888408791388,9.370617769698276,10.0,8.17156122085319,8.536825140520675,6.170069182206211,6.084250555473128,9.482668893707388,5.151134464386007,8.046750499075472,Natasha Romanoff
3.3793645867012554,5.593432608017993,2.8246876424640126,8.58443723996928,10.0,8.421039744343805,10.0,3.0806908509501323,7.850711165127282,3.798953332362272,Loki
10.0,10.0,7.6840027311688175,5.791508098542456,7.7058875040164505,5.026498304390457,1.0,10.0,5.17082063281729,8.976156669999943,Steve Rogers
7.204970732277812,6.315504560050483,6.383188709923531,7.88637625334674,10.0,7.282032547670019,4.086511096510986,7.937555482326421,5.511347323063516,4.886497370289743,Doctor Strange
6.5056471102934506,7.480407735327875,6.902491685857273,9.368787108015269,9.671418481897472,7.715496052846839,4.178711746735576,8.15711054057531,4.579291885365217,5.465030301502958,Doctor Strange
10.0,9.17390470688223,10.0,7.2626641306158515,10.0,9.003978525226294,5.236921585149207,7.268840237208135,6.133369442985557,10.0,Natasha Romanoff
6.888349496624082,6.002434530904107,7.168904314835102,10.0,8.715725734195145,7.981186386769015,9.235664828564328,6.455656297491003,9.092481127873778,5.64924944145242,Tony Stark
8.20485096134505,7.25146706817902,7.306035344562808,8.851765513968962,5.944052948455256,7.451438325066729,8.404924552607524,4.731547814156004,8.08691717636381,7.650090217246432,Thor
6.719529510504973,6.621563510112025,7.471997287698645,4.943454670422745,10.0,6.950974154027607,4.500081713578585,7.373821297426251,6.773393730530725,4.645768216854936,Doctor Strange
10.0,3.3310055023915517,8.725549581345007,7.035727211936806,7.684421806099801,7.033501103132938,6.232066919306587,8.863046404690353,5.72740077049816,9.858763697640477,Peter Parker
6.702282820031669,7.667015637488806,7.29021236203282,9.30584097647623,9.589423153181423,10.0,8.194286659585583,6.439695510499004,10.0,6.000105491364268,Tony Stark
10.0,5.322586785215625,6.524850072873609,7.2721886534462366,7.9634224068199195,5.351080559448187,6.128018920304745,8.742303753341206,4.85734583344205,10.0,Wanda Maximoff
10.0,10.0,9.812653454702856,7.668018651151012,8.912055521744223,8.507002829327844,4.474690309423513,9.648512575152996,3.4553406320893267,8.630343057515708,Natasha Romanoff
6.3979675746461,7.42797080662968,9.535869779538748,6.376025007801434,8.32614038228523,7.474441953240678,5.083051005892497,9.84944955704783,5.62505858377127,8.136874171984298,Natasha Romanoff
9.22153768158514,10.0,10.0,7.0281003701921705,5.40076239009813,6.38820342536596,3.3723435888244016,9.191190450739091,6.601538204703215,10.0,Steve Rogers
8.85114520299851,6.8367361484609175,10.0,6.578008161939835,8.237783740077068,8.264571483169938,7.838267607235537,6.157729910898327,2.3943905175163174,9.931775353392755,Wanda Maximoff
6.574722321129466,7.354957804828867,3.7897128590930933,5.325263765308521,9.81474239200894,8.052524984153688,8.837843726236764,3.161136384102989,7.974075180667998,1.7009054634605445,Loki
6.212722039760877,5.003384146344508,3.3180522617814434,6.764141587420227,9.179483852173897,7.251165574116839,8.827280159489408,4.791422997728555,7.018683920248652,2.886742146673529,Loki
8.587964642908737,8.925342884364438,9.138059671431598,9.25422664213254,8.74842607970811,8.159432511979364,5.468218603204512,8.359201297546806,8.016589536611061,9.461945312500415,Natasha Romanoff
3.037001160799143,4.668854727223825,3.662425408058707,6.195920765408347,9.491419356806619,8.531712131153062,10.0,4.178167127864328,9.286786970079847,3.3770933985121476,Loki
8.889035541595902,8.79691726362212,6.126336964276567,8.732853291949501,9.040977616095326,8.47929981327359,7.161074653254274,6.390011839439055,10.0,6.7609518402805495,Tony Stark
8.697943990925626,7.007904987270881,8.87244019893519,7.791940490962905,7.900887162504234,6.783335714504105,8.122987467677962,7.983310837482059,2.7195641684248355,10.0,Wanda Maximoff
9.660039726697336,5.2174906066430955,7.040124687035378,4.700074329073262,8.070885851247837,7.9507756790648205,3.0468736462921027,7.210351623501297,4.8412697828657905,9.644900681490922,Bucky Barnes
7.927164046195003,6.388695565186964,9.664900688899417,7.912770952451542,7.68896797699266,6.965895969671237,7.2463348586640794,10.0,10.0,6.802371765444108,Peter Parker
5.147268253196474,5.082979850189619,6.1521694498060295,10.0,8.643894917021782,10.0,9.361521870888492,7.659607665334614,9.913577581592326,7.691982361961747,Tony Stark
6.564806471441137,8.915387252486164,8.197615251361619,7.69996237597595,8.944099681163426,10.0,5.7306319134892805,8.481291425400439,7.620873040138996,8.208503920298023,Natasha Romanoff
7.1157575653223395,7.004307184054925,5.5003850665224485,7.622402571897036,9.327005177277186,6.582276782010971,5.969166166864382,6.8562410578715856,7.347728454637922,3.392569480370132,Doctor Strange
9.322978920734599,7.373746303492631,7.77073870027907,6.8343337069175485,6.5543826747086005,7.064541862576783,5.906438621688677,7.15745729006461,5.158186799786984,8.571406473690379,Bucky Barnes
10.0,5.5409015810567785,7.425490930661972,8.083058763837213,5.460065805613103,8.219183949670242,6.728940643666534,8.093159226765456,5.090543972528177,8.809640095046966,Wanda Maximoff
4.569571344036787,8.892272074327053,5.615776274389887,6.188204247936366,9.301213776513714,9.126503206152384,5.442386933110141,7.499769857994612,6.717545436890798,8.002125344941394,Doctor Strange
6.591618306324088,9.83011070164243,8.174562558100616,8.08346619295876,6.423114339504742,4.071142037677141,8.782268538351095,5.59487464840421,4.436048454461552,9.553856014149316,Wanda Maximoff
8.2735242138085,6.38833100324756,7.581201221580852,8.351443358398528,6.580562446869276,9.271277258022739,9.238833363539374,5.946484659727987,10.0,7.944893578615254,Thor
2.7490711582189196,4.445524259325172,4.270968495866013,10.0,10.0,9.877677315380195,8.577995311654403,3.361723013825779,8.102730440084695,2.17713826171737,Loki
7.600179254239514,5.81926751628226,8.159298101947726,10.0,7.6119616444819025,9.410593990687564,8.32964650544565,6.065583497945305,9.634786017745556,5.870639664917549,Tony Stark
10.0,9.83105799120948,10.0,6.059964096923051,6.793944523025294,3.916434550095807,5.544998103454242,10.0,5.45881690835111,10.0,Steve Rogers
5.667813672470027,6.757011075867833,8.172716639330947,8.857696617256503,10.0,10.0,6.9627914672796685,6.940081205049254,4.779211417808096,4.383335319469605,Doctor Strange
5.076328524188959,6.840979248912346,6.49861877829292,4.717494487033714,10.0,7.330946975966326,8.369461097137474,9.768051924611324,7.100120486561954,7.711642065338674,Shuri
9.854535911849652,8.86086063908291,10.0,7.670376790260342,6.517701531735473,4.164662493368377,4.320979726892321,7.9111761439519315,5.874591594191078,8.808036481632467,Steve Rogers
9.754215377034301,7.435509684359175,10.0,8.725480917576489,7.573040211231914,7.95017156207192,5.230896109044574,10.0,8.96037436082304,10.0,Peter Parker
10.0,6.375638096031403,7.338105421060644,7.593230316174401,5.438976592897731,4.4651021276132115,6.049701199095373,9.086579519208993,8.103192548275398,9.083196238045275,Peter Parker
5.53273767234252,4.9183233631648795,5.184523987510768,8.429481442255966,9.927465317805812,8.02942323538222,6.052906899445091,7.153840599053922,6.893842979826677,4.198124193089258,Doctor Strange
10.0,8.406171012212782,8.215182233949106,8.859125840913988,4.022334784999097,6.345140333397531,4.927796536089478,10.0,6.798405017554168,8.914390581716505,Peter Parker
10.0,7.610863584242395,8.007345074067612,6.153106575286963,5.9642999560744325,4.020716389949047,7.865880759094968,9.695291095755195,7.860627294195072,9.96798348365429,Peter Parker
8.962498106248683,6.752470508382653,6.559668706312788,10.0,10.0,10.0,9.399246452497975,5.515265055563387,8.896000461056094,6.986134854229049,Tony Stark
9.502956685524778,10.0,8.073658754373257,6.225057920133937,6.4908666596018945,4.495880858849218,4.093726522487295,10.0,6.015120265855749,8.765602775189132,Steve Rogers
9.31543228917681,9.402084048125756,8.83033350101956,5.514751638599579,4.936027801180586,4.706311620281789,2.162918197412119,8.74934289480326,4.507622658944622,8.330103363260708,Steve Rogers
8.788542033461615,6.740993098669048,9.620035122020973,7.208102692401714,8.085213762003288,5.940542292204877,6.635067630009047,10.0,5.001206119049838,8.048370896938275,Bucky Barnes
9.546453499208141,7.782597652765853,9.015929206505072,7.810536163517556,7.697137053704603,3.9696565745614345,6.459003651940611,10.0,8.314515316375445,10.0,Peter Parker
3.9291724312980136,6.629260069770568,5.2957982307387645,8.562742465389292,8.281882531698711,7.821914278848045,10.0,2.994235679585028,9.219595642377756,2.4621440977313203,Loki
9.058420305238831,8.923682380154307,8.67191228524243,9.091986388774346,5.344529166327519,6.981288366667474,9.612381908452088,7.956005339658238,8.13336971599947,8.049789710278919,Thor
9.713495700954802,7.868928265271208,5.345453176196337,9.071409516816951,6.250883572702001,6.707173926074853,8.184363318041173,6.5487269565921356,7.321557563396862,8.839356118761605,Thor
7.933684920426636,7.402751682991822,8.486738295397863,7.980880519671145,6.423909608438677,6.565886369593362,3.416838781635182,8.240565455895853,3.5147551963426804,8.6090694615087,Bucky Barnes
7.343495935505866,10.0,10.0,8.63011688323081,6.592335204438093,8.038821862953702,4.356631553255566,8.025113364300593,4.671291509515147,9.945322436312566,Natasha Romanoff
3.9875975427501564,6.5545654246683345,6.632776349809838,8.659833723216426,9.892995603288323,10.0,6.529231600713373,4.953170744893509,10.0,8.013895185624527,Tony Stark
8.708354883713858,9.526840250259463,8.097786017946046,9.687828838675166,8.201127982659509,10.0,7.922540983706896,6.3345276883759585,7.85002486115788,9.22120518803589,Thor
8.190886317687692,5.515457037279484,4.404323118886715,10.0,10.0,8.915461825904979,7.766347631561686,5.910332959011232,6.551123017279288,3.5339011460601526,Loki
4.853951128676401,8.5976605821156,6.055954276167245,6.439988745526419,9.384327355482895,9.775703377038855,7.434991294767458,5.871973460907583,4.628199381323691,7.438731175376318,Doctor Strange
8.696879009902458,10.0,10.0,5.494541314332445,5.425660994529927,3.8035589652398127,3.870889481201806,10.0,5.73906617756034,10.0,Steve Rogers
10.0,5.480532640277397,9.816774388899189,8.169457532070158,7.343079423510681,7.994884244606666,3.8440718838334704,8.97756240591024,7.680062494245053,10.0,Peter Parker
9.43984281286911,6.214985937407756,8.113389761477507,7.640257517659791,7.070995790777503,4.228382560734753,7.672724462557898,10.0,8.788501166780602,10.0,Peter Parker
7.999093780259584,6.678004722132925,9.349115422415187,4.839241948715188,7.3964331795978255,6.236015237969631,5.308643775892708,8.07037075285596,3.050832377722487,8.861192657821253,Bucky Barnes
8.319981128287932,6.147285169097856,8.871193258878353,4.386470330970639,7.22011553649205,4.7957389551324106,3.160048772962696,8.61150660752832,5.487109419635537,10.0,Bucky Barnes
8.724110290062798,8.325234461522246,6.856546013918073,4.206029626965837,5.933916692054197,6.302611360682927,6.688110599577388,5.049462974894459,5.2700744141894384,9.204371182605561,Wanda Maximoff
4.6146801108186555,9.348469968707585,2.0761858653652157,9.198141073821853,8.921661319682713,9.163994361679245,10.0,2.797038756469921,7.09515918146592,2.9781078285604994,Loki
7.038702870511757,4.224540818651651,9.022256425596826,5.2278541953001705,8.322620321167689,9.766466740090056,6.484455823524674,8.1509209843251,8.425335594240067,7.1923754665764585,Shuri
10.0,5.159277394950627,9.61909249948187,7.325169259501689,6.26310012466807,5.201416689731094,5.440206672381306,9.55274401235436,5.923410121533584,8.969454706417098,Peter Parker
5.701740555077085,7.541525206888404,2.5580292103975477,7.359318902902836,10.0,8.767042494130358,10.0,8.29490951998065,8.524150885657349,2.0810044522971047,Loki
6.762231263230245,7.707558752977647,8.650364597323202,8.778879893419793,5.401971985522915,8.95471530141564,3.236617983769195,9.078044978685448,3.630771980635241,8.144597684881598,Bucky Barnes
9.434121900876013,5.016130173813382,9.58893851666261,6.878275103078624,7.543756722254251,5.424297981646854,5.467651582958879,8.176586718371516,6.067750505000803,10.0,Peter Parker
3.5869886238793223,5.874178975855238,7.819065489486168,6.975193158266052,8.309543596381433,8.339057200309917,3.566941398386703,6.581069985045736,2.9817596039167267,8.35951335397675,Bucky Barnes
6.63073226608146,8.722340181188871,5.69162478200453,8.140663196607612,10.0,10.0,6.674799153446359,6.192154919856957,9.317958257187438,8.121977293705914,Shuri
7.386947583433428,7.052848584340544,5.072229090100261,8.113807129162467,10.0,8.776303446792559,6.365581813350981,7.735607441812791,4.2243679002832915,4.573828188513574,Doctor Strange
6.3004933119203,6.909701534499123,4.837622046006135,9.89182664074241,9.101547985014047,9.340913833856016,7.688633043421333,7.677634113474365,5.052946990412395,3.7303823810203562,Doctor Strange
8.92734380620564,8.30693433406577,8.050334489055263,7.08552942786786,6.592913804027282,4.887920236794244,5.846378229557855,4.9226824165601055,5.476532295483939,9.578067720059812,Wanda Maximoff
5.692322745437899,4.942469230583997,5.9116918176335185,6.306095750368785,10.0,9.60973080719027,7.898605520999449,4.871991314860317,7.3576373388238006,3.8689280343974555,Loki
6.58693301310818,7.956989649365639,7.065542344651551,8.034414863910301,10.0,9.188909664983338,6.737225522517307,6.4448197822413285,4.57582142054678,6.133560188018497,Doctor Strange
9.326362822003224,7.139401361417757,8.782180678861986,8.683511818256994,7.9737538894873605,8.548335209271261,9.169928301626957,4.294903910658662,8.893034150264219,8.51318954382287,Thor
7.762894982762161,3.5019642408743357,10.0,7.416228566165643,8.85140306944809,9.713528753007779,4.9669181845346975,8.642465147210675,5.364434677443834,6.891256066647645,Bucky Barnes
7.467076117728572,6.009349558036309,2.821663309817401,7.936596082388976,9.590250249980205,9.543384835962998,9.033615077156483,2.425066623684195,5.955320889757475,3.32863525329127,Loki
5.079073279553265,6.617784630980867,8.954167640480613,7.062185724643391,5.591634264266313,8.42310076711129,9.836963369701888,6.281225379431982,8.195640363646088,7.934442791880624,Thor
7.220405563259252,9.789328313694062,10.0,8.54685587416922,6.588307848279177,6.489723090021062,4.150659464232414,7.785376210826604,4.436986061867547,8.69210784552221,Natasha Romanoff
5.776498151541451,7.980784373672275,5.093253411072073,6.29162107807673,10.0,8.33310185829453,5.329780977943266,6.888949704315808,6.065279297996585,5.009220014481132,Doctor Strange
8.434319447220751,7.783609651814407,6.507424399969191,9.244793511724094,8.424981578410282,4.501342057573622,6.013726905624147,7.526560955056032,3.577186120395474,9.680749435902062,Wanda Maximoff
7.829252727987189,10.0,10.0,5.291107644957209,6.325590662787007,4.595896751854547,4.516849430069652,10.0,4.273351897543494,10.0,Steve Rogers
6.747395943263244,7.27763236490293,7.316106018712373,9.370052823236737,8.214917395343283,10.0,7.497509274838494,6.30513048622294,10.0,4.575713748635532,Tony Stark
5.9171528855233575,4.95882375377545,6.87039028607886,5.080156283344743,6.806769930699344,8.03937589878279,3.805887078443263,7.255782851390555,2.063471504769157,6.482276693239564,Bucky Barnes
10.0,5.663574438452478,9.321303566200843,9.381436590061021,5.107595979072165,2.952812458523078,5.00561477848824,10.0,5.987686020835076,9.746311320702524,Peter Parker
8.563175509495956,4.902289488817479,8.562743794649176,4.7905390478721,7.63542389802358,6.059805286776361,2.391583859523931,6.611530721351423,3.2861395488446274,7.399623976379032,Bucky Barnes
5.650928269949555,7.205164279360811,1.7597813031273044,8.46115770115777,10.0,9.744888808452904,8.479162276654916,2.820629537811553,8.101222599187487,3.309731323558601,Loki
9.381584815846834,4.1614827339446006,9.605566788068682,5.991820556228193,6.330309769270161,5.4334814207339726,5.6792155806822295,9.119183362957079,5.513201969095089,9.45928230733477,Peter Parker
9.280766397151085,6.275330401213982,8.696161222726083,8.58427633419179,10.0,10.0,6.336299489536182,9.120610779592354,9.291994475674201,9.12038635200912,Natasha Romanoff
7.134249894270007,2.9304874567555457,7.346101340952803,6.373059299633777,9.06166270651942,7.050872995794182,6.500314907121058,7.490117609591941,9.163057040525512,7.190564583884944,Shuri
5.581753534139484,6.933635772146012,3.470345665793844,6.462755845042016,10.0,10.0,8.190246802021104,3.0899700064752795,9.526274075474921,2.428443493573636,Loki
6.292131355523742,7.219245739731027,8.656433411093548,10.0,8.735332746819507,10.0,5.36600956583789,5.946083012948866,10.0,6.165433133003341,Tony Stark
7.694373880152747,6.009035180078602,7.6653439941587695,5.720594625842951,9.576806762517318,7.593247882740959,4.293425679036321,8.823090028894418,7.714577449461514,7.623554137617988,Shuri
7.251801658869152,8.709880391868166,5.441962875564522,9.549634235518296,2.914337344285455,7.716441591626928,9.067803731648114,7.77786913257297,7.376986901297574,6.537919504883104,Thor
8.728570483654607,10.0,9.38156446184286,7.692441882494155,6.271257645419916,5.775465492414197,4.55277757754575,9.923846181615081,4.448272109542563,10.0,Steve Rogers
4.896412785480244,7.581393712517781,7.203441331381257,10.0,9.889033224741068,10.0,7.564093659689453,5.422060259169291,10.0,5.760869593897981,Tony Stark
3.90696448865297,4.786845977919681,3.4821787198064618,6.776293714045324,10.0,8.021270130852031,7.882730633185106,3.508788919853414,9.241048598370368,3.268595217012999,Loki
6.432713071933861,7.226079946323329,6.8703355550671,10.0,7.13251303446326,7.473943942493408,8.720243361679366,5.304767267586463,8.159192311013134,8.131079082427357,Thor
6.4625693896772205,8.833833563156187,7.754214537188723,9.06545790398767,6.6952989187166,5.678266457856356,9.608457504946319,6.563632295825103,9.665501632797321,8.775891049035684,Thor
3.49125215043375,6.229621043450089,5.345217069105732,5.766669341380602,9.31365399831398,7.291386613312064,8.669653632333063,5.344711867133938,7.441396997990031,2.940603784750379,Loki
10.0,10.0,9.220963520692331,6.223256883066102,6.188596097952178,4.113801223692698,2.396065246745425,8.124474497224364,4.756244527931976,9.2588426620995,Steve Rogers
4.55898058743969,5.532707662676295,7.3422548066544,9.991103931089356,9.212721178989915,9.422341156034443,8.830442092799913,7.1657985537389,10.0,5.673964426994271,Tony Stark
5.161105957018887,8.628810835471082,3.9823651862112035,10.0,7.13486770565876,10.0,7.851038953340099,7.461922684117354,9.776681038732637,5.132326798567918,Tony Stark
6.18310940184438,6.941504672691387,8.643242826568422,7.559706101256676,9.190017306394898,8.390553677597584,7.163159943898574,7.9953504186401325,4.559756941405112,10.0,Natasha Romanoff
8.672027336612292,9.788321866223294,10.0,6.064138908287554,7.114117215219318,6.193284742065383,5.011396860482,9.80048416559916,4.638867648934177,7.826480671848835,Steve Rogers
6.397198445462657,10.0,10.0,7.228660941923697,9.632800372129166,6.55074568274134,4.981326147812482,8.7974035874105,4.358756563504071,9.881444241339372,Steve Rogers
8.720376145979198,8.630779524819062,9.399706685315373,8.024707958983871,6.951050064161539,7.536962172099617,6.934193461452112,7.84746001546551,5.265048719243257,10.0,Wanda Maximoff
2.700505634267239,6.418720112786093,3.4848666591329938,9.437129728709778,9.945024087786312,10.0,9.634515956291315,3.8406144261898034,8.98458663701787,3.992573080658902,Loki
8.913640800653233,7.083546221451684,10.0,5.069906542526033,7.692365698448703,6.6157780129241806,7.273799156600353,7.379525703861931,6.93293494400787,7.399774367811971,Peter Parker
6.627611288369936,7.618969810683032,5.405794824734882,8.636682458576992,10.0,10.0,5.207777079711727,6.962738171673837,5.205841084335737,5.203734344433493,Doctor Strange
6.1002004800844265,5.959983681045752,2.9576891343674916,6.928040713264865,9.148477970509774,9.321343998343663,9.649754691944542,2.231834602569963,7.3700061145455615,3.304106831631742,Loki
7.167730850342693,7.689755951809332,5.32257383545179,8.603202647403132,9.270456422691572,8.242149774974497,5.501076055652408,6.529604074472889,8.55037006843539,5.252484120935238,Shuri
9.441615960660302,6.886752813888778,10.0,7.019254993114314,8.175443274519006,8.447851848981971,8.044085099537417,5.753635958866234,2.451221523364641,8.627963224921125,Wanda Maximoff
10.0,7.500692498634122,10.0,7.164007432350245,5.7428209551312825,6.4092329824174925,6.1803676833975265,9.278538732721083,7.696074433015382,7.792271792202315,Peter Parker
8.806849646640364,5.91536061637027,8.289291663380451,6.011237300857954,7.757101112537921,7.2262851226744935,8.504462557525198,9.024076951905334,1.904969894911384,7.501249956316477,Wanda Maximoff
5.429502827949638,4.999366124255414,1.2365507225224275,8.525015954590206,8.877865751280936,9.861328098769103,8.054862947340313,2.765124432912739,8.191464884074481,5.947124037532961,Loki
10.0,8.374134645254147,7.588479894120708,8.146602866967143,10.0,4.816833828339273,5.220357271488866,7.53448180675939,3.9475023419538156,9.102409068912886,Natasha Romanoff
9.542010707293603,8.324948755187958,9.137164959757634,8.374191737962345,9.617844586603846,7.483502558780505,3.9449013157792043,9.290275325693582,6.02747841321498,10.0,Natasha Romanoff
4.718126644447708,5.77192548723503,4.315877463508573,8.829020487130354,9.578898845756052,9.045252463328286,7.632734366637238,2.3193787196785234,6.126284567439613,3.811559751410284,Loki
8.652103050360424,8.078196313591699,8.520165171700032,6.352749996627537,6.9300787574244715,7.211354157212649,4.669991006156531,8.859901862262758,4.090024393294856,10.0,Steve Rogers
7.694183746408416,6.491756030594797,5.86919660644059,7.048786507536616,10.0,8.927208419041873,6.083773737916672,10.0,8.570271580150939,4.766453769304902,Shuri
4.616292125374279,5.87128884901815,4.915229604702383,8.48405240834755,10.0,8.174351864772982,8.268546900363026,7.033996692845392,5.855588066002262,3.9375773239755523,Doctor Strange
5.557562820884755,10.0,5.47976968320757,8.426171429499085,6.838712332838541,10.0,7.480318509065546,5.684962463624222,5.360141562389476,5.564379400157975,Doctor Strange
6.149634420561641,7.150990813260948,5.434310177215817,5.441120291814736,10.0,7.416348753362,7.128419977444693,6.946217478799283,6.160073393455457,4.947040087319501,Doctor Strange
10.0,9.592195397970215,9.778153141133016,6.528508906513661,4.603980160293654,3.5850169499037987,5.20136685765027,7.362561691400035,4.042105812980368,9.500349929637796,Steve Rogers
7.2268321198019265,8.845609947732669,7.96030724989736,9.141444405470052,9.08078489946157,8.500679770196186,2.7741825286066497,5.1865680060231405,4.123219709483209,10.0,Natasha Romanoff
10.0,10.0,8.222840816203172,6.1304011006041454,5.745139829985809,5.909417117032249,4.2133149271875645,8.261859457961757,4.764069733735965,8.132359580351526,Steve Rogers
7.447668911710721,7.546605343250511,7.470230196209689,5.922407528412686,6.041479666653398,6.671381870578636,5.621299375346171,5.732292543775396,5.120451781896729,8.792349280213159,Wanda Maximoff
5.2017664960360674,8.731204913081736,6.170503329306227,7.3128007928031495,9.019516892706095,9.77227851281991,5.722934493047431,7.94089597346517,7.099169746798202,4.608950312143519,Doctor Strange
8.085077870636663,7.249688675361061,4.361087967614938,5.523826769507891,9.94477889766235,7.377297413040164,6.166322600274578,8.149848588769022,8.75056530877546,3.6635479481589672,Shuri
8.871148328066202,7.820574441672479,5.680808114309694,9.8434025765628,5.293514964711393,8.679914617729175,7.726498662171589,7.297549223895472,8.031254523238445,9.080486178348664,Thor
8.175836479168531,8.536406596521356,5.124808092393434,8.427861942435804,8.843931951362975,9.32222384999199,5.717877762916862,5.966411039508178,4.950698256828778,8.043667822703856,Doctor Strange
3.725925148278181,6.680774654892862,5.078584443154388,9.944229238000917,10.0,8.565331046509082,6.588587162340298,4.450675150174943,5.293867361064998,5.5012442237604535,Doctor Strange
10.0,6.484153401239872,5.8706904885805535,6.802786545294613,7.156899525684525,4.57550480527355,6.200454582112256,7.737889996363736,4.461224250824094,7.7806647020371615,Peter Parker
10.0,6.368448577569129,8.735625317378934,3.681047194317879,5.5790168861828695,4.842863175351594,6.45591142161588,7.762907472014849,7.932997865174424,7.59716989098246,Peter Parker
4.901979816859462,8.427648154198158,8.878340165346907,7.219115126073577,9.986057770425834,9.641884129359523,5.237431812850929,9.20400385624093,5.409164624645598,3.2637060885947573,Doctor Strange
10.0,5.902318747736534,9.74323563592248,7.975504496860478,6.29711928055432,5.524093329250324,5.992259131862578,8.478914258257797,6.7629341919645,8.18447884450454,Peter Parker
6.62373398363019,5.614472117701916,6.875751792577766,6.312217736994928,10.0,7.64156010935766,6.378808204852638,6.93922360448187,7.971255029868678,7.6444199319919806,Shuri
5.772475725212124,6.197126080550736,6.926985945176647,10.0,8.133117294284649,10.0,6.322281042036366,5.491320314034302,9.268907331333748,5.941765912075826,Tony Stark
10.0,5.563288618100363,7.131069940529116,5.70117007300138,7.677616180431939,2.8067294092895354,4.188319285192472,10.0,7.721813478941463,8.130274512994005,Peter Parker
9.263724534205506,7.641550764188391,7.6451805352556494,8.595941361979675,10.0,6.665741162379409,6.885804479950032,6.591726595826167,7.402451647119706,5.942852356651735,Shuri
10.0,5.196980732635345,7.101177156348832,8.19664796864079,7.86089801701551,4.330801495911332,6.51138774891255,10.0,9.423376003854925,8.294301454460005,Peter Parker
9.536534475782727,7.324426904964055,7.697952978547036,10.0,5.884957759506688,6.613948273390914,10.0,5.651759045829083,8.919124898063096,8.433360195032016,Thor
8.174792618768727,7.195107234545274,10.0,7.238333443168355,5.269079903456927,7.367822369278824,10.0,5.349831687528126,9.532402872482637,8.310492581308175,Thor
8.312361742849072,6.827886575916404,7.420701775145148,10.0,9.642241765481542,8.560101683718822,4.570335764302287,8.334827230834804,4.766300117341487,9.483997944629564,Natasha Romanoff
4.891914810957372,6.96721316704506,7.309582376386179,9.775966718187806,8.683278038814981,9.801018910774925,8.25423530077493,4.7393299475711155,10.0,6.828332462981855,Tony Stark
5.342211507672225,8.23338078726731,8.636669329133072,8.414499843723428,7.200966723391131,7.237644541803364,5.686245935721896,5.995217614734595,6.129229007250801,4.631779972147792,Doctor Strange
10.0,8.365229708710288,10.0,7.342798315871974,5.56416454261873,3.8035433184385594,4.934260195759425,10.0,10.0,9.244866043709482,Peter Parker
6.531412329282466,7.550889443715301,8.196383564175743,3.9282904466667814,8.566539216833242,6.8764169694213395,4.73701264513652,8.002153500602317,8.209914928726981,9.380886246446886,Natasha Romanoff
6.468480255129575,4.410820358002393,8.108820135543237,6.803622162277193,6.354321499234408,6.580261937623279,3.069361151583103,9.457235111637917,5.085662511355079,7.394814690297568,Bucky Barnes
8.54050771075941,8.472984241763156,7.16787801378997,8.618337147342775,10.0,10.0,8.381683255584107,4.895603844236694,5.955853304766191,4.946001564501965,Doctor Strange
7.620122331348311,8.659977126863765,10.0,8.967794301898495,9.898509463953724,6.127437320607457,1.8843592289495907,9.59408067327578,6.548571807757665,8.973028229230913,Natasha Romanoff
8.909053176941292,4.985646891274975,8.774066489856384,9.480869321613843,5.833516167970691,3.778802708580265,4.583574631070195,10.0,7.948323004556123,7.879716814787551,Peter Parker
5.882240810025653,7.671158219429559,6.142684154779197,10.0,8.793827780754727,10.0,8.07713079256296,6.046534795526971,9.889004440359374,6.004745314526824,Tony Stark
6.650180565947757,7.026950970095826,6.591669764195706,8.002343353454583,10.0,7.262323726332152,4.20005697791004,6.503544937310695,5.146927545877936,5.656925448016231,Shuri
4.015296199802158,6.289030261618151,4.84973024162282,7.3900464295653725,10.0,6.7590414636247775,7.696926236132766,1.419544987697397,6.878243571412884,4.885096480680119,Loki
9.976164472636485,8.41130895324305,8.235578431779768,9.093039602994118,7.439463478703074,4.475949179158412,2.8325744341921704,9.3619489388659,3.5117845798583622,10.0,Steve Rogers
9.652337450449386,6.797530877174481,5.480598651907225,4.682701726152267,8.575563175351219,7.260279442784718,7.8804192118630105,9.899381861072325,9.20020006769366,7.537998592264971,Shuri
3.403077478302337,5.835320592860035,4.259173712016024,7.370978669651844,10.0,9.098502800590552,10.0,3.5535074023991013,10.0,2.294389095657553,Loki
6.147845151740405,7.90015352106416,2.418499956225658,8.12557408854112,9.500568608853731,8.67396235969797,9.381913760945519,2.383912213736564,6.615978124384498,2.623436033848469,Loki
10.0,6.9682064793718475,7.563572765581968,5.5912835345265,5.375860442506154,4.864874889350138,5.583353675985503,8.205411714630952,8.186697784623346,8.88047635410426,Peter Parker
10.0,10.0,10.0,8.483614180748852,7.032093067072499,4.7291334324301,4.720086879451738,10.0,5.542211402768064,10.0,Steve Rogers
7.641128989755541,8.665290857831144,7.850635111950005,6.669533502805768,5.067349293876893,6.100750809302184,8.30507528247721,7.629146705067734,9.320685277317706,7.015744508375766,Thor
6.181515380713262,8.5575902518526,6.431270649574025,8.46799279529094,7.402578032100476,10.0,9.973864070513043,6.199989516966798,9.851702092362647,6.357282674503178,Tony Stark
5.746166539249667,5.205416238128445,2.6129405074890055,9.285148869970138,8.607953555436243,7.727216545498685,8.042567574966636,4.142609268217907,8.775996798934248,4.490840291769579,Loki
10.0,7.781757402890598,8.739002241971349,7.431878811862903,8.523304486273695,6.131199935730061,6.663741597730711,9.59008145901534,7.8015293827416,10.0,Peter Parker
10.0,6.274983358380583,9.104346648383716,5.255144618159493,7.615909100271202,6.756156990827314,5.636624727988236,6.920475385815638,3.4346188321662074,7.248902428867986,Bucky Barnes
6.806087138084499,9.78864877353044,8.710586742206413,10.0,7.9726352855712,10.0,7.923728311214489,6.157706495538719,9.575493717991789,4.8877620921285025,Tony Stark
9.442558386463984,6.098685075328049,10.0,7.684233440270341,7.599732143934013,6.858482048859728,3.56325235139594,8.703113842949985,3.8234664488821406,8.685287752071812,Bucky Barnes
10.0,6.825990103130421,10.0,6.4203188277530785,6.487074085685484,7.115393945147265,3.1073361347499358,9.149913557464487,4.837007201350587,10.0,Steve Rogers
9.320215038404385,4.21036539640359,7.555915696012843,7.555497328099278,6.888324082921857,5.864490022009102,6.108053922960229,10.0,8.461968925490309,10.0,Peter Parker
7.925102417360536,5.445194035876874,8.799253537982489,8.007239495386067,6.016121251756713,7.1408008245074726,9.56861615139141,8.683329088713872,5.488821368996195,9.392661402665663,Wanda Maximoff
7.689683084209778,8.54871580052273,6.460065972394748,9.779595408098894,5.377259470707037,6.640955848014558,7.63833126468377,6.417814989493296,8.593550746245308,9.18709987852045,Thor
8.471764861222116,8.54885834866197,9.17991815770974,10.0,10.0,9.629286308081614,8.083182269824006,5.128220220874654,10.0,4.527120471106418,Tony Stark
10.0,5.684725177177237,6.6846883925993845,6.05419387616723,6.8778883989091355,4.029391184994857,4.681719735832809,10.0,10.0,8.389764922454532,Peter Parker
8.813424284571534,7.918066822771297,8.721106638248312,8.771361512265365,5.016102955991117,8.142646963923267,6.421656859977097,7.67429815079581,7.828563491858583,9.14779065816681,Thor
5.389530944593249,4.678332695654168,6.028142672608022,7.633980626267109,9.43059984515419,5.463118372188706,9.792999488951672,4.126265799577354,8.124907070752379,2.4964691611114773,Loki
9.33173383357831,7.63351002364581,7.424619519296837,8.758694472227262,7.7605423553670105,7.803614615643276,7.2219264981838,6.941201675930251,4.743912703623514,10.0,Wanda Maximoff
6.075901578940538,6.498624878944884,6.379978688190134,9.006404401762936,10.0,9.631486841147915,3.6671466875544994,8.66669474583887,4.0407683374599825,4.809063482692721,Doctor Strange
6.881293361759161,7.584789337701244,10.0,10.0,8.100648067526816,9.132170297189914,6.821650106835825,7.170711694820985,9.544528383883447,6.159203094570607,Tony Stark
5.016492069976801,6.353927824380887,3.2187449422506598,8.096205479064944,10.0,10.0,8.842194525706525,3.9483783558242966,9.909315432474388,2.313542677127381,Loki
5.530438886522526,8.420128500378143,2.968985463086683,4.4064800835974465,8.683181777737804,9.607556335334776,9.033657377185051,2.4804548380016476,6.225353271029462,2.556738730228256,Loki
9.639930288798928,5.747941071259523,5.672288822664621,7.891691321099284,7.898578790902876,6.861153559186156,5.893638773030483,7.957724735027164,6.294225128877595,6.442175498917475,Shuri
9.054594269272716,6.6717372238169785,9.743844203485457,8.83981572335314,6.4457818845121055,4.743707835169669,8.648793082707641,5.072840783005782,2.0089982143229355,8.789631106489113,Wanda Maximoff
9.134310878371645,8.634772091141302,10.0,9.014888096834362,6.386922299132862,5.4939285237896565,1.0,9.95133849939395,4.608697142592243,8.97687799698702,Steve Rogers
10.0,10.0,10.0,7.473083674116232,6.890051186273529,3.4235953358160813,3.729784720847543,10.0,5.286820593055828,10.0,Steve Rogers
8.9873555043227,5.732649127772399,10.0,6.865077754258242,9.637877029907294,4.517734298633955,7.864705879758502,7.967884241858997,7.641863680777261,8.329862518343303,Peter Parker
8.272966415942053,7.713527110755414,10.0,6.20697387624055,9.684888851869731,6.6887771435347565,4.803203910007198,8.185797980578341,7.055744649543865,8.673522631048723,Natasha Romanoff
5.256499522442427,6.173793799867108,3.145917614761845,9.486655810691747,10.0,7.612069967127981,9.900554974491197,1.0,8.835762436853074,1.0,Loki
8.504801180982009,5.6851113270556795,10.0,7.265723046481437,4.8922988928902065,6.5135532444172,7.083303259721732,6.772273154573809,4.082917241039473,9.538741720782866,Bucky Barnes
6.2560203168472395,7.4719411799456505,10.0,6.552421663036032,5.617706022309853,5.081915726037564,4.143914209384762,10.0,5.170752853765876,10.0,Steve Rogers
9.00133936508415,6.943550440900224,8.699813886027709,8.742054270304003,10.0,6.382577147292194,3.289906890306425,6.817462265200199,4.0780801868648,7.167026930735663,Natasha Romanoff
7.13685669930886,9.406304902135032,6.983230266343989,7.174481553327684,8.761549424581814,9.796501254209241,10.0,4.178577608850555,9.511652996751005,8.132315850680705,Tony Stark
7.563781246644112,7.347202479268361,9.107351672432621,8.301061926793173,10.0,8.547488926231107,6.624268166564365,7.679329350826719,4.838957907168728,3.8019457876103027,Doctor Strange
8.715212209067708,6.125585575745686,7.041563761695457,3.727110854687367,8.886235279764716,3.7066076209806624,4.2446064420335645,7.7062774818832285,4.201001432317624,6.575041573457453,Bucky Barnes
5.431920781244681,5.510220887190574,3.611513146284751,9.928102333555188,10.0,5.146493571313983,10.0,4.228827946215357,8.429211257168522,4.358368516793496,Loki
7.717080708709832,8.11985369909383,8.242815191442215,10.0,6.105979108001013,9.596574446515058,7.852930426516897,6.562329032531709,8.163521271201743,5.7286412135998095,Thor
4.950807424612259,6.164679825421997,3.6566566696925777,7.346861301489924,9.316112546065435,9.33895787104597,8.031793792721416,5.191506104364109,8.816532405753529,4.3742705512123,Loki
5.98938521493315,7.443926832743555,4.520133935354641,6.79343685158558,8.985853338032497,8.456064898433837,9.236829885170655,3.8472048733655084,6.595334917961358,1.587849957106186,Loki
10.0,5.762792922984496,8.314903171410734,3.386756818181694,5.8607850180799685,7.659856179240755,4.654844676989172,7.185995959433048,3.2554301254586426,10.0,Bucky Barnes
9.475039258992867,6.450593377728608,9.150183182663856,5.922731608779467,7.783305441945552,6.2676508483351565,7.750811357035666,8.477497564906923,3.430834568618898,8.173653085225714,Wanda Maximoff
5.041177187205703,7.094571850739749,6.2728483134971915,9.543163007357219,7.280108014248061,9.214536114850652,7.089236893425591,6.964416574702399,10.0,5.81773692738898,Tony Stark
9.024257651080994,7.406981755792694,6.953707933470136,7.6326910733782025,6.528794968413001,9.71863463933496,7.496157673742319,6.730545781671773,10.0,5.736942869552109,Thor
4.875086594897004,6.6478753528963495,7.923690017861365,9.079855281879164,8.104685153281231,8.728433050822623,8.101912849039362,6.959510904023203,10.0,7.262361934803202,Thor
4.694704210369451,6.522448881303455,3.989127037488957,7.317645520246426,10.0,8.325928147973976,8.634879546223184,2.0106279551004707,7.107967653942631,3.6450950954238124,Loki
8.34182383547617,7.199991004484605,3.8337965145472133,6.247579940651093,10.0,7.306574643634648,7.484955719351458,7.0872385263757565,5.95966096673132,5.371630307449323,Doctor Strange
5.707306933291492,7.20614610981781,9.096246437964506,3.748890153710592,8.502309502598468,6.578311307204708,3.7323994491206713,6.108788378748663,4.615248050758027,8.62721253222104,Bucky Barnes
5.529749604195709,7.027992590314666,6.212396862180413,8.678556407327157,7.685140908876983,9.81964452684968,6.479101977016992,7.052658698922041,8.852808078228108,9.511961212620491,Tony Stark
7.398766270748311,6.98848565148004,10.0,6.096933929743807,9.77291054346231,8.409411678589626,6.672795639718625,7.9235013411852,1.9231759996459141,7.117328469674101,Bucky Barnes
9.033405419809078,6.118817566328752,7.770312557661782,7.869396684336514,8.29070271165848,5.815156644445191,5.838605922021202,7.419572699359045,4.597476204802776,10.0,Wanda Maximoff
9.57878072097628,8.290553867507462,8.692007005988797,8.778183003186326,8.736150232900588,5.430363839028145,5.704342853715584,9.115314346218222,7.801359037974162,8.086551946309294,Natasha Romanoff
5.926230341363322,5.39171181718489,8.874718460878043,5.510673273325821,10.0,7.804581256236751,5.807772902835822,7.600173166477953,8.986421266813787,6.044516148814984,Shuri
10.0,6.94090163107624,9.609236273927936,7.844148322491385,4.395553556742449,6.9866233681722925,5.745136301416731,10.0,5.458091776290055,9.320710629351488,Peter Parker
5.903924027290515,7.882171807184304,4.802839510804211,8.166193443261262,10.0,8.390721773407462,6.629018026931701,8.296141910401643,10.0,4.535541713968323,Tony Stark
7.831157945430383,6.108522471707454,6.499497107359238,5.244556005817182,10.0,9.504736299499779,5.8747450135332,7.954696870157401,8.786446273293418,6.002376431048631,Shuri
5.220645811555029,7.540073189968167,5.900955717025087,4.59690601774106,10.0,9.851808125410482,4.868528098862348,6.876711101376117,8.200209014891353,4.8935264477585525,Shuri
7.8997521479074795,8.297012264277082,7.167341282062884,8.427513878430942,8.335679481602815,5.4425738113184385,7.037084760326269,6.407863779290061,4.682152494071222,8.756910860838873,Wanda Maximoff
6.261133451630194,7.219415882075487,4.745482258937694,9.07498306005942,9.800172018644329,9.776330730716118,4.3098123328735625,8.93356855497079,7.126721794261797,4.898671634044197,Doctor Strange
5.7201614312245,7.997073264766302,10.0,8.126694755158647,7.079747518015548,7.400121990406299,8.069049074111083,8.518354811116165,8.56756046229182,7.1373688649348335,Thor
9.678677554202153,6.929980201042899,5.583975511427396,8.590530892392207,9.032353188924475,9.84921465362268,5.671083003495717,8.128912634475707,9.951116344498514,4.310628231303099,Shuri
6.086656783603269,6.67485623406154,4.341697179997128,8.135873625018837,10.0,9.898302794138354,9.329866847514436,3.13279684306514,8.48194850693559,2.9162400794148957,Loki
9.718426697701855,8.321606131798113,9.942426217414242,5.927309218437352,5.25877453418745,6.798584968093913,4.764799059592139,9.037351590617481,4.861013751018751,9.511960084614081,Bucky Barnes
7.048142713651346,8.012667914042774,8.224411514607173,7.3260820521874095,8.993917852223383,9.26780196341928,6.838431831860988,8.18470945310508,6.28192889846315,8.7710162283802,Natasha Romanoff
9.127275766379123,8.234198721748474,8.356213618077808,5.273545085636533,7.614315737424488,7.579868169570835,5.703072805000266,7.63001850106742,6.77634492258723,10.0,Steve Rogers
6.2950205912769635,5.354871513416421,7.627274105133059,6.054071857532423,7.227690053633607,6.847115790083753,4.687717901730202,7.268859653040101,3.9426189244243255,6.745858018955817,Bucky Barnes
9.887482977653983,7.145098375646139,7.504592512527253,7.979865715686371,8.717872434631907,7.39216914651106,6.230280652691575,10.0,6.504867129230932,8.047155693739832,Shuri
7.6435674293874545,5.317737877846884,7.0609571006587135,5.430280446996305,8.994653104488272,4.122435095913823,7.186119347632618,7.5446314086063815,4.44687403993494,9.556610762998725,Wanda Maximoff
9.092439129598604,6.019269704772252,7.812959703717211,5.812436467447025,8.011472115698671,6.714433659372768,6.9732469586276284,6.289560660381212,6.634147374727521,7.37242001730833,Wanda Maximoff
9.738883143038196,9.072483218887825,8.307740600566428,6.5645382959574095,7.114408049048577,2.659805621958255,2.563550886826705,10.0,4.489783530013807,10.0,Steve Rogers
10.0,4.87364988059436,6.507226486362409,5.292896165883526,8.75211743835746,5.232000081625296,6.591657942393752,4.981707277598829,3.6720174547926017,10.0,Wanda Maximoff
6.62463573838528,7.494992477424486,5.386162234473716,7.687278448734049,9.361594948467685,10.0,7.594547845952153,5.129290693822062,6.047950178853308,5.078114396000182,Doctor Strange
8.355774634115646,6.094885194357911,7.5018312644435206,5.806175780994057,6.952722658416213,7.351264879025151,4.397648133213939,7.098517576320403,4.954555822415893,8.653819598549072,Bucky Barnes
5.950910476925281,8.334025122746121,4.0434794156697205,7.3383226621944395,10.0,10.0,7.168674677661881,5.026023855852813,4.152775280939898,5.730171376319017,Doctor Strange
5.097250906010714,9.284476338192277,5.727105584548427,10.0,8.696726190749658,8.802485499123463,6.771122590427156,6.345517955317193,10.0,5.837829746014371,Tony Stark
9.617953729826755,7.761965493553923,7.217006374328193,5.949238593766016,7.468822506063571,5.7353124122038235,8.133848278182628,7.476716955421937,5.604775703541109,8.418079619593005,Wanda Maximoff
9.258746276112086,7.030646149423034,8.845345534318863,8.100109821067468,7.687337480613621,7.10496946953993,7.564217948628352,7.6936132292877835,3.085452681445706,10.0,Wanda Maximoff
4.555666665690746,5.289100176095806,7.698863238303875,7.171731062282484,7.414153807642716,7.0000850363014555,9.949128278369294,5.670565864603912,7.147753510783933,4.59868708704433,Loki
9.179037840075472,7.273533007907071,7.696683022129108,10.0,9.872026903040739,9.221369648614719,5.568120228634147,7.883561505120361,5.650494989929671,9.973887731820838,Natasha Romanoff
9.630581726324566,5.227553778600656,9.037244127806622,4.61720557884486,6.838672967965781,8.930341933128064,5.348184735530512,8.16875850176244,1.0,7.180259205703418,Bucky Barnes
9.416936264545257,10.0,10.0,7.682639788615559,7.303305339154828,5.695770832096943,3.946646129715654,10.0,4.092319496642051,10.0,Steve Rogers
10.0,7.045751500558232,9.148454746042022,5.297934725619506,7.275010382162605,4.012490879453683,8.038152370707401,7.992367887761889,8.480605416662646,7.907200777937039,Peter Parker
6.592832869732597,6.367792258725837,7.842097796788238,5.82148632891273,10.0,7.670859217477838,4.73000561879252,7.7664376613430575,6.811315674908433,4.519573142633928,Shuri
7.861748489286088,8.856738569966357,3.3593874498277314,6.701098961155569,10.0,8.155441251811334,5.605900152077641,7.766010226032407,5.787532143714204,3.476224244594575,Doctor Strange
9.610192066457126,8.412618166866773,9.275147932721708,8.295056564143248,6.852730869386689,2.6576043539561454,6.840427311027029,9.177266588015573,7.580499837515112,7.683785938605662,Peter Parker
4.790719841473824,5.886648944240174,4.0297308242923195,9.430675174134869,9.05602230224824,6.866287494019435,9.403694116125056,1.4454273922835892,7.623620506080575,4.483592862323523,Loki
10.0,5.148662069041303,9.64068138012517,6.731566669250351,7.5993360052386105,3.2370772673982198,6.9915331019448725,10.0,8.19024110221488,10.0,Peter Parker
9.10418954719849,7.617902673373116,8.802138311267317,9.278623953754797,6.899784976164218,6.319616095592963,7.817923658503206,6.927451840117755,9.779552624514563,7.214452998522333,Thor
7.829733513675926,4.906601418006388,7.640247135064557,7.048010105460648,7.411579480512323,4.225286191532191,7.825842902647435,5.962018094945404,4.7609179492430185,10.0,Wanda Maximoff
6.987302792378729,6.519049903202026,3.521609709221307,8.182325538530886,8.716474829033114,8.45403549152677,8.59990318695219,2.4415076126126465,8.484192559993023,2.3679841217339677,Loki
8.936907409023222,8.885588181659955,9.07372677527638,6.023511217316242,7.652950267293086,4.7098428868808035,3.776785040132683,10.0,4.8224504897088245,9.652182789428533,Steve Rogers
9.473596140025217,10.0,9.669570378417912,7.357743678192896,8.25253999163781,4.880627408362945,4.396993613539596,9.767286171669852,4.191551354400536,10.0,Steve Rogers
8.401234860191801,6.946294297557255,8.89085530936297,5.766968945048928,5.4959267640861205,7.855253402192028,6.0814311619588794,7.442604852535504,3.747244738876121,8.802667985970734,Wanda Maximoff
9.212920572857875,4.98225961809978,9.68799578412666,6.735807436992055,6.340573937402464,5.6118963972588505,6.522317011243021,5.51227540906278,4.206188232596648,8.253458740107499,Wanda Maximoff
4.421817197885217,5.747057800318148,3.851590861374541,7.935827496829005,10.0,6.066032839577291,9.038172880727297,3.9006295303814325,6.285623573194814,3.839709020734331,Loki
6.526753687498676,6.751340186071015,8.498602257435085,10.0,6.190519326948444,7.485414484403758,8.28042556930347,5.578973221858215,10.0,8.233242680635035,Thor
4.449900410311876,4.348314518342287,2.9435430910913505,8.111158588047552,9.852742390573846,10.0,7.3177555031187405,3.8436265989602725,6.220334860995345,2.5152676550375612,Loki
7.9117477603987,6.9032135278204425,10.0,5.587315248680434,6.5663337211192845,6.131451001157426,2.747770913501225,7.5877195984559265,3.3064489220517435,6.4371787948347166,Bucky Barnes
8.497226374191388,5.650206529237034,8.216130888754098,7.265770866643443,10.0,4.970864226877755,3.8023116119140195,9.615840780600895,7.1005987736934895,4.1670215601376235,Shuri
8.479452426147281,7.789436618896361,6.82212751133954,7.730091513075752,8.53084171830281,6.701193494463686,4.290757280308995,8.168864267863722,4.583441517893656,8.111518160730238,Natasha Romanoff
5.182238484110389,8.229082325107484,7.942155019365702,7.124885436430047,6.148891963741055,7.711597669491044,3.939815800005995,9.250413546642099,3.732869702119195,7.1808501155353905,Bucky Barnes
4.093149817591938,7.756139722173336,6.239362242960268,6.9768678779341435,9.852274618612832,8.910646454188623,5.930115132155226,8.543302337144318,4.360552673519111,7.542253073981955,Doctor Strange
7.293019545742311,7.20736253992772,6.881886851604423,8.637742756624004,9.953596813867833,9.563858299225398,5.891939180732472,7.892438533212653,8.731589702644225,3.3234512617064063,Doctor Strange
6.979345204093301,7.737430283752251,6.381200403960751,7.7978825015580036,6.805917864386307,8.811686392780196,6.688031466831305,7.845152419125093,9.567879132174758,9.887357818221378,Thor
9.335428721189292,9.126628243948414,10.0,7.806229121360615,8.453356380278214,6.91272044353823,3.991022043791827,6.853733561176885,6.458559702282595,8.71457960841241,Natasha Romanoff
8.879209268918153,8.424625188784535,9.990349369313936,4.759028326314447,4.784671801865553,3.769970246620227,7.96648175844909,10.0,10.0,9.012761608203444,Peter Parker
8.334521886288893,7.762820369992001,7.769049536842115,8.706335167140056,4.605082676760785,10.0,7.725011352858279,7.7461637410288695,8.581683927897993,7.556545409555645,Thor
9.95913638266235,6.70162130656977,7.6199011224913145,7.565283571972385,9.42554376857894,7.772727240054163,5.624400081559652,7.938438815485793,5.856711073188459,10.0,Natasha Romanoff
8.064439767844613,4.863668361452767,8.518958353119606,6.568123471672059,6.838883864696545,6.290757932564848,7.561568047614362,10.0,5.96886585412679,7.9301450995795815,Peter Parker
3.5880001251249234,8.705658314445538,5.4777134601947495,6.933202284383102,9.933718158053816,8.505060431407218,4.764240252733774,4.951188735083372,3.539803161583043,5.923490481574819,Doctor Strange
8.747269849049774,6.761376736719727,6.167206720629462,8.356158169992353,9.797447265323305,6.4465609370574875,7.276330654118226,7.092089439483483,9.085625969791593,2.857165412233854,Shuri
5.190272686620515,7.686815768644191,4.463169837479489,6.667083035151061,10.0,9.837638368590127,8.315470517641243,2.197383753362656,8.125370080383258,1.748944205854769,Loki
5.828907884822527,7.583690259124685,6.4541232673257225,6.785077712321438,9.013078173845061,6.290792193232029,5.501674839033529,8.330948979967504,5.809873724813167,4.879797573150418,Doctor Strange
5.662251899934413,5.896388079552475,4.993282265392491,6.569374228210362,7.694178472479717,9.54579697210811,7.742901978563937,3.918366584793149,8.149533769841018,3.310149448972871,Loki
8.148653584150633,7.248126374785263,4.726650733412198,6.959190573224547,8.366228088882485,6.752730148588027,7.373195054557093,7.811548944463118,5.379070681097145,10.0,Wanda Maximoff
10.0,6.023737210431734,7.787429201907031,7.4395055567787,7.296240629249158,6.200522682638281,7.0394336875935615,9.863467086714047,7.409891329483087,9.00217968757225,Peter Parker
9.145330171713828,7.010942435393749,7.427197501223858,6.355045461909795,7.297152593529784,7.0244843242158925,6.14430237761239,7.1582240964701604,4.230211863773894,9.447954395469512,Wanda Maximoff
6.591070559728671,8.553401096039376,4.769993607845356,6.002510799760823,10.0,10.0,5.568372980780393,5.569141894394959,5.462649596918946,5.492578216730913,Doctor Strange
7.342990160939536,7.78860327940203,9.311263384280743,5.5978275167348155,6.562621380447818,6.814803581665162,6.996175220667224,6.353639553775456,5.3536027262071775,8.710131608862445,Bucky Barnes
8.929763550312401,6.67549867876345,9.920230354334894,6.871381090091669,7.239687568035113,6.676481021045901,3.7241395283372176,7.424498247911302,3.49951154549131,5.736206553426136,Bucky Barnes
8.249170415593111,8.121766766197227,7.994722512180291,9.441052928337566,8.938051453060522,9.855626400876332,6.954928606442766,6.827601918227191,10.0,6.741943368631958,Tony Stark
10.0,8.838771113923372,8.365556250098782,8.547433377079052,9.030224940400531,4.59743454514437,6.245952322795997,5.130374113103599,5.326430155905964,7.114334665764572,Wanda Maximoff
6.268836465696901,8.81171857423546,6.671753857051682,9.781256950374713,7.085879087223953,9.52252634777874,6.6092637612802925,6.705963459337543,3.169987821880519,4.923754861532958,Doctor Strange
9.8078936224174,9.828146665774971,5.6538550298490815,9.68722532622774,5.848481494095475,6.708346046326867,8.327182618396497,5.313004011267007,8.416930806692376,7.0019078340375405,Thor
7.13629168860156,7.231794842867641,10.0,5.848362087189055,7.11811587473814,5.6685116828795366,3.1005724980613834,6.656788267021292,4.163528162370688,7.574026309093926,Bucky Barnes
10.0,5.448791385320872,8.69680979497712,7.454731182062443,8.590666417483282,3.939037386815027,5.579302231088304,9.043646629550237,6.962274265251261,8.256788820437784,Peter Parker
5.936287488895717,6.170274124007315,4.4485644204762105,5.8111051731430035,8.597074536559305,5.861338918691076,10.0,5.909232536444685,8.491023157768637,3.168893878855256,Loki
8.07165143162356,8.519144195422095,10.0,4.8698754679407426,8.158569891970677,4.684097109283677,3.735566746149339,10.0,5.726498514992816,8.967071028963865,Steve Rogers
5.400752445443575,6.749396237582202,4.688727857432088,10.0,9.065176465691362,6.975720320706515,7.6868087549105955,3.120435205210511,6.782091329228861,3.1170760595560676,Loki
10.0,5.818973652487942,10.0,5.533036251812481,8.987332714781136,6.739181747483109,5.4853949889429385,9.506174233110166,6.84837772983763,7.862723218450556,Peter Parker
7.839051780337914,6.743060073881349,10.0,10.0,6.3413676320394385,9.465141159345869,5.525934404145278,3.8029003277074924,8.500886172812617,6.276794820497364,Thor
8.601157334659888,8.574256941677605,10.0,9.767669405145883,7.413672245318781,7.6161599264343645,6.758859532628398,6.6071032134579575,9.889950214179255,8.50853481853647,Thor
9.338882311124515,5.7460157040833,6.1041951086394555,6.471249831082812,9.960602757107425,8.321059679290139,6.578815894801734,8.549652326834435,9.942331941046673,6.075455082064403,Shuri
5.9877900668812405,8.114336169152466,5.075761181122939,8.269025285675484,10.0,9.317956586071166,7.33120406142418,7.036229820670408,4.717746011720071,4.145954163383758,Doctor Strange
7.647529540195344,3.9117389674839838,8.850163317122416,4.767735962348567,7.124815538478916,6.106888596983172,1.4366590019389216,10.0,3.7107132833179004,9.808822327104625,Bucky Barnes
4.706754362861213,5.684779670023317,1.848983551891184,8.67466814657044,9.13012764106245,9.93390404778722,10.0,3.7651062166337437,6.720860899042635,2.9791267336421274,Loki
10.0,6.383812072956234,9.233098397155933,7.684144448901626,7.954103183094516,3.3097949286861588,6.309128611370569,9.769902649065854,7.510591445435365,10.0,Peter Parker
5.877302282044104,7.273092025048812,9.756492140273352,6.48698653764168,5.773417618731735,9.448921591590807,4.190589853061077,6.573280530646403,2.3720995252444994,8.846840500579876,Bucky Barnes
8.868261417994475,8.726097892830682,10.0,7.59054175997719,7.70011695665568,5.750319585293255,6.365279050710072,8.87883186724293,7.460611163535585,8.09357330144482,Natasha Romanoff
8.478163427190822,7.595019030629462,6.744913106189457,9.385430481293145,8.274185746568019,10.0,8.31988356263028,6.8146851767538,9.989006638143035,6.641499763846476,Tony Stark
5.936475472021634,6.6530209404953595,6.625433669930793,8.479245355888244,9.418802959421766,10.0,8.60128583095457,6.634660564547816,10.0,5.533238828970147,Tony Stark
10.0,7.43721573764813,10.0,8.214281578898483,9.768214437380896,6.62259017449081,2.902165046574996,10.0,2.7946324775729354,6.714254882223459,Bucky Barnes
9.410342452601288,9.215528448486214,8.895718554890456,8.315093607529679,6.920161768594384,7.527636188566845,4.057887455992675,8.842402449561884,6.533676095544924,10.0,Steve Rogers
6.806712095700965,7.61102230743662,9.547938935973944,7.643698240707415,5.673154812357657,7.498472180456281,2.881131560327069,8.309583723111182,5.846531812818615,6.216977835463411,Bucky Barnes
7.023361523111259,10.0,10.0,7.90153171599974,8.827248959434131,3.9423723297783364,4.2954053525352505,8.821050094538263,4.715293068023321,10.0,Steve Rogers
8.599959139317708,8.773912959442875,7.5935909381945645,6.979662920912753,6.82656581562284,6.289023260790406,6.47518975638006,7.120168717182186,5.9135175332445336,10.0,Wanda Maximoff
6.720176478899376,8.303120989089027,7.220716698067139,8.644514909708292,9.113112227034843,10.0,10.0,8.346055764102088,8.933445811801475,5.64077079806353,Tony Stark
6.772534617980436,9.23783312213118,9.458478952737797,9.232603617112872,4.132305866812916,7.856567867499887,8.24300734617571,5.569249702766479,8.549827420528732,6.238288265551823,Thor
8.37754506635505,7.4068794464738295,7.813445447518755,5.791401342006671,9.90348093402711,9.034574273597993,5.584045714475719,8.987735929732782,8.120894959967183,6.50233883444366,Shuri
6.527296807450763,9.624035372232582,6.554670036173218,10.0,7.832977899987654,9.743203052665462,6.8124724313617735,5.576208655124297,10.0,3.840849471009564,Tony Stark
9.568597637411722,4.990613940713463,8.976981085575474,6.671097071043863,7.867789037571596,5.40931044734239,2.916222595177757,8.76431259846362,3.540354295983625,6.253314363923277,Bucky Barnes
7.776489204596376,5.411596751257483,5.840315011267756,8.4880091164571,5.956610851228217,6.41667022530984,7.723693038224253,7.2022737372689996,4.370713474967465,9.47631010924937,Wanda Maximoff
7.328047858618275,5.952975871319753,9.122714738134112,8.089232046825893,7.362707542113327,7.083257081652438,7.323877887171504,7.431039636846308,9.741524225880138,8.960604671675748,Thor
9.275689586342626,6.124044202599107,4.89642957740053,7.818655984275187,8.724826834336609,6.600946673771195,7.581162418100505,9.20784943898897,7.571874086443379,2.1931710908990176,Shuri
7.264512165993812,9.10799244945994,7.613458386242273,10.0,9.36169894619639,9.555377105536207,8.41980157116628,2.3367570301840304,10.0,1.4394839684815208,Tony Stark
7.2121331814285154,7.451182612368828,6.5067839351632575,7.338502638499978,9.32205052615145,10.0,6.030475841036731,5.17322888461648,8.553169209708223,4.793311006489046,Tony Stark
10.0,5.921984667708985,9.974584783616514,6.777507148899993,7.3932963632163995,5.100958356816139,8.251285657526736,8.043065147019334,6.1558866946622794,10.0,Wanda Maximoff
8.98640227179866,6.62141411819929,9.762753713820226,4.072497450267828,6.217092454259678,8.186121630929005,3.3267798519216942,5.965542656913698,5.0099869748395705,7.278418756231991,Bucky Barnes
7.0207046213810695,7.26865257388026,9.723672288305695,7.729166204197071,5.665721011279448,7.371901882056132,6.613162685179574,4.384967659381244,5.272379768978151,7.818274219883609,Wanda Maximoff
7.0130023876570355,6.5335727930486485,8.382832705250932,7.823483062182637,7.084570877764641,5.282960902756461,3.2681675582283107,6.750869325020512,5.341148475477053,8.966925741073283,Bucky Barnes
8.823665591502685,3.5068740945012395,7.102813155550154,5.905422208642667,6.180227335167124,5.544198255251446,6.17172855834301,5.979484903664734,2.5516463100014457,10.0,Wanda Maximoff
7.04565786536165,8.80112771276563,7.8191608372733725,9.260479044502212,8.142003303128268,6.796015140575,4.109571904128873,7.307746754173721,6.505841693655275,9.08672963267223,Natasha Romanoff
8.933449001701153,8.149734173593988,10.0,7.2209845472039405,5.868531179070531,4.1267094816719325,1.6382530151575994,8.625672641524371,6.270404003175874,10.0,Steve Rogers
9.500275299088154,6.905479556524885,7.16487280052968,8.03855234012419,5.528849859939956,6.303489763868903,7.031894666316644,8.407013782762135,3.2715640486638873,8.377830235133603,Wanda Maximoff
10.0,5.745161697954759,10.0,8.838655565631635,6.368415770360542,5.902378479838969,5.25755606531514,10.0,8.844981017942443,10.0,Peter Parker
2.4740751701982284,5.056123429010783,2.473426746462036,10.0,9.987106675899811,10.0,8.643711359311768,3.775415639649193,7.959216221863865,4.383174148240558,Loki
4.472449456867165,5.463478184659953,2.7373029078608644,6.557770324349336,10.0,9.383250637232278,7.214804195270062,4.949926769226059,8.955059549780934,4.218361422848279,Loki
10.0,10.0,10.0,5.745853262047895,8.596912739675343,3.9460841774853135,4.3541084976883075,7.950762618169289,2.4489264366906003,10.0,Steve Rogers
4.4882913379052045,5.958109011674607,4.260522327329728,6.849807060785594,9.707575052902012,8.036658971340506,7.481188091157659,2.9783603719276286,6.562531709130701,2.4748063590618514,Loki
6.660654571292976,7.668496836057143,5.727089856791222,7.743555480675821,10.0,9.149677720221666,4.913515937217912,9.151838968684412,8.403236547937317,5.240161174106776,Shuri
9.250006635272818,6.68722056587728,9.574367381210202,7.817434776153675,6.703720158700292,5.893757263741967,2.9374697903596307,8.36752203401549,4.910693246190493,10.0,Steve Rogers
9.650136994531033,6.307548662207142,7.927050799404338,6.564939953860572,7.6099660701414615,6.074777684329034,6.214300457551348,7.010750588828143,4.576475831943448,7.741973077122776,Wanda Maximoff
8.173190916791329,8.275266317681785,2.5646133158527324,10.0,10.0,8.505632548560758,5.242896168516001,7.549377335667961,4.889513851328388,4.278866921661585,Doctor Strange
7.973963248555188,8.010804632019873,8.666700472112861,9.741570505164997,9.003007356325362,10.0,5.34030885203442,8.027199800996659,5.818341300181952,9.705308624606474,Natasha Romanoff
6.639740243044762,8.540849012391973,4.727848216309744,7.984647120867519,10.0,7.904472211924356,5.742736803023389,8.437798897476426,4.927959919050987,5.573947857252648,Doctor Strange
10.0,5.301705263684162,9.003346409387364,4.812584190995689,8.686777121064944,5.019886606207856,4.625808116887112,6.925363939515396,9.28641867629174,9.697614440904552,Peter Parker
10.0,5.975749017875219,9.929377003036967,8.333528662734398,7.573737374092536,6.075491986213218,5.562071905095202,10.0,6.476476129381399,8.340305277613348,Peter Parker
6.233741936989042,9.51293804061618,8.13265437616911,8.667301270718669,7.396367997768167,10.0,3.1972290473642246,8.086232587895626,3.347265981860634,8.948471934754597,Natasha Romanoff
8.376229322851122,7.196140577836737,8.852788703322357,8.696559015344537,9.853623559860036,7.195631797637673,6.536503553932795,7.18845830252277,9.106452085137118,6.530070345283632,Shuri
8.746853588872638,7.873325619565495,8.826811548307159,5.430295329083385,8.730806403857612,5.486991320730783,9.125022559677381,5.333064233045421,4.396748603100389,8.767973498826905,Wanda Maximoff
8.460108385726091,5.872011721636213,8.62160921000083,7.975713779252128,7.599610019588958,7.560044463969365,6.595472163062517,7.094755697449066,7.854706248651594,9.586181426791407,Thor
9.353938195813358,5.396759999627024,6.278742127826591,6.524210251914703,7.538323731660479,8.484699046570366,8.224074129067242,8.791521983911352,4.81707710942884,9.458567148679665,Wanda Maximoff
7.64424574396657,6.064594701600094,8.435641875886082,5.925766301832422,8.240499930438366,6.191509549146866,6.867074543231041,8.95733140812148,9.560693196814505,4.423783354234679,Shuri
10.0,4.6465801474699955,9.975072920162948,7.391176670612452,5.497361551454373,4.719981845597985,7.164301136647962,8.42620932418347,6.661312201718832,8.913128806516884,Peter Parker
7.539171860949042,8.44996075092006,7.006413412620313,7.747669109550144,8.87258657910341,8.434631533515647,6.0046903337382584,8.30416758133585,10.0,7.63073704594497,Shuri
5.797254453577573,5.090441575910859,7.355659650014859,4.9003235372413805,7.252323203524679,8.543778700753526,2.0487562638328756,7.3034899771238395,1.8136946338217124,7.2432349678823735,Bucky Barnes
5.5737259610833005,5.36690360639356,5.300407790274731,8.582080877847943,10.0,9.387628610618359,9.872110048767604,4.36302986412004,7.876126760164852,2.676510563015542,Loki
8.595972488766375,7.886917975899472,9.132596966720213,7.956286849636713,8.235340419896437,8.254582259345748,7.487314674419445,8.374019776012293,4.61732571729466,6.6249557500276035,Wanda Maximoff
7.197959451077479,6.998201525306005,6.525035397984156,8.744550704329646,8.204365388199678,10.0,5.923916405247396,6.556940005029647,7.707052787382876,9.2354221765144,Thor
9.01887920124189,5.3168687471199645,8.113133913627776,8.659650491476164,6.988592508159214,4.345248623565485,6.133697554834007,10.0,7.569225367428025,10.0,Peter Parker
8.737426464375007,4.045857311108927,5.699826132875792,8.863086462752976,9.778242661977641,5.844920109040201,6.277027697347103,8.848947629858616,8.664365475132238,5.811993481742318,Shuri
6.69811389673517,7.052664427452575,10.0,5.137859031460648,7.583674617597517,8.974539681010762,4.288093952849429,8.983393746889542,1.782563300727491,8.746420658465487,Bucky Barnes
6.6325403092454,7.0002511649206625,8.215246956161668,7.4864735549878185,8.980329141848717,9.198213785252383,5.576767643021828,8.076051313129286,6.346241843850431,9.779988700453973,Natasha Romanoff
8.110657530652306,8.410114165063032,6.281690995775245,7.670277199100405,10.0,5.6719821542714755,6.34081790128927,9.45361234753615,7.561608949353436,7.73344996402661,Shuri
5.524999026915927,9.005712876981045,6.156107559820673,10.0,9.706825523961367,10.0,7.746322570405788,6.470055462028264,8.143680651090705,7.48801695411718,Tony Stark
9.161244176107129,9.699025750369515,7.319016771069843,10.0,9.015066475752281,10.0,6.633160786922521,6.49623913062355,10.0,4.3716848539569195,Tony Stark
6.270955647557555,8.278640852531947,8.437922780090664,7.387743180063685,7.37931885523692,3.4247973074606435,5.768542514490118,6.435341111942256,3.064071536079582,8.660610562942244,Wanda Maximoff
9.373459527953715,6.822273753800868,8.525250633579068,6.072883698929443,4.598011235433596,8.583345997600956,6.359451434749346,7.533687013486481,10.0,7.373349759102153,Thor
8.41943581464634,8.238495110763806,9.888128017079552,6.640003886251092,5.8306835675441935,6.346441763040311,4.62278777242018,10.0,7.233493825125836,10.0,Peter Parker
10.0,5.773542285729283,7.5291270151098,9.055458377207906,4.586149933811469,5.435057117592507,5.660632565296689,6.755751994682401,3.456940640704854,9.752694297612603,Wanda Maximoff
4.95798378582753,7.229385624240355,6.849991152044038,6.892746784597908,10.0,10.0,6.187990491279568,5.651085260878211,8.722309815840763,7.203060372432387,Doctor Strange
10.0,2.9342035134178728,10.0,6.521233685309607,8.13616295520474,4.825069863255548,3.703867704044182,9.02855989612151,2.5315653016019204,4.389610787540571,Bucky Barnes
9.334939828831994,6.269376499752461,10.0,6.701894897351965,6.972122624895226,3.717589453575738,8.329033539865303,10.0,9.347193474445927,9.037371510084501,Peter Parker
9.838610340187287,7.6469943670189755,10.0,6.735458570784149,5.995937811193979,4.162822081059106,9.741679232593516,7.827634995645167,3.134475098525261,10.0,Wanda Maximoff
8.411066532054301,7.464129540145517,8.988809575284725,6.939984560310339,6.133732094418934,3.465187336858233,3.9166600802307614,9.046529163812767,8.73459152575294,7.798401972119173,Peter Parker
7.807463114841965,5.5822140160861276,8.906983580663054,5.344342872947317,10.0,5.182154722651375,5.822208483033243,6.502968958698807,7.1819316030062605,8.262693069420719,Shuri
7.187059356045124,8.173012193077417,6.334697796980049,5.264063631110053,8.786348377095681,7.8541320451532,5.6016815969955385,7.1429387595672225,6.194062906301218,5.357183683489065,Doctor Strange
8.647463690262569,9.210230388646524,9.777553055317892,7.947220951170234,6.715724211555429,4.379094121507868,3.7514604962764104,8.410181019373894,5.496289502867475,7.766591757693862,Steve Rogers
8.628656858437445,5.419707265002951,9.45381904644137,8.940590053319129,6.486783648032387,5.188650859319608,8.318243047060719,8.520186176225023,2.606985747634356,8.814944164059188,Wanda Maximoff
9.023738983300134,9.956650937476763,7.643033869445661,6.503145831338211,7.07025706636144,4.648287510117874,3.691470255610518,10.0,3.651303516189208,7.964947232560986,Steve Rogers
9.134479120241117,8.091280282018767,2.320587402583679,8.378260758081133,10.0,8.106149020607502,5.114556827620493,6.975197691200021,7.503242788452718,5.124950149778783,Doctor Strange
7.029100526050633,7.867472220876014,8.151948184759028,6.3955435446141635,9.56179385212081,6.266099623352504,3.7440910902040376,7.697114628698717,8.990068102684434,5.28341788199153,Shuri
5.937608447818937,8.685797589792008,8.195383367421181,8.913147049162763,8.983051033932215,7.330826356414636,4.516800478905006,6.9370146249267,7.047234694151074,7.689203313218232,Natasha Romanoff
4.604411196687645,4.90925496223292,4.412480115221292,7.628603032877385,9.657459671467851,8.882639367639365,9.689535077612923,3.295336808525924,7.034802388863869,3.539655232667629,Loki
8.35910319254904,6.981862602014928,6.004067052544386,6.382763143658259,9.410933226576814,6.139158423742426,4.345540917753938,7.750664021157931,6.940002385771145,5.623852329421594,Shuri
10.0,8.311151600678295,10.0,9.151779361386126,6.560116918998009,4.913338171687279,3.652784147294768,6.492207343883793,6.207066069794941,7.965186678128495,Wanda Maximoff
6.243879819016709,9.051746282976866,6.181087714799484,7.367489757591888,9.823053079300074,8.645572023221485,6.710202664899419,7.13331505283648,5.007169271797498,4.722547169858497,Doctor Strange
7.4967712866201,5.250848986468535,7.999868641302941,6.771969572577502,8.95050349896079,6.553990199096182,3.097063987521299,6.1456207435718975,4.3058645854918955,9.53658435127065,Bucky Barnes
9.99649268438528,4.359955153461264,10.0,8.09342880418928,8.007167674332397,6.699744764130932,5.465823306631491,9.621977725192973,10.0,9.790910128680698,Peter Parker
8.282912886426976,10.0,9.617247401285566,8.38061878150696,7.536206738908999,4.571444183862704,4.599613163246913,10.0,6.276103526253093,9.314568077668726,Steve Rogers
7.166504053598303,8.091598840826816,9.158219752843962,6.013152136329183,8.342455736821108,8.505958140811568,5.1071528440516065,5.124486284990079,5.291260694369249,10.0,Natasha Romanoff
8.069857353389237,5.595294506506696,8.757019718798135,3.266519481377449,8.912829316141142,8.471817052036029,1.9041415094594907,9.112484893586805,3.990356740147587,7.751192325855414,Bucky Barnes
8.44818742695847,6.349974265855195,9.186113255828948,6.671592674680126,6.236428713259953,4.8585044545184815,6.360881075450523,8.093854439323346,2.112918929090059,9.786315585429907,Wanda Maximoff
9.24099040681798,6.8404517335419985,5.082701480150565,8.494232606120475,7.891412960202208,8.777909382475626,6.187837985420302,9.392041388954228,8.180925607473164,10.0,Natasha Romanoff
9.722314029160177,7.458454328762904,8.803679241814644,6.114537060439672,8.46149628541632,5.86502414790211,5.517231326162582,5.631487014655055,4.155881336046985,7.004348095673136,Wanda Maximoff
6.320271494559096,9.76414623234589,6.8902054017453755,10.0,10.0,8.878133786431672,6.758941490207576,5.754376974502366,10.0,4.336403434233137,Tony Stark
5.502443204989509,7.391981663397647,5.367850445741275,8.216544038217018,9.54502259334672,10.0,9.348953388992708,6.290072143515859,6.367503572755868,6.297509470069047,Doctor Strange
10.0,7.92236293902082,9.744726198359007,9.075075916095388,8.830972214538583,7.101450637703936,5.397238046320597,6.989547680202054,4.3750482738239596,8.875237958507974,Wanda Maximoff
6.686030065916137,7.531897638142728,6.272960845081153,10.0,5.884552241452651,6.937250457992671,8.115332000178972,5.495499731380685,7.708130585674492,6.174833087685274,Thor
6.94357728878392,4.713510195911159,3.5364563978918597,8.819157468223972,10.0,8.750516348545203,8.494166412917457,4.089526285638355,7.215452729200979,2.282725995883806,Loki
9.488352968778113,6.543210178251667,5.807412185304108,7.571410738014999,3.9394646046379145,5.593055171734029,6.995426013122086,6.441011955741232,6.714228825169038,10.0,Wanda Maximoff
8.53254238738835,4.416181307771571,6.603201806452898,9.794186215570061,6.809876784091286,10.0,9.560947215513133,4.641790175511762,10.0,4.855220653379453,Tony Stark
7.9297443097547795,6.912466596732998,6.730891171827881,2.374885551136698,6.092976890311653,5.995486740640423,6.343394146485701,5.753820931154574,4.051830780981036,9.428860219065163,Wanda Maximoff
7.359668628123174,5.932432788547417,9.075943309894168,7.096943516558025,7.188943662280706,7.277877935865409,6.0074141227521345,6.350830962378006,3.1966976669164517,8.564746190830547,Wanda Maximoff
8.694672301050176,8.235152804507278,8.67886102808678,6.856092105278906,10.0,7.872722228388248,4.4577627562413635,7.766932146983414,5.084069565806615,8.336657595736117,Natasha Romanoff
7.2224352923248345,8.972705879490558,10.0,5.524257075308137,6.855245612535293,6.323191020177269,2.3727753282331125,9.741942801986825,6.280945917188466,9.477164512045238,Steve Rogers
7.636921032324437,7.617761917935336,9.440853596851962,10.0,4.187275787237172,9.763958967686595,6.535693517467164,5.573480943048972,8.707142872090794,7.6022419098342695,Thor
5.604115765093939,7.940901012999054,5.886952013919106,9.408172852228116,10.0,8.401352683959802,4.58667604524595,7.48605769372947,8.0393501430534,4.495981054575445,Doctor Strange
6.347698929819389,6.747203209006091,6.031607765805297,9.112911869373532,10.0,10.0,7.580164882835823,7.828237202047259,5.108291219774927,4.569830795474675,Doctor Strange
9.484369809768076,10.0,10.0,5.6814470821017835,6.309967164800723,5.197416686043369,3.294608452798448,10.0,4.76575097387002,8.759333990628512,Steve Rogers
7.562896597554766,8.003885687732046,6.062733327144353,9.705213297281434,8.769780316855973,9.66230608832863,10.0,5.8769424971151505,9.695129862278328,3.3781863029873227,Tony Stark
7.771930926665511,8.70795541810136,10.0,6.778406673145001,6.966962556574128,6.3406667058877435,4.948796431231295,10.0,2.585579867033292,10.0,Steve Rogers
8.53671964706263,6.992507988960253,5.257909394542286,10.0,9.615371139922546,9.224351724189173,6.022291229841352,5.069220804451796,9.931619453938412,7.4570901123547735,Tony Stark
7.576930317197607,9.328166895387396,6.596721014264606,8.152787874088975,6.476168683560713,9.463121366783444,10.0,7.051707704601091,10.0,7.6379193127182115,Thor
7.6178968693412985,4.978465592958723,10.0,2.5377113604050487,6.370538835770469,8.435259100248121,3.6096018986635046,9.341108087890627,6.747105181245182,8.100480808794696,Bucky Barnes
7.570212703107006,7.312119206701723,10.0,7.840779422350559,4.946108630426997,7.603642628360055,4.337646180839618,7.935967318066607,4.083210138873778,9.607217423697959,Bucky Barnes
10.0,6.878335231181349,8.911970538171136,7.757597448384592,4.441683652754136,4.230861282960323,6.359776260398609,10.0,8.249711668319742,10.0,Peter Parker
7.224234960858329,8.693694824799016,5.992394509238589,5.3913438124795,10.0,7.860095872178697,5.892202719124634,7.463808731574725,7.666286279739015,7.302903501812778,Doctor Strange
9.549437933549632,6.809978829617574,9.349330139587927,8.25492075746421,7.463628180972776,3.919890032527271,5.374134970188262,9.296448659015178,7.766912404226935,10.0,Peter Parker
8.098307405227061,5.971859213886759,7.222194756332382,7.6905634336050035,8.962475686730288,6.740445076464973,6.652027927319959,9.029147439718768,10.0,6.832158277941409,Shuri
7.333265180903783,8.182619732165497,6.320841953797169,8.684771594406703,6.893689863799996,8.757415634558496,7.014552536408415,5.5396695383524355,9.01970461218974,8.701290996274262,Thor
4.851048582654942,7.495509851850833,5.9210179220696535,10.0,7.3123761023419735,10.0,7.958381575603828,4.547581992024891,9.153407269988403,4.997976449039436,Tony Stark
10.0,6.413095099554078,7.465563727959771,9.215653664002671,5.7273125812463235,5.422455242090476,5.679082591973931,9.461718312269008,8.955375151914398,9.305574499084956,Peter Parker
5.505349228812401,6.327950448253769,4.158840828036887,10.0,8.207812082704018,10.0,8.767307740682329,2.242313780230436,7.05973783544618,1.0,Loki
7.381847272761855,7.410280261667201,6.080867122298492,6.1004161537240735,6.458001497830397,7.502155962889182,6.3331061750175905,5.656286307989117,4.455431352491992,8.728783014082682,Wanda Maximoff
7.532606333932236,8.921446947946515,9.630979703106863,7.403501412784106,5.735747310665248,7.156440462298023,4.396631852986703,6.866117577871548,5.483530271075368,10.0,Natasha Romanoff
5.563495003514632,5.614836983468416,6.853899766989345,8.752685020944968,8.893936835422489,7.999742688695653,7.0475319271121775,6.185783869128539,10.0,6.521839948427518,Tony Stark
9.000522947394018,8.394476567746704,7.597659112262569,9.414620723393242,5.972864425140371,7.169577275533755,8.161302910734044,7.331780057049509,8.530756166349711,9.129782110761898,Thor
9.5115167615252,8.432436876741878,8.48907519404266,6.030956617082394,7.742877726842205,6.212009951162454,6.280552493813076,7.5906491268335765,4.099212707521808,8.243749311390815,Wanda Maximoff
9.677059501088078,7.49198122951923,6.3596965886605785,8.982784089690153,9.769974278219369,10.0,7.857565677931406,4.94980440379684,8.969398480385951,6.813240984780876,Tony Stark
8.252181747064384,9.48465636657742,5.7242212256083285,7.6752057418179644,9.123793526259002,10.0,10.0,6.645371965126814,9.535354129267882,4.883586723018921,Tony Stark
9.071010492360367,7.75169135272031,10.0,6.134930190641195,10.0,8.14839969441631,3.7270916270338206,10.0,8.310872158209474,6.407661568970681,Natasha Romanoff
5.799078267926723,9.442342989558895,10.0,7.189396214684973,7.34434076370973,6.65113750333734,4.4775719680781245,10.0,3.8255465726840514,8.630757888479954,Steve Rogers
7.36139924836248,8.789110282298175,5.178555225180417,9.600410979553374,8.412034182134006,9.201402689695822,7.656072185966646,7.868676639042995,8.917711105383447,7.210347943239351,Tony Stark
9.546505520277085,5.010612123802874,9.369864101486556,10.0,7.6885805071152955,4.883764356115796,5.168780640640059,8.320749897643937,8.917112164253794,9.8491927229579,Peter Parker
4.319872272982485,3.543217810580393,2.3736444554926486,8.01244448215035,7.670721064408895,8.62854947837835,7.25987935469501,6.049923758581998,10.0,1.6772536220724144,Loki
8.54405923538784,8.016694489429591,8.381175611197158,10.0,9.573198920265211,10.0,8.87186038990125,8.846788060695122,10.0,4.024575852693081,Tony Stark
5.595534375368274,4.177752027402794,3.709902405802029,10.0,10.0,8.072536757080428,7.739379218366699,6.215123729286775,9.05969936197211,4.759298892396535,Loki
4.673507894368055,7.64908324893661,8.937363207661408,9.455337389791575,9.126170989668942,10.0,10.0,5.278939408564609,9.978954095333217,8.277569026678552,Tony Stark
5.8610604235081505,8.657152851373544,7.481929171576236,7.056092405229282,10.0,7.4324464195900894,6.159499040959069,6.696854038330021,6.0578493350092355,3.763707143938125,Doctor Strange
5.126072624880476,5.9807450786866445,2.592854323502219,7.161586367478245,9.224467242183184,7.243410690968299,8.369737380874561,2.648366929504702,8.722094536083741,3.8262138299585304,Loki
7.72672883292487,4.962439368013511,9.831448350764523,7.282464990952404,4.576643853587807,6.503992482666725,2.4831924727861705,8.188633696157524,2.4525672194343366,6.34982368680905,Bucky Barnes
7.471739850140429,7.292909553499927,6.979960730867467,8.030278069816204,9.59915046193161,7.80612531012641,4.988802629503644,8.523046159886414,7.7638996189545395,8.475294338096205,Natasha Romanoff
7.6661517015840035,8.431549474628092,10.0,7.988376748885233,8.696861766826949,8.342043581395036,2.4081697304069634,6.501692874136601,5.530791876401937,8.108788561584184,Natasha Romanoff
8.010235097437592,5.634597533658036,6.187878937030395,7.4523183912589,9.1854309944024,8.235936341761816,4.876398350943937,8.564287391254569,8.65760074749488,3.965389180125415,Shuri
8.265405602378145,4.324478643079353,9.392749865675302,6.536431304299373,8.242404468227456,8.158931126323608,3.7326943182543464,5.847400389204987,4.576703789754893,5.946979932087849,Bucky Barnes
6.288748547859352,7.194343345671956,8.982346531338187,7.464079032690689,5.99089403129646,7.063988240978397,4.860161024894071,8.2627502375503,1.764065839172221,10.0,Bucky Barnes
9.523798687132276,6.859869183557812,8.70374145879332,6.24314126847883,8.315846451108811,7.722847394794921,8.239153853120463,7.19703165746706,3.456093442370395,10.0,Wanda Maximoff
7.8764805751330975,6.242137841752521,8.172540747847291,7.383134997955682,7.714808615688843,7.393329286450711,2.5604314708600207,9.367537783272834,4.94612871622119,9.268666746923998,Bucky Barnes
10.0,5.016007748265787,9.719597939644588,8.618944712283653,9.79541751752955,7.2644392988483215,7.546543179831465,8.613925481085186,3.217738210783004,8.505729385372312,Wanda Maximoff
9.177127802666302,8.611368374037255,10.0,6.029245827165674,8.86554134775714,6.231355013989731,4.552087983992639,10.0,7.366546477943367,9.827856758093027,Natasha Romanoff
7.920590032457532,6.0658072765864235,7.628910339158849,6.631981349302102,6.266974132550985,4.202524067460929,6.281977258382956,10.0,7.725224263457519,9.463355428738945,Peter Parker
8.214737018999525,8.999986817043022,7.97699939016036,6.761009407510626,9.029354583352843,8.674065725322603,6.828443989825781,6.6608380021328735,5.602541123412024,10.0,Natasha Romanoff
9.856445431172316,7.605207289600219,8.025635705020418,9.948410025817918,6.029830526486977,7.627614607143363,7.96247069023941,8.117272941946979,8.171434722329119,7.842203740908419,Thor
6.937697182827092,8.863428774838969,3.123667542879094,8.638345178321567,10.0,7.590452058533075,5.908385886386611,6.772522107332427,8.075514917963604,6.401183805196203,Doctor Strange
10.0,8.03671896600329,7.980087323426588,6.796999975117846,6.0630573297629535,4.756089444867288,5.718209563333271,10.0,6.889419170332706,5.729062993805295,Peter Parker
8.412624145505642,8.76762397139078,7.747933808843603,10.0,7.628327906816196,10.0,6.305232536091808,5.006750681093681,10.0,7.050275203367747,Tony Stark
8.41938169037906,5.937771671046479,10.0,5.80010190514423,6.891601508646881,7.87209688204604,5.291900544495602,7.1140644591756965,5.180623449471276,7.34783271633798,Bucky Barnes
6.810502590794517,6.806515216379471,5.406316862109519,10.0,9.08520395962218,8.00361945733562,9.836013625596651,3.9954019324221925,8.275442291008702,2.689166384865799,Loki
8.64654717564958,4.34223491754901,7.794589182537229,6.755002252747709,6.621610119603783,8.389922986211632,4.388408663131811,8.070569458177841,3.7869387084712365,8.365852664918142,Bucky Barnes
7.52433111606656,9.572223688586803,8.42531660118035,10.0,6.020764121303298,10.0,5.225657176721184,7.837421538676539,10.0,7.249592524839986,Tony Stark
4.8850466885377966,7.9780464669031925,5.871971131509359,9.572073826670147,8.8980152878936,7.867934729980604,5.9804270758491525,6.602583544406906,9.3466016297879,2.794069572724291,Tony Stark
8.016706971446037,5.678891273748135,9.02641330350769,7.7425411594524425,10.0,8.693776526011744,3.7588853641395836,7.38352549743298,6.090874324466449,6.155857774739148,Shuri
9.53080549430085,9.065747613488053,7.9648154608229795,8.460931005258148,5.549896152945497,5.202907719311612,4.330219478735797,7.189133175012169,4.809404943573541,5.80576861281696,Wanda Maximoff
8.382569832194154,6.087216948008809,5.966604338752138,10.0,9.96426069012591,10.0,6.815593580506269,6.990997644706498,5.836693423171408,2.3508532323215703,Doctor Strange
8.372964304535122,10.0,10.0,6.595096907589311,7.364638761367633,7.4934330230113915,3.312480527034306,10.0,5.006653758283884,10.0,Steve Rogers
8.209124044803465,9.89599082142406,6.003861263379137,10.0,8.09326059749003,9.214394087329014,8.968118379831715,5.951827172695735,10.0,5.397209401621349,Tony Stark
3.639723751659479,7.641723314066158,6.806665061070852,6.717606206295111,10.0,9.539533751099064,7.39745955128218,9.14075674099253,5.527717421736667,5.229696727238377,Doctor Strange
10.0,7.081703699158618,8.970783572505134,3.3201404141468984,9.097837689366713,4.628010712224589,4.9708997239596275,8.594862130433977,7.579442622082944,8.296565210853773,Peter Parker
6.258030920881185,4.313883345276746,8.84751072028333,6.642168513406782,7.705473338676588,6.546333907357521,4.9317229453642835,9.775989409266966,3.8891657291697106,8.387079883264722,Bucky Barnes
8.919693976933202,8.711101913625491,6.930152059022207,5.797422878037926,7.295672597758771,6.8969131213448325,6.1211492800749046,7.838022440964917,5.710499177563005,10.0,Wanda Maximoff
9.003665465645192,6.667313366276215,8.471239174488773,7.549296315675338,7.8221177993273745,7.48154236455024,4.114621471765412,8.625061955423083,1.7104013253436432,8.301636592976545,Bucky Barnes
8.020652004658224,6.838462178509197,10.0,6.397893633005905,5.649305841208501,4.662181613455935,3.7650550147194344,9.214106073387205,4.562121801747178,8.302541259225046,Bucky Barnes
8.205209091254611,6.269249390426497,8.056085489785149,9.110331043050838,5.649322958053505,8.802752610745538,6.5220900459071975,6.041373358158194,5.056505890389735,10.0,Wanda Maximoff
9.23433459021566,8.746526804651108,8.079893801194094,5.576054905582149,6.945987716379982,6.085220974658336,5.127959271419151,10.0,4.07805391991507,10.0,Steve Rogers
6.784173502881624,9.541866935307489,8.609903977414053,8.039218882695758,7.805669679057277,8.791921343830728,7.344705034790966,6.890462644950723,8.155935463843418,9.455530478959806,Natasha Romanoff
5.612011681779846,7.545254652845398,10.0,4.707083412336284,7.3615964390032795,8.502136786613736,5.696489611957183,7.492761673783478,1.2389297754175375,6.876825041921354,Bucky Barnes
9.599159153399777,7.723048425321119,9.519258266243874,6.11273579666238,8.60281532751844,5.61242342230925,3.448943841830806,10.0,2.65674309613564,7.956927334002781,Bucky Barnes
7.82111815259093,5.492630199668128,10.0,5.60531504674848,7.580361096808332,4.0786729621498505,2.1079989857584014,10.0,4.0628054977603085,6.751924970663726,Bucky Barnes
8.88508191501267,8.377646656419524,9.865649801074209,7.11833813411563,10.0,6.640453498646077,5.141460822866752,7.641967151727824,5.59448203071619,8.43217905460655,Natasha Romanoff
2.915334505521269,5.432932442193042,5.311338022971558,9.962747150737089,9.033380358742509,7.887722954726689,9.709308037963075,3.221207631352859,7.6642776028057575,4.095506280921447,Loki
9.934877519440898,5.996617092649617,8.771022300491119,6.542113292794894,8.060454002717362,7.752828462977357,3.765529846714039,8.717413269208034,7.688938274715516,10.0,Natasha Romanoff
3.2498721522279324,6.708547502486587,3.9301635876519443,6.2138272913172905,10.0,8.6637160496106,9.663331156909337,4.552175268226133,7.239669973070201,3.791055955530256,Loki
5.827758924025376,7.573721869465127,2.3049409890817243,7.2533187325875215,9.552671878670935,9.993396290383306,8.339861830764375,3.46283458131566,6.23500927856222,3.6042591449665737,Loki
8.934811692741466,8.52499593758749,7.653663366201825,8.87447036522769,6.951833018986238,6.580254891387628,8.255209834315654,7.874387258073431,6.772157403240948,8.856172507127525,Thor
10.0,5.0800854382619,7.565703855310348,4.855843466926524,5.201123986072544,3.798482224432684,5.701439079757312,8.48907286904918,8.232135046934546,8.691940325102372,Peter Parker
6.811663890349414,7.995085700487531,6.630633910633643,7.37989750319394,10.0,8.36454765582058,3.364303374342632,7.395779741157871,6.959230961285851,4.300951234475966,Doctor Strange
7.055200735418831,10.0,9.887101237181087,6.190737242872978,6.6575102938787465,3.1533653071033347,5.778868936889525,9.508683828017462,6.709251909673028,10.0,Steve Rogers
5.361118875759274,10.0,5.304415847590144,6.385370380877628,7.951603152434453,8.55851389108786,7.174979775833538,6.280065388323508,7.846893177429076,4.990898068576804,Doctor Strange
6.09805245807144,8.395617827091636,6.878391751983139,10.0,10.0,10.0,7.046178487881541,4.609485660020727,10.0,6.3284365314339235,Tony Stark
8.804920623972622,9.635282851058651,10.0,4.199119673752569,6.514582621084192,4.99538871793951,3.0235718846465263,10.0,6.016572098399549,9.940306726889323,Steve Rogers
8.878676092657324,10.0,10.0,8.847911375550286,7.981490383412025,3.430424742130535,4.608952272282088,8.448247027433753,3.140661008274052,10.0,Steve Rogers
6.788808805407252,7.407266730181576,6.7927346010197684,8.873483052480102,6.1276132811101025,7.617487346128989,10.0,6.100745225391281,10.0,6.698450954609858,Thor
7.481297422070126,8.695666803439078,7.370522501010824,10.0,8.891132286184362,9.616145977081779,7.058090524553277,4.709671661777704,8.444410265498655,4.889003358461352,Tony Stark
7.512044594250419,6.881557515789876,8.909641140040952,7.536137517870742,6.639869890061554,10.0,9.856901860805372,5.118590071661684,8.32907742457087,8.526813425694172,Thor
7.468260250663615,10.0,10.0,6.047255086203439,6.786987928456273,5.016545841002087,4.919666700350205,8.302170756426513,3.9488135766619274,10.0,Steve Rogers
7.6582903911508495,6.29203107614913,9.930110600382765,5.186541202602477,5.4532102202947135,6.9295713702819794,4.711287088789262,8.293558108291496,2.8941531493230386,10.0,Bucky Barnes
10.0,5.084554648731728,8.560278292440104,6.9928497747850535,6.349166294238505,5.4142901300456865,6.571798770153839,10.0,8.347737536702963,6.609696680601453,Peter Parker
8.227148901300609,6.973149158421275,9.636011707562687,7.276196693365993,5.891990818699694,7.248170787640854,3.8240801211597533,8.817104229798463,4.319766345955205,7.232452667517709,Bucky Barnes
9.419787311062663,7.958592425797487,7.394194762980367,10.0,7.938971416115326,9.569228076134701,6.933637503456053,6.38093922475793,10.0,8.301424615000027,Thor
8.044814303848351,4.901673059765926,10.0,6.438893274355289,5.9269322782322025,4.591531191263321,6.515040667007524,6.130988291670854,5.7975914834506925,7.4390777299202435,Wanda Maximoff
10.0,7.675228208614017,8.15674149126638,7.0118871672039,5.980796509521037,3.3598973810426367,5.264033099530374,10.0,9.050931708654963,7.7874399979724735,Peter Parker
5.529382207409805,6.056263469364184,2.553482746228889,7.7681500301196795,10.0,8.376213431236428,8.593946005785174,3.7832914307679437,10.0,1.0,Loki
8.930068209943414,7.175982653027986,10.0,5.839594836513716,7.607111198988144,3.3976859403391684,4.037508173163675,9.646045838891867,5.378877356187913,10.0,Steve Rogers
7.434635565563696,7.491152204562094,6.644545202449881,10.0,9.773963896219241,9.575926895144981,9.329814415917948,4.572577217321995,10.0,9.24709215824479,Tony Stark
6.807893619547478,9.817562726821823,6.429411069719097,10.0,8.194541099733721,9.92468519199839,6.660046809637226,6.5687796504344,10.0,5.9033047752239325,Tony Stark
5.953582750966944,3.8544081074241845,4.0901185010496945,8.080266339951635,10.0,7.455323961252721,8.523075854437348,2.8395552614704807,6.706985245385775,4.409253408830723,Loki
5.589887505614017,3.134623281718521,2.7717993865445028,9.730132308132404,8.430067680705918,10.0,9.883065820974586,3.0928095480224633,5.505960466104094,2.288859252565092,Loki
9.375958613049256,6.481369129412806,6.915924542070885,5.0099116790503215,6.735928666748807,6.89097118827139,4.447173449057331,6.991310156049965,6.510885880686775,7.871927113152107,Bucky Barnes
8.038828492650845,5.319387048091843,7.087034747049001,7.302846236081514,7.105488134798345,8.322722021172762,7.603851940102732,9.386459104143377,4.893924254987408,10.0,Wanda Maximoff
7.347096466600465,8.301250370518344,10.0,9.484389842691858,10.0,6.356497921178518,3.546251782864468,7.637943258197942,6.1003581762592205,8.701977495178763,Natasha Romanoff
5.522640120366347,7.224397001108995,2.927972064799211,7.2781516422140085,10.0,8.79438016990885,9.037663786564542,3.7811203482554383,9.416288523402054,4.464760850893787,Loki
9.720813596851995,7.4518443101106895,8.128955606217763,7.018291632081725,7.289587465663036,6.394465247311856,8.398269116078973,7.595643329033975,3.777654256654535,7.950098178136214,Wanda Maximoff
10.0,8.01692919430975,9.323030172757154,9.556029060595808,6.21739942053451,4.701645346170652,2.8967738333124045,10.0,4.079668887322256,9.767986331491187,Steve Rogers
10.0,6.822934107315273,8.04550292796508,5.466480839895951,6.355382363819292,4.605711690971402,8.56143254480838,9.764665780042556,6.513060269833734,8.926747045487394,Peter Parker
7.757464825686399,6.45925445941103,9.310514904146112,4.552058359869136,6.241595195475392,5.693434518801153,3.6542265356391335,9.681294120085271,4.726284752033056,6.209263653124662,Bucky Barnes
8.433350935929637,10.0,9.799928923875827,9.487258400673154,5.622899029836443,7.205246804315461,7.621342757617947,7.679759059897383,7.99094524317573,8.946779772562977,Thor
10.0,6.158956951606291,8.425190352942053,6.709798456655574,5.163712553452475,6.8112041077055725,6.391103884495763,8.688877617127691,6.729602137339059,9.019102973936032,Peter Parker
6.548959999700167,6.180431102208484,5.86050126499958,6.959272712505291,10.0,7.829628541778082,4.504717594466744,4.171733445343059,6.209071641876212,2.126546104026134,Doctor Strange
7.644263003626014,7.2780763908054364,8.593059021176549,9.21551557945385,8.204230896122205,10.0,8.953658102921171,6.560124204920254,7.893003353268989,6.672543049910313,Tony Stark
6.518723359594379,6.742736250701644,7.377718912778767,7.553815550501741,10.0,9.78648285260606,4.380442486662387,7.699686457521039,5.890284874951378,6.776561012754868,Shuri
9.488155881194553,7.49392958457269,8.230319028005692,8.022402657914547,4.760562109281631,6.567123867839164,7.453033366269838,7.3120070387686775,6.6102310503106185,7.942057871774042,Thor
6.6026168142144215,6.916243429595717,7.14903232640924,9.28568847600408,8.792302697562835,10.0,7.787850254474527,6.517240396487767,9.709663337594707,6.094641609946042,Tony Stark
10.0,10.0,4.617078088224897,8.878120963854053,5.101316210163046,7.669035286369082,7.477018662980096,8.014698873099197,8.859287616290011,6.861365982250055,Thor
9.121977801160586,7.387403968249186,7.573593132737047,5.181984058866247,9.665073732144855,6.296908433539189,7.570740000243034,6.471988267406267,2.047486105838483,8.895874336377704,Wanda Maximoff
6.675482460817782,9.212255609239682,8.09284709864883,8.772612692561497,7.93059193386428,10.0,10.0,3.605543544413757,10.0,4.279945835533565,Tony Stark
8.998908486997603,5.416700921432411,8.383929170370141,9.378845833486356,9.636536922895276,10.0,7.130475599958771,8.374490168063296,5.685026726393992,7.801951608666263,Natasha Romanoff
8.938012115147576,10.0,10.0,7.560177680783383,6.529256596220644,8.115923583298148,3.4655568983380998,9.286080107050328,2.7813211942765914,10.0,Steve Rogers
8.920886097224967,4.604079264505852,7.439554424909223,10.0,6.009015578542043,9.12039602022053,5.947752083061141,4.997513108492097,10.0,8.126519207196566,Thor
8.505613637434214,5.7952263346655,9.929561646729535,8.091140117873994,7.189970417309259,7.835534704599816,7.104077154969392,6.224365987256686,2.7478724195340503,8.865251080807946,Wanda Maximoff
8.862198773204318,7.649821466875665,8.006499756309227,6.564250639489502,7.149539373882332,5.949248205971926,5.099165740710045,7.328779151956987,3.947133909359195,9.39025057079192,Wanda Maximoff
7.2373217898493065,8.576915605322348,5.209693026651941,9.603667260660757,10.0,9.033534817736973,5.973021482626961,7.467490674346236,5.61002037467712,2.960994131599925,Doctor Strange
8.317738345697071,6.147286876399348,9.064360158642337,8.991125297613571,5.3222684144883265,8.933345379886164,7.790991453778747,5.542923325117859,10.0,7.978390696386265,Thor
2.933969280139753,8.918521333410887,5.108631507232927,7.106740870434535,10.0,8.335984035287739,7.194893290952989,7.349055911456279,6.478738781686967,4.686822177716148,Doctor Strange
8.164482723402076,5.594948827458377,9.263732509023237,6.474124923331882,7.54912180952794,10.0,2.848995268122355,10.0,2.4289736352146383,8.482085908013254,Bucky Barnes
7.115158323042636,6.953252220215672,6.256999559751581,8.14932935929373,7.889832682832934,9.552479139906964,9.004481274223252,8.15096228895748,8.2722731057787,6.4910343353248985,Tony Stark
7.2752376743343055,9.60224255015422,7.999861984947469,8.282880548474221,8.761368115057735,8.452479813553522,4.135765456275189,5.087635013072532,6.319078388203408,5.673764436758773,Doctor Strange
8.153299653484815,8.825046864737919,9.395556095919263,9.045700853361675,7.276063435814265,8.757081114381101,8.825553208185546,6.622403667836723,10.0,4.5963036886160875,Tony Stark
10.0,6.475863710645827,10.0,9.065847770273042,9.09826155548527,4.002982927041428,8.740228127695364,9.897229007350054,7.715636025308117,6.300939483233451,Peter Parker
5.754202153060044,7.059746590381901,6.599360991530056,8.23545586483518,10.0,9.881306015024794,5.786845109627166,6.788890074648153,7.853065702815069,3.8199809888636,Doctor Strange
8.020969834000988,8.781356501560191,8.564656260706494,9.348346351703395,8.455740658820048,9.401121036360024,8.988502151473737,7.872968050370915,9.426449383563375,5.469032840258636,Tony Stark
8.30076134311822,7.339678926688629,8.521468852829031,5.1932021013368095,6.066909704532975,4.1490219234093315,7.7771413291532,8.479224855878607,2.4727024446918575,10.0,Wanda Maximoff
7.5006208595542425,8.341166034451373,5.558545389985386,6.676078347944552,10.0,5.670638077554366,6.340583844863988,7.39424799124358,5.728040525191153,4.884542048843275,Doctor Strange
5.557996604678197,5.997204490202245,4.09552109894249,8.77637876121014,8.256074836345215,7.656359293737426,5.8728501536188,6.484715496577916,7.107065447245084,5.075576631251868,Doctor Strange
5.106556530258076,9.036401338832565,7.506068859544636,7.99341094108429,8.969628270286481,10.0,8.69509409227894,6.22157670868607,10.0,7.842014240316369,Tony Stark
5.259325198494477,6.072923319271718,10.0,7.634330020284855,7.78381182279901,6.832391578228005,7.771930112840166,7.78151032449988,7.974756941773908,9.990268919698817,Thor
5.983590919694648,6.647776812184623,5.094521774042597,9.06263012112142,8.713572557394988,7.83288836828351,6.23197540926265,8.090452614516636,5.496617630741505,6.8340192562786335,Doctor Strange
5.032209912449597,8.44171627927401,4.238906080998046,8.978326096475262,10.0,8.797480457633455,5.032610500601969,4.111790468155859,7.017531618451375,7.5031712233454435,Doctor Strange
9.3569201664765,9.174882332307071,8.833806934479567,6.766726474837903,7.395790820202008,7.4276233823305144,8.894659101343466,5.7843339584494835,7.5186574458709305,10.0,Thor
9.971520670570158,10.0,9.331213182114531,8.159033107110988,8.701126984346317,2.9459412876806663,4.765431150123063,10.0,4.676592017015703,8.486533028093614,Steve Rogers
4.517771175099044,9.369689728498644,3.484085675690564,8.562206449209746,9.042123599725894,9.659684989999255,10.0,3.2650449540673776,7.931622730976834,1.8809002876364083,Loki
3.409978471889419,8.483722903486374,4.909380775055274,8.789024091962814,9.747973377219644,8.687734589357746,6.065297728771343,5.5768833374245235,4.9681836405029856,4.675094939056671,Doctor Strange
6.366746630035996,9.59110346094333,7.670371211476117,9.517962523096049,8.704441975044357,8.041028636768191,8.485592751064427,3.800230365380668,10.0,6.160776990614083,Tony Stark
9.270658745175131,6.898451940704937,7.271800519129076,9.955219066667556,8.87462791569574,9.857097289994066,8.133881287511839,7.059948429329625,10.0,5.997187194369803,Tony Stark
10.0,5.979408289940618,7.531324888367342,6.904018280655958,7.220080829644804,2.654936411202719,6.21154414498918,9.87899841898732,6.379217411518807,8.583742011635303,Peter Parker
10.0,7.6824538694114,9.541810192420188,10.0,8.046717855488273,4.624208917757603,7.063825956880568,8.712768991901438,3.689025261314984,10.0,Wanda Maximoff
9.477113168099518,9.933281444464361,10.0,6.2287756203065285,8.23271755986339,5.673122317051353,3.984962600126317,9.606329199053569,8.033334698414212,8.978739186572401,Steve Rogers
10.0,7.711743121097516,7.616040502816816,7.304644829634765,4.618744177307727,3.156827336591051,5.264042715028534,10.0,7.026617462868157,7.979874406543063,Peter Parker
4.843970405025244,7.46643749190957,6.494471582781553,7.788238826179567,8.897996499883709,8.162421875392758,5.48267681291196,5.750717003019728,5.116068754515294,5.8045450007546755,Doctor Strange
7.387895736347579,4.457068036878175,8.544560412640466,8.349460981125302,9.350662157584676,4.794705272016403,5.235524920139775,7.556289319677746,9.079454705091456,8.312261781006903,Peter Parker
8.913806716448876,8.323355845558819,6.899729875078551,6.9173435769204135,10.0,10.0,6.892752951799117,9.383258172092066,9.073165817928748,4.492531929836757,Shuri
6.417652763403155,10.0,5.6907210555081145,9.372535621448991,9.508754243697341,10.0,5.68951602054403,7.576710394896277,8.987669887353189,6.189814751726593,Doctor Strange
6.45173686678449,10.0,9.8986160543133,6.393999500622204,6.29959095896279,5.44807447045846,2.8828045771319095,7.181030551907446,5.508912254010345,10.0,Steve Rogers
8.281968607728308,8.30090036322475,5.401007636980493,7.155824454454912,9.120623046936103,8.992037815831177,6.578858520202836,5.2310538256426025,5.438842590540419,5.266063767434245,Doctor Strange
10.0,10.0,9.93206491858241,8.387988715446829,10.0,5.396763060999277,4.145950109840708,10.0,6.638036876039397,9.251002831208847,Steve Rogers
8.162049980794894,5.976628575823449,7.208255445025206,5.636965882640291,10.0,8.900087603379642,5.992766361950795,7.18787859830911,8.388916640813761,4.890441046757493,Shuri
7.278308368849178,6.891659946476702,5.186856253787319,6.495455860488405,10.0,7.543148522225593,4.090211008554967,9.089998604118298,8.486512802760974,7.038307582531646,Shuri
5.8357289720307115,7.19821551226508,8.740259716978427,8.545099885409716,6.221789685930009,6.201477057668946,7.814387299575405,5.530349989482053,5.144184747189498,9.342927906534563,Wanda Maximoff
8.934927786027353,7.666763295456741,7.79261268112365,9.411647164931793,4.96014131292023,8.005631331886688,8.385641705766613,4.891292201739326,8.763349596790128,7.6211797682928895,Thor
8.389146788796296,10.0,10.0,8.544728616242677,6.055441604468509,5.070179175305209,2.773641052354652,9.482993446569477,4.672369721569214,9.092677224141076,Steve Rogers
7.814425775804949,8.777001641401213,6.953438434309842,10.0,7.5185192743346025,7.266947526561791,8.18760141293128,6.404987820340181,10.0,7.964169770102959,Tony Stark
7.45044416741011,5.059824124114763,10.0,3.6141994137905247,8.60699152850028,6.528502389441092,3.9104811001671966,7.574206687853527,4.299501101852684,7.0877515563252835,Bucky Barnes
8.633415327715165,5.179054853855044,8.805573234666607,7.5243582318293605,8.054263567315749,5.657359755956722,4.894531508988052,7.667200228845869,3.988571543658145,10.0,Wanda Maximoff
7.863828207333596,9.79497265600222,6.419524509755689,10.0,8.700478555706692,10.0,9.957224414004068,6.635824428772623,7.783231826487899,6.567494539308699,Tony Stark
7.361359172791656,7.720022295317786,4.973527678263514,8.622608481978855,6.113862458481284,7.487437978295201,10.0,5.546917393343405,8.295523453620092,6.868909237517683,Thor
7.118592473295141,7.344581414250448,4.539412926431205,8.347268852789076,9.383978262853402,8.477116670371743,4.580982333049447,5.735739094347823,6.203337690700656,4.6664019401974715,Doctor Strange
7.056612408650183,9.262648335557744,8.579621421384337,9.214386603108434,8.094569414816625,2.2466341985807947,2.1077979667000304,9.834567908303143,4.409449734909469,8.34452223990389,Steve Rogers
9.147682781509792,7.874363953982252,7.586186835659899,7.287695668484819,6.744684883389645,8.845171730971073,10.0,8.260062828575741,8.257630838805332,6.745171770478106,Thor
8.019145090214542,7.122791317166522,7.957444315907791,9.047510595216263,10.0,10.0,7.84739514003576,3.259320636490739,9.31490883344397,7.53984391786163,Tony Stark
5.340665274807584,5.666486141731625,5.562436231361328,7.523803152490762,10.0,8.32596255196323,6.83473772484187,8.728515004232147,5.214914113723011,4.940628487672805,Doctor Strange
7.296927108387265,7.640828227499414,9.819693696022613,8.50889008567576,10.0,9.514661365140011,7.445527216543219,8.698948099588536,6.678881527966913,8.39073027795358,Natasha Romanoff
6.230084775961903,7.388805720150819,4.061808348330587,8.42854481548418,10.0,8.640358802162181,7.294776335752208,6.097995848922959,3.7857694851691415,4.128605192681004,Doctor Strange
8.194013626061396,7.6798002447923075,9.32475859806525,7.40803276615005,5.9094124466756766,5.173733327503456,7.775713582666068,7.900091466511784,4.176190465546755,9.162238649236963,Wanda Maximoff
8.063996177318403,2.2364069971809215,9.848537447942562,4.859937177463909,7.857153514430315,9.125855906449019,3.6840030238034354,8.548105040602644,4.040972232868759,8.656979474816753,Bucky Barnes
6.45525462136893,5.577202352388865,7.252444139825617,7.668373488479126,10.0,8.7012404190106,5.350371232053758,8.135701616857519,7.604162033316986,6.217823796155815,Shuri
8.622989605929433,9.922393006921006,5.776309171625107,8.914588082985455,9.384741714611897,9.67209832626344,6.8575573190321935,8.75040957414439,7.811296066048599,5.686870913346037,Shuri
9.26962339235744,9.947600360947089,10.0,7.286734576865574,7.073866666281272,4.198730105015546,6.117207800953116,8.686975070814317,5.534545273599681,9.599699072123208,Steve Rogers
8.472385015300311,5.739676458615271,10.0,9.352599665269663,9.227449476663438,4.005302731316876,7.5938076477572825,10.0,9.305520798594673,9.985348351026609,Peter Parker
7.8874097552392435,8.276483106676459,7.479893598416839,9.422096273380868,6.026634362943889,8.96711486387346,8.828890476332164,7.208941609481052,7.290983885872502,10.0,Thor
6.530498098342072,7.751415834571434,6.431395185793474,8.397166610412905,9.499465110527474,9.372687267949754,6.913979160646259,5.819146625223729,6.43274369042447,1.7170936296909218,Doctor Strange
8.099569771731163,3.3513541470851425,10.0,4.883352135196659,5.586403897319498,5.620740683354768,7.105722415107459,8.550684607930393,2.697979489659105,7.145729459439493,Bucky Barnes
7.513691544228515,4.74452986207967,7.9478128656233045,8.72346292393646,7.494636054085758,8.13646437176143,8.651525978990238,7.025760883481816,5.479696151659032,10.0,Wanda Maximoff
8.988562444728457,10.0,9.688490810592125,7.675645043807071,5.753557002932985,4.087459088465456,5.193715178654174,5.832918141344318,5.721628319862785,9.608861141671904,Wanda Maximoff
5.258261409653484,5.943929763980858,2.4110682793011593,8.077857760613266,7.633484620973993,8.27293831995971,8.296127866901001,4.358743991359524,10.0,3.7148843320817964,Loki
6.398448595168235,9.797221174895578,5.547400609082141,7.354181938786836,6.672693558446861,10.0,8.038646597540874,5.852986430718599,10.0,2.6589569586213275,Tony Stark
7.950434127939469,4.557807182825364,9.804196504074588,3.6482583493260474,6.075833886603078,7.334599004550573,4.465452709266404,7.940700940654915,6.334181459913886,9.961829544761395,Bucky Barnes
9.98810601814566,6.8325852378888206,10.0,6.924137248835524,7.951520687726911,4.171912376734872,6.306922980966525,10.0,8.415124347674984,8.338320379533368,Peter Parker
7.769048404160949,7.350727847995802,8.809923101350279,8.464058831531327,7.637876803967359,6.402002258520459,8.183465396875928,6.616824974757355,4.515004024493816,8.22360850724522,Wanda Maximoff
8.417640791229422,8.619517294024057,10.0,8.567849317318148,9.352141280530148,8.88905864820393,1.96670697396112,10.0,7.987162305891748,9.271419689824112,Natasha Romanoff
6.927249189251152,8.114008740682728,7.927459991981004,6.250113601921996,6.686478110299512,7.295963483801255,7.914050646656341,6.8400956774931245,2.5761156699134,7.66431925386045,Wanda Maximoff
10.0,10.0,10.0,5.213127202045665,9.231185153600173,4.2389363648183025,4.21025725888907,10.0,3.76627530525491,9.317094551859167,Steve Rogers
9.907995641498697,9.884946826723713,9.460050780432605,5.804380233029547,9.574707374174675,4.764064122669532,6.64453728757813,10.0,2.824004460817158,9.167559505300884,Steve Rogers
9.11522138440854,9.811039524136813,9.960806624154372,5.19569150382895,5.796711906142561,4.813330953660628,3.793415037471954,9.292263406424999,4.778733017404454,10.0,Steve Rogers
7.271577287126717,9.890090738225128,10.0,9.313079042304693,7.107498831256519,2.082278697237119,3.8825182090192234,10.0,6.0829577937313,8.986388820239265,Steve Rogers
6.973677808126604,5.846570647524963,6.3428721004582975,7.040088716255244,7.660908117301195,9.180930876917921,6.023051571847244,6.668638035932247,10.0,6.052240411202384,Shuri
6.706888902068091,7.264428477573623,5.659774340879265,6.652490357545535,9.402078762848753,8.869513919680239,3.9245409416811916,7.721017468745153,7.277660338157842,4.990102831363345,Doctor Strange
10.0,8.65076841762445,9.448185599462589,10.0,9.258775160349773,6.636816490192064,4.648468459785016,9.939605889681927,4.382290812149941,8.059425494808774,Natasha Romanoff
9.268180132581035,7.657508631801475,8.840430365217484,5.9659149432184515,10.0,7.620579205238976,6.285092651258215,9.385851366140905,5.884662102168301,8.488760704377912,Shuri
5.867378824727801,7.71149266813998,8.994037773304642,8.527077456845122,5.719085307233348,8.203007563553408,7.842549459316251,5.711855622015494,8.95456734541637,9.24259146250737,Thor
10.0,6.846132831122273,6.972287954736899,7.760019294516071,7.139693371801824,4.877716959954878,5.971625587578468,10.0,7.135141511233043,8.772061428094199,Peter Parker
6.449184473037822,8.040134592463668,7.336141809598251,9.225417582339233,9.588920366749912,9.333184566044094,7.4854520972297385,7.703303299754176,8.69926743435946,2.9840245863381374,Tony Stark
7.326283114651132,6.852595243634585,7.990854834131316,8.448027330815005,7.938839255819618,7.59471593759351,7.933518560353653,10.0,8.756549716586642,8.695196081498864,Thor
8.126261960468426,9.19251659590769,6.835410300246894,6.043068307713094,10.0,8.09293508985163,5.836749221095808,6.401263986504239,7.804975626488317,5.276010159707482,Shuri
5.703995493656951,5.721897558845366,10.0,6.7592392834979025,6.553782717528681,9.461029391813728,3.4499081221172783,5.497561288689649,4.565924610430543,5.776858055695755,Bucky Barnes
10.0,5.023015147218505,10.0,4.886734496154992,9.144350299600308,5.112485586386041,6.690530727183641,10.0,9.072076868957588,8.087466390258673,Peter Parker
7.606352208830162,6.653048338915843,5.391365699329532,10.0,7.84565027508337,8.695069910664197,7.951126348479309,5.887259483278265,8.871866866945885,5.618783476608625,Tony Stark
5.601110425143297,8.290273132288993,6.289578637115719,10.0,10.0,9.787681650992306,7.456203959262377,7.67562663940974,5.892438666579137,4.898515811825746,Doctor Strange
8.0803100121871,10.0,10.0,6.531506156512396,7.0887433942811855,4.442243419565922,3.3899751230475816,10.0,4.158786227840669,9.407399408292049,Steve Rogers
9.599034962244472,7.187786601842941,7.622572587899289,4.452891542121593,6.427241718131443,5.0481793203907825,7.309092771581902,7.774633961005465,4.405790828116358,10.0,Wanda Maximoff
10.0,6.590805113210681,9.1707538447161,7.053001541224542,6.458018750825909,7.508896734824548,5.663395558274882,9.024388069648554,3.961302927410384,8.250519492622788,Bucky Barnes
7.710984819886001,10.0,6.622104231263767,6.2957392088284525,9.973737849403665,8.662438466936152,6.641541526253389,7.231960972035153,7.268705888311431,5.62942492728994,Shuri
5.464177798066783,7.357868412999832,8.681418078309983,3.738746456981966,7.586745194037461,8.136733316842326,3.5608141781657046,6.678306710496075,6.140113658617841,7.164203767107622,Bucky Barnes
8.815401984631412,6.995586682150981,9.92198921064588,6.031740908320321,6.00960700907878,7.543455240611932,3.4965292161346957,7.398310998925113,5.853089858920734,7.523755010528946,Bucky Barnes
7.831731386215983,7.876893144363221,6.470877109944808,9.900352236367,6.890831957552463,8.19110940947114,6.346625484556997,4.753441465498148,10.0,4.868151180799924,Tony Stark
8.737598756420304,6.306787188646396,8.468743942009644,8.607605855267888,5.075986728106854,4.315280022961759,8.858275049092944,7.9163335930647625,3.6757742983144266,10.0,Wanda Maximoff
8.707055639670939,5.761351115294346,7.714887620851862,7.750555381599012,7.718053808579189,5.173967613638361,5.370073016201314,6.280470668563491,4.819556012229437,10.0,Wanda Maximoff
9.53431412101082,9.298929789355226,7.831108711366714,10.0,7.085084873057305,7.890785911883541,7.13364931001474,6.205957461097087,10.0,7.9473164828591365,Thor
4.901111965470354,7.864708327096284,6.457965643557266,7.3937146291501525,9.486296988042204,9.524952422259755,5.375992071798445,7.049460113467815,10.0,7.862655427870715,Tony Stark
7.843776048377468,9.114223465281011,9.275203717786177,6.895374781428993,9.402504029423165,8.443360905591328,5.639166217548591,9.29484281841489,5.230021518528534,9.834919583975665,Natasha Romanoff
7.480621426442881,8.233103345434184,7.075314855365754,5.679566920620678,7.784367370839806,3.0018768349833964,2.289846442183369,10.0,4.204379937689683,10.0,Steve Rogers
7.604340268574217,8.52439286055838,10.0,6.211067756351892,8.394028253850015,6.880023933861611,3.4150256731383783,8.119309608261958,6.001849988983559,6.732747066146414,Natasha Romanoff
4.069913483851894,6.7670999741930675,1.6514049348466235,8.971033048311646,9.971033194704862,8.391172452711139,8.709333500691592,3.801004706764524,9.621629700600627,7.041867079060641,Loki
9.396260952055881,5.026646129810219,9.38196417892701,7.658976013464967,9.036603794527249,4.604254450280718,8.416814661020574,8.169725079460163,3.772209940990138,8.529195808681367,Wanda Maximoff
5.942669406198512,7.7419368618300455,8.586712460253333,6.625217090553668,4.773217357828949,5.842522467802063,1.6179010679295258,9.27648686725144,3.7997440751562257,8.714131191795294,Bucky Barnes
9.254483239486335,7.704858217942572,8.997819178224749,5.930109442260108,6.7129496952527,6.53991040525984,5.468572330020285,10.0,7.218317759035598,8.042920379028367,Peter Parker
7.8017954684742605,8.0299908141671,6.7591716784647,7.067519301443445,7.820160311634526,4.9558963359242725,7.983657731955478,6.368305317310121,3.274128090734565,9.883313729424644,Wanda Maximoff
6.455469875839146,7.864848952228848,7.068586478461638,9.47745379185601,4.322057078167249,8.018377281599296,8.715519478203992,8.134494461636244,8.04479030264472,8.022188715258968,Thor
6.775485732710677,8.245970120821196,8.025660594271773,9.507823534719284,9.65145906966514,9.667701510105775,7.853072290839837,7.036898802530091,7.508674536182305,4.379409589906549,Tony Stark
8.191088388900003,8.869819695033472,9.745838089935239,8.96716321291004,8.850520389903995,8.29056430652488,6.362229507854209,6.29741015611235,8.534066624615223,8.740158938941724,Thor
10.0,8.221749189021228,7.976418383399762,5.964307308207997,7.359138253219991,5.775943525800946,4.546810543576917,10.0,2.7961430072075886,10.0,Steve Rogers
5.005074567374919,5.584503564184666,8.44539617100838,7.513522369968379,5.911306863776179,7.703830433990331,3.8661395812662604,6.192738745892548,3.3097683643024514,9.91453932506963,Bucky Barnes
8.335529553695398,5.108309440373127,9.377954970314981,9.411271821729116,6.048111676698506,4.382983769861154,6.524468026751256,10.0,8.85031750537842,7.9420551689565,Peter Parker
7.597518804541264,4.920903384738307,3.007178319250912,6.753021987112716,10.0,8.696355360468617,8.217617213813575,5.766842521494189,8.72436760991942,1.8508871978621757,Loki
4.798251156754307,5.182443706275505,3.675608469397379,9.408744377414079,8.743891364600197,7.947925461120505,10.0,4.094718535023572,8.837192620889896,3.5021898875071082,Loki
9.057754094768692,10.0,10.0,8.13903500648831,6.874027605067517,6.733740912386048,4.285575852165401,10.0,5.3526098635435995,10.0,Steve Rogers
7.784768548381095,8.643480296203013,6.520348340293397,6.942207888787524,8.49092850104415,7.1969666503644545,7.828308766350596,6.502755742718034,9.685109630102678,10.0,Thor
9.907134979148402,10.0,10.0,6.9094845764618205,6.239540630119977,2.6275806018731296,4.424552208391688,10.0,5.696969803531021,8.328070383383881,Steve Rogers
3.5888445550087518,3.875654316516945,3.9947678054602958,10.0,10.0,8.306942114366608,9.530640168039175,4.909483634304604,6.289514699083924,4.712032336293256,Loki
10.0,7.213906048065691,8.892979451356911,10.0,6.353227554350641,6.253138402555935,6.95242154560225,9.125215719127429,7.469449665815409,10.0,Peter Parker
4.010364951503214,3.7142144870782436,1.8482968170653922,7.3294210698515805,9.207890019826674,8.719936617206892,6.159770249455185,3.885398006191833,9.284662218933885,5.028551559205244,Loki
9.9910588981471,9.387684739263563,7.734264541789198,7.335448735023153,7.906655078933282,5.7191841647594615,4.5277333267968,9.564266292556265,3.9915671856930097,10.0,Steve Rogers
10.0,6.638781975509833,10.0,7.842922592308089,7.530368655702951,4.617212043159283,4.703171272691612,9.28763319768357,7.1252016715475905,5.798866477585243,Peter Parker
8.895925876672678,6.094249673985163,8.676719249620138,3.97255918657659,8.313012474481623,7.639766613650495,3.9838354442456816,5.246850984524428,3.3865343704775137,8.54214798128043,Bucky Barnes
7.331296306328137,7.556340034267603,9.400105173469694,6.610932182876542,8.64398245663631,8.656596508122364,5.2732140615924905,8.476018142951837,5.595039109523463,9.867137440578322,Natasha Romanoff
9.467837411813603,7.068189947916346,10.0,7.084262836894072,5.506053524026592,4.630510020977927,4.1983360818676605,10.0,8.319253889089273,8.66161197370278,Peter Parker
9.763363897780494,9.764886562745268,5.8585989286496,6.366150416207745,8.926428971701883,5.347443049667707,7.986866881968029,7.788625871684573,5.546099821017253,10.0,Wanda Maximoff
7.215293346359487,7.966695391508494,8.379635127645274,8.803520718958774,10.0,8.348460968259335,5.70054042969513,8.34012444002959,6.011885113644148,7.383051625231631,Natasha Romanoff
8.28579194498115,4.714598061847868,8.398070617493008,7.4325723911252215,6.33276080125304,3.69563183143857,3.8117120185225044,10.0,5.061097078477018,7.269817742570264,Bucky Barnes
10.0,6.071782218474607,10.0,7.7254093074312715,6.9255733670872255,4.215093058741477,5.392170355798245,8.161861907578599,7.666151387377092,9.182498448205193,Peter Parker
7.2066086161734955,9.652904593345202,10.0,8.152563285286384,10.0,7.855732844111063,5.528035974084995,10.0,5.691726408494733,8.042034224035367,Natasha Romanoff
8.003427471617924,8.005227650182626,7.609395689720362,7.992165412162222,6.659770006663806,4.855215124541374,5.698622617537315,10.0,8.57190567910112,10.0,Peter Parker
8.338150271497673,8.194334255257411,6.25090276153005,10.0,10.0,6.408303905307296,7.608978389055045,6.433821086274072,8.410533781747336,4.838448671631397,Shuri
6.0673771791843585,6.437105576346067,7.639027268184418,10.0,6.766615610789902,9.84664420313109,9.244626732374904,7.324029673620402,10.0,6.048641508626825,Tony Stark
3.4856201361151333,5.493748557003744,3.2023819154074737,6.76752789572594,10.0,5.789963565867418,8.605639397601628,3.8871375308125313,6.300904316992485,4.89152340181173,Loki
8.711420552334403,9.323226317167972,8.596346988662765,10.0,4.391103554290281,7.847819428611358,7.951271539715588,6.695312566330897,9.554858287895907,8.79297456811969,Thor
9.319400824261882,5.3679780351121495,7.264797408526141,6.999853688592892,7.924226105048768,9.041195355849908,7.878494736194272,5.734375099313143,3.8826934307510044,9.22622024379226,Wanda Maximoff
7.852776207241579,6.502344041627268,6.148118497704725,8.008451326735445,9.821231846178447,8.52174096419126,5.546625780576899,7.218307280350468,6.37822628479777,5.315716062629054,Doctor Strange
8.152303691468454,6.0021714073633525,9.134245717982955,7.2873758936609505,5.786767938826177,6.814429761336369,2.48090281775061,8.283196160164556,3.7555889240744498,9.33655391570987,Bucky Barnes
8.176198057976215,7.160107042224775,4.009482658943064,7.824649011611366,9.718004547903274,10.0,4.587444459178951,6.901401299425073,6.506474207553609,5.125128129980448,Doctor Strange
4.652514042542615,6.656542482727858,8.0956795051019,10.0,9.514964477658442,10.0,8.585690973132753,6.822360013041474,10.0,5.7327443023868865,Tony Stark
3.713013871241207,7.348028158028235,3.8568470167636093,7.592331112868805,10.0,8.904544375710355,6.927435353956005,2.673212625763208,9.322135879830768,3.1048554348057285,Loki
4.313473101800036,4.979163332971598,4.193503862468324,7.411112488191627,10.0,6.580056540484166,9.093764277932477,2.901128470607446,7.487955213855383,3.3807830243490518,Loki
3.413494285796722,4.312547682494028,4.6593216364337335,5.777912423545761,10.0,9.199645480494425,8.945196711218799,2.7065425743117677,8.955465370428673,2.996368833003256,Loki
8.565288436432391,7.878176093108195,8.310016888392783,9.097920574941408,5.795528247472103,7.629818009761383,7.46716890915277,7.289921885785735,9.51351948649932,8.247948959148543,Thor
9.781830216561783,8.468930536633888,8.104398262349326,7.660574451868024,9.166258227485125,7.914996304813854,5.339682541167831,8.085818180577885,4.2616790644124,6.311369290620112,Natasha Romanoff
10.0,6.1502298034497,7.758460687483176,7.966587802904091,5.251968499105191,6.306759519155585,5.9282917254409835,7.163918655778337,8.222911984079047,8.49225953988633,Peter Parker
9.006913923286588,8.969625989727996,10.0,4.739703056244979,4.341128070480173,6.71548429267947,5.129750161751793,8.68837895510774,4.9962504456618255,10.0,Steve Rogers
7.874943012333087,7.035856919708612,6.7953374934408854,7.191002242396843,9.613593184520905,7.429953205134945,4.700286423082983,9.218077017435519,6.466677067401046,6.197433750346766,Shuri
4.935212073504527,9.222585026875342,5.275417048058402,7.797628538429481,10.0,7.788465358626665,6.901130890550844,8.255763585074437,6.3873722528004055,4.853086472268533,Doctor Strange
9.34297517972196,9.730569867657191,6.91331867539921,5.6029432717324195,7.4572916158303935,6.453168428458324,7.42280596804618,7.2322827540631005,3.214853548842014,7.143305257401848,Wanda Maximoff
9.440222885459711,7.487126112988169,10.0,8.090710851144632,8.04346202341013,6.047476266336668,6.45697005198728,8.72838781582702,4.81534014695773,7.963072557432001,Wanda Maximoff
10.0,6.231560982545092,6.38989603794063,5.3623379315955475,5.73417218827575,6.1675628676402106,7.006259354570345,9.6245007087986,7.314362757978034,9.895485301062566,Peter Parker
4.848177161754443,7.909722972065947,9.403030511624777,10.0,4.911465919548437,10.0,5.2150845052291235,6.53993673271339,8.478486663480316,9.440421281155379,Thor
8.5040642132486,7.73206951650359,7.532746726483781,8.775178444633402,6.905594312706516,9.050909285213022,6.742197937910966,7.952928199289311,8.186598461554713,8.586152064801317,Thor
9.045234070790473,8.575842678369007,6.033553873053336,4.8328281457521225,10.0,8.086623334561107,4.316191473180652,4.111513229469137,6.795736698694702,5.4213176662199505,Shuri
8.310047752376656,9.458501315988922,10.0,8.746058532649474,8.598328306066165,8.61220865704891,6.790671182963406,8.103763660342196,8.377126305498987,7.12572264191643,Natasha Romanoff
8.777745795134944,4.351376970827685,10.0,4.71597316598495,5.646062217430349,7.78141720991078,5.614926420778213,7.595371541772191,2.6606634782236216,6.847026364140277,Bucky Barnes
7.702024311085739,8.3515775120262,8.41333757860443,6.9716652883309145,9.491548521364788,7.461739931349825,3.8409247734486516,8.125698665573719,8.100495319699597,4.979835067295334,Shuri
5.766435915402677,4.967344695525049,9.101617965716926,9.150523849877908,8.020001347941918,6.3970128317291834,4.035392870012787,9.14963652075284,5.777329113541246,7.690450629051321,Bucky Barnes
9.331599214624,8.941002278677214,9.339878695228322,9.760495239323904,6.2620991363643626,9.374189677859569,9.149265989675124,7.470119209442489,10.0,5.067764696870754,Thor
8.309144107592198,6.2528922961019955,6.17162323955592,10.0,10.0,10.0,6.824337230623479,5.338409616625134,10.0,6.046904040424498,Tony Stark
7.134850555428791,9.636938356075659,4.997175573676343,8.435440982367325,6.998402578601433,9.00732963746822,8.549545757521242,6.655234803515964,10.0,4.234042645134542,Tony Stark
7.818445002352167,4.991715615996776,6.133940606356953,7.127881540082573,9.133654940690445,5.440133811865599,6.120998827253402,7.097813045585646,8.813924940231482,4.66451579933331,Shuri
8.023531370726309,8.18494808178099,7.761600152739871,8.47085056375435,5.560745914993148,10.0,7.036593560627239,6.302534989317259,10.0,8.52626662807569,Thor
7.487114631650003,8.128191479657833,6.81569688760229,10.0,8.222240693381602,10.0,7.718210688464876,4.403729443787215,10.0,4.65469349960154,Tony Stark
6.834138531076596,5.232140328617712,8.176338717287443,5.91076548921363,10.0,7.335849838199918,6.159999076190717,8.514226033711111,5.978904596331544,6.254561562825092,Shuri
8.40478463951425,6.13447351195846,10.0,9.057506658734733,3.282000546552876,5.079178942118556,7.1651494065691805,9.772091234290025,7.424886349820145,8.666294731145639,Peter Parker
8.412870228541152,7.199850499477576,10.0,5.641608456004538,8.024336132342665,5.3797646305332005,1.183680040456613,10.0,3.5833019497081415,8.315591049953774,Bucky Barnes
7.457904176261621,7.3867220181218425,6.32904117727674,6.877339076455056,6.285882952664894,6.1696948391799795,7.427197101697057,5.80458287125676,3.9632319313105304,10.0,Wanda Maximoff
6.8232710591212715,5.742034464588711,3.6084402683477537,8.595682886548332,9.18792806198983,7.353976729215617,10.0,3.4363109249707087,8.023060723400262,2.237343698739918,Loki
9.566950201554569,4.351407201216521,8.087292142667934,7.016785519290064,6.339052376854998,6.4303078226820265,6.283626269953495,9.421362838464258,7.833022587532442,10.0,Peter Parker
6.348076694017021,6.820058094097497,8.626447935815039,10.0,9.756241719598592,10.0,10.0,3.8634673701123057,9.077029273903616,5.229781144781845,Tony Stark
7.902804918089279,10.0,10.0,6.83059022775794,7.0456995805010925,3.979320467254098,5.11253394717898,9.525122719864308,4.674904325681251,10.0,Steve Rogers
9.108908006844459,6.5341678634164815,9.078944210053992,9.674551225213591,7.4063348058826275,9.444407863811886,7.0239843154029815,7.722243093536392,5.5712392262296495,10.0,Natasha Romanoff
7.04954065757113,9.917714014157596,9.295156654309427,6.15337757241621,7.535934734316932,6.346848178399604,3.5709302977039172,10.0,5.062175831805748,8.88408473845249,Steve Rogers
9.162523800666435,7.832257037337689,6.9563819784151,6.775337615315733,6.231161009744473,10.0,5.729442663314047,10.0,5.0030497753083,8.477360245593992,Bucky Barnes
10.0,5.310903121931078,7.058156406145035,6.834593943549538,5.662393629997547,5.879275671361432,7.889952433049735,5.283423927097133,4.366250684967421,10.0,Wanda Maximoff
10.0,6.724731817320235,8.621677248737745,5.212870265578486,7.258363375599682,6.368230394771732,6.442893524241606,5.6942699377901285,9.087577693533085,10.0,Peter Parker
6.366780166781793,7.949210512551898,9.018508772787827,9.956956025114316,9.284739125152765,8.020851473600963,5.091868935179323,8.499823537203358,6.78305010757696,8.094328207477504,Natasha Romanoff
5.743872051145071,9.714080966306017,4.730635274352218,7.293145600581057,10.0,10.0,6.403277356444314,6.841009597304021,5.685694915071401,6.414251157469235,Doctor Strange
9.119831695369745,7.887246430122493,7.373426544113471,6.147314880909575,10.0,6.4963741364302745,5.8283299462919445,6.366883828876754,7.79749757147306,4.7120114095349805,Shuri
9.812433638779668,6.038180666492494,8.62753515967384,5.708052820124178,6.003442670024739,5.881412294869678,5.975045500123622,8.31593530984829,3.2772905851130028,8.724429727148626,Wanda Maximoff
9.71858100713531,6.717449426192153,9.212268635932622,6.222673527906392,9.775894663399672,7.018254955074752,3.580047594863678,8.242929330602133,5.124081774396714,8.282301129892033,Natasha Romanoff
10.0,3.9217143038136593,8.992163783010175,5.811520068247283,5.684144784854336,5.3262643912476255,5.318435664165551,8.478996092206124,9.655353990087484,10.0,Peter Parker
9.731260287263327,7.1583074051812545,9.589858938139757,7.360782201958066,6.826524809290668,4.567419119091171,7.146463606539578,9.579421725151034,9.539066099195017,7.691067042138397,Peter Parker
8.322395220510767,7.286583118894097,6.271539731414078,7.458247592966216,10.0,9.2246316391367,8.660095171501476,6.474840556372101,7.909473969818828,5.147504215341869,Doctor Strange
7.964290778373994,6.239922585212926,9.856807701960255,6.193423719193616,7.81209379124008,5.9455636371433345,2.4715353044962187,8.596700852841618,4.853010576922705,8.648717244784509,Bucky Barnes
7.425617523148473,6.410294178614674,10.0,8.921677419491177,8.9725304605247,5.975227132222727,3.8360200613774342,8.78915036096742,6.4422912801573755,6.567085551291933,Natasha Romanoff
5.290046344600879,6.420495332036092,4.531106494876853,9.368065939131933,10.0,7.978995917712048,8.819635371119958,4.942226023418746,5.766840052018943,1.0,Loki
10.0,6.758636250864058,8.076485100241687,8.476375118262325,8.277821072258641,7.050960306862559,5.3055882579611335,9.936774942174722,4.363147131125768,10.0,Natasha Romanoff
5.290897886349061,4.072272368092035,2.715341300020295,5.47663574160422,9.781103809160625,10.0,8.853654173648206,4.804481724291409,10.0,3.50506981015012,Loki
9.170141406162134,5.284752325180515,7.306509154010427,8.931731398937423,6.288112054287319,7.091912994338912,5.702548146181282,5.998633384580702,8.064052515475423,7.03363313105615,Thor
8.849327679815241,7.762410408874069,4.431548365405883,9.764267333742488,10.0,8.787749506106158,7.779542561888337,5.1352878212471085,10.0,6.936821269258204,Tony Stark
4.800104292121878,6.589995989445593,9.829908005642917,10.0,7.648799169894039,9.734651587088655,8.841234280205597,6.433914143276081,7.703436317167972,9.433430756812122,Thor
8.98702452382997,6.754502751515837,6.609854966064502,6.204996707002807,10.0,8.466339870288884,5.0129886184754495,7.507362479465357,9.344883764098796,2.451826984429239,Shuri
6.595943518641249,7.066470197855018,3.699075573557874,6.52512829404656,9.56633774392725,9.712690874937142,9.235794630099706,4.136372555564984,8.264623449337265,3.9484952893726994,Loki
10.0,7.153703912855246,6.6911898288076515,7.665187839975073,6.206018546539658,8.654397417725018,3.0966643930563507,8.611036932787126,3.199646716977929,7.545899614313186,Bucky Barnes
7.143345244685937,6.923535099220734,9.366817275078592,7.568190807690031,7.897647243319804,6.1330826639081115,7.645253221916784,8.69428266706384,3.3116725639643603,8.256925491057775,Bucky Barnes
10.0,6.090782316836531,8.30710911098354,6.415679424384912,7.485608665998963,6.738182817111684,5.024819269820015,10.0,9.197838005006655,8.029857137253437,Peter Parker
2.098789083412166,7.039176712635359,3.53157014211707,7.673228376274666,10.0,10.0,9.668109943534478,6.410091037772265,8.628361417571597,3.3777668294749934,Loki
4.791029642335239,6.827582063486547,4.598305728249306,10.0,9.822210112917345,9.66236002069883,4.5742283525059975,8.199072999899974,3.7829167184468915,3.7762465684994457,Doctor Strange
4.274267919626855,5.84206623609057,5.357796131041049,9.16789309966788,8.167397797200445,10.0,10.0,3.8094059383230174,6.510346946141599,4.317510800076157,Loki
4.7068232510617385,7.0182856420203965,6.2633895786479705,9.75937296743541,9.82918264486357,8.938107235334495,9.058399055980255,4.183749260578232,6.940814857065232,4.170742248569299,Loki
10.0,5.705056437699661,9.445130615538508,8.482252553561658,9.444451048209611,6.946226669363373,3.830578108301509,9.605557889590601,8.625860314354023,8.382228378872586,Peter Parker
8.126846669717407,6.830303570531546,8.580854552460716,6.478284580326555,7.313444689790049,5.586488357542422,3.419605756810572,8.44323201634593,5.6027400320716065,9.601575365322724,Bucky Barnes
5.510626171937901,6.704698784271094,7.280977161974019,10.0,7.6193354587664395,9.378477809159467,7.808407761922209,3.9658646940060547,9.488566276523198,9.838217174030767,Thor
6.66133983730274,6.8387635410867755,5.914758211699025,7.9556709394276774,9.296185764432437,9.895689020966758,7.450015369337864,2.3054764695686627,8.44085316288229,7.401050814253958,Tony Stark
8.732174581652142,6.8531458575829,7.073550235723284,7.990582320855653,9.063188355360472,9.359853706227593,6.7063674558104704,8.002822370881999,9.914045505701413,4.382085539603733,Shuri
8.043938224238136,8.262148642834154,7.058115850714682,7.189790598371679,4.591502052800074,8.062250043152423,7.635009673216653,5.163197869100394,8.95334577618783,7.601962094417569,Thor
7.822636251786071,7.898891932881085,7.571848939125766,8.389485429918079,7.930072560000655,9.7325554004826,8.555491754472088,6.865624806961593,9.773897481267191,8.092246227211715,Thor
7.067285058404808,8.032184402695053,6.232999568700254,7.8835874520565765,8.064393331173752,5.884283223175933,5.858671449495529,9.794412532822344,8.670355526462817,6.66139307840198,Shuri
7.735800189671753,7.890116890788482,5.788251777826725,8.803954108900442,10.0,9.804473151070876,10.0,5.357954674106362,10.0,8.9908459037728,Tony Stark
7.014314114588318,7.625919120143429,5.73116511783898,10.0,10.0,10.0,6.848937002738591,7.068774155371599,10.0,6.5531820302550665,Tony Stark
8.091257034490816,10.0,9.917259209139049,6.490336535494459,7.032452641791881,2.496482826842713,3.050165093318856,10.0,4.213818306334032,8.96390604649966,Steve Rogers
8.066647097326776,8.09534312861384,9.36054839571096,5.174874897239529,8.068926093884514,8.153247949360512,4.786989030959314,7.496332640670825,4.35184021508738,9.741656076249662,Bucky Barnes
6.349064234930026,7.18275417512032,5.270616330983487,8.077009081866183,7.448346730037892,8.406262704099216,5.43400270743779,7.299737194273583,8.427272775501812,5.068520610511474,Doctor Strange
10.0,6.301205555597638,5.709174863186534,4.3058066512144695,10.0,6.783342659383411,6.513116159403907,7.290186269176977,7.025335511180888,5.298135952876638,Shuri
10.0,10.0,10.0,6.4311033324516655,6.700661168604595,3.9948125480313013,2.756533601214194,8.69447938961446,4.227431991518491,8.706598761644068,Steve Rogers
10.0,5.771016126793041,8.33890496356763,8.155289357438235,5.769722653913945,4.9716355875765865,4.700194874517841,7.66237378746965,7.810019669006506,7.42075617091627,Peter Parker
8.097288468950316,5.045032489420449,9.008906573164692,5.698710148148147,8.740727638620681,6.944140616867457,2.2715638895239696,8.623291545561909,6.232609291706611,9.496163611932813,Bucky Barnes
7.759062344304705,8.066099974400242,8.068119471443303,7.510535390823819,5.519150249760575,7.015520314552465,9.715535455655694,5.421457837769421,4.442761007486911,8.018362880812484,Wanda Maximoff
6.158527962348593,10.0,7.7397966080078255,7.53346115277188,6.741534795560133,5.162227903077304,2.8603921545897038,10.0,3.189552702537024,10.0,Steve Rogers
5.502672754148951,6.92618626457062,7.448125724256407,9.1113592898454,7.4919041386344105,9.894369544145581,6.742685058007418,6.096160616677926,4.955870066296043,3.0117809692519906,Doctor Strange
9.16551662394228,5.414808534191393,9.382144087153545,5.073277996920293,7.276373808460268,4.055360676023291,7.0693407405689355,10.0,8.518185446218787,6.991301689306804,Peter Parker
9.011652254459063,7.33770881877961,6.892725190475508,8.235903500902456,7.338829480360636,7.064874085956477,6.589830590200101,7.303980413614167,3.7336293814073978,10.0,Wanda Maximoff
6.12681309078539,10.0,8.484095070330683,8.595141219099263,7.195159893468819,8.877878483776684,9.63867293735805,6.172065264150129,9.39809176596799,6.517662212193828,Thor
7.950434862547475,8.87096786126839,7.90042397291076,6.920512924290463,10.0,8.461627384910903,6.944474547863306,8.468164307215025,8.67645283109813,6.765836458626828,Shuri
5.658791874533877,8.646093683524953,6.951260642186388,6.2510180229299745,10.0,7.781973973587858,5.848564823381672,6.288979522928075,6.521562354790484,5.117593396927306,Doctor Strange
8.184899174886434,9.836242270290354,10.0,8.963012938436522,8.781449370052071,8.922630304845319,6.6897624795974515,5.490964827761801,7.85258629724552,8.319266474258672,Natasha Romanoff
6.809346834434551,8.479242330441869,8.249780308637868,8.67682989752699,8.843738712100528,10.0,7.070514713984295,4.9721874783871,10.0,7.0554814881066505,Tony Stark
8.884135985677924,7.864991663435762,8.156855681588032,7.063511734216694,5.621709226859826,7.886573307159869,6.0552340987380475,8.622976878890142,6.077264521179676,7.251585002405018,Bucky Barnes
4.073825871810017,8.422545444363344,5.059902662867974,9.230861490619722,10.0,7.8437823834523375,4.989866420930857,7.668049565854565,7.224799726809988,2.48422423547109,Doctor Strange
7.985847536912438,8.898862643977436,7.988720641454833,6.488088923173865,10.0,8.010716764800442,6.430735434570155,8.317029776815426,5.3621787806612415,2.19070500656946,Shuri
6.413097303484465,7.478406075896761,3.4070414819918766,8.65159491306761,9.728626594924364,9.302385493768583,7.565925720946063,4.7781157790498865,5.9485184622194796,1.0,Loki
7.155848877169188,9.54053588709847,10.0,10.0,9.06294441292288,8.572371724519428,6.021784784044584,9.593844090197855,6.391364918343451,10.0,Natasha Romanoff
4.595011203086035,7.530321090182479,2.390872251899612,5.541725593888906,10.0,9.390466608650094,9.568016632398201,3.7436174935000084,8.58223115464753,1.1072426458237676,Loki
6.568392034328964,9.541779147962842,5.61052696628901,8.75229542766708,10.0,8.198373132152103,7.57262374839901,7.8889847445923635,5.456812585610415,6.3794922215476,Doctor Strange
8.784814599160262,6.727293180836721,8.636621002778854,7.793406486474026,7.645816353517482,6.423644197596954,7.107047134570219,4.310991244859616,4.972365786172716,9.610442618883097,Wanda Maximoff
8.87000598331025,7.820034863473587,7.002081526576466,9.749783469325815,5.920017930464294,8.611137514697255,7.432675177057267,5.488598369148805,10.0,9.933264263454468,Thor
6.8154037464470285,7.440726069762904,9.561315209982709,9.053459456634949,4.048003693591839,8.679987017903274,7.504417647441864,8.924814358162806,8.242266315457332,9.314032467157407,Thor
8.19300424692791,10.0,8.750019023987004,7.445890798794941,7.933558513292868,4.889693187133624,5.2625796210811595,9.619612288137759,4.732680498757607,8.77844221108518,Steve Rogers
9.352229583955154,6.692305464393525,10.0,8.028957945387285,8.367308436564251,7.329052375178581,3.7482903020717755,5.823856395304071,6.8467498504490045,10.0,Natasha Romanoff
10.0,8.185466848049378,9.300056207538463,5.977883143764592,8.224928262349929,9.312279764415598,5.212223078391373,8.134768407816093,6.283965213219352,7.195994618642439,Natasha Romanoff
7.163178483486814,7.791505667383906,7.34120470992048,10.0,5.747199888191176,8.19420718264449,8.717158070814115,6.0740417452943225,9.242136832668946,8.343044461742762,Thor
8.358241934117409,7.204288340775206,8.090716350738774,8.403226723240364,8.017807617968622,8.683699393770048,8.837279276145548,3.6663531524588784,8.916514151463986,10.0,Thor
9.148493753812325,5.100486591560977,4.498067819451651,9.321036461179858,9.018159852421961,10.0,8.591358997534345,5.5196926088992875,10.0,7.287744253940914,Tony Stark
10.0,10.0,10.0,6.067256558053688,5.661366255194351,4.361403639588565,4.512419481225709,10.0,2.375122517843597,9.017903714665621,Steve Rogers
10.0,7.290949861489565,9.434145660159398,8.275208244640204,10.0,10.0,6.901216772476983,7.701675898774066,6.660959544637044,9.785072303427784,Natasha Romanoff
8.372247709928669,6.3066935534942985,7.184035323391819,9.559381387623306,10.0,7.512602232042683,5.94440944566168,8.579223417657104,7.473642454713101,5.363069331513701,Shuri
5.958704096504985,7.302838890630982,6.489514215931592,10.0,8.610317086471941,10.0,7.1549783678982894,4.922102550655572,10.0,4.080447412592351,Tony Stark
9.062653169710687,7.336370697184038,8.894951218964765,7.787707134045662,7.029481792354271,5.93868822834083,6.890877113662804,6.024586694750295,3.0087148133353145,9.679945343503888,Wanda Maximoff
7.603712975262708,7.183508867213559,6.1273182694808455,10.0,6.526763633810675,8.566326382367878,10.0,7.406305926482874,7.37209824362496,7.75512053125878,Thor
7.953379433804357,9.237120059881176,7.114534892943245,7.61866992755632,6.576222361443749,7.46677808770394,3.6929281808779084,9.601566041785478,6.5121400073043825,10.0,Natasha Romanoff
7.543029554432322,8.297169502915347,6.257312555379007,8.192427682014431,9.090161884642336,9.338134113670247,8.29084526419338,6.027315181904304,10.0,5.7008054656587195,Tony Stark
10.0,6.707233303009871,7.333919696381559,6.884020209248695,6.051391740127987,6.99392827924171,3.2639242443952927,10.0,2.5823651103563585,8.392015320169326,Bucky Barnes
6.790157413217111,9.370080291321475,7.725494956073254,10.0,8.169266659676754,8.693421523251907,7.290347320934123,5.2239732678992645,10.0,7.219980062867565,Tony Stark
5.300486028130749,4.39313054733298,5.194998257050153,4.943167474980893,9.267183928405277,9.028662938209516,8.012797095733296,3.4353050961589733,10.0,4.380029857227099,Loki
3.009603174312735,5.908706012756884,1.4161122192382534,7.565391456055651,10.0,9.121245221422791,8.486163158891477,3.8930869975649105,7.019919453152712,3.0135206492781683,Loki
10.0,5.925221648464607,7.482979540700948,7.490129371652186,6.77793158810048,4.812303703135857,6.594153591098486,10.0,8.044377706841631,8.924149604113396,Peter Parker
8.086380048567326,6.386277374342079,7.768549240088648,7.041958438952102,10.0,10.0,5.091433914774829,8.766829472922401,8.731395220519305,6.572639885323554,Shuri
6.3752288506647155,6.2975583995280076,6.079234163869834,6.982305452056489,10.0,6.6610311403264,7.37600648826243,7.800539207760548,9.878049187446667,6.301352876232592,Shuri
9.150534230000526,8.913606591414705,8.123815021804731,6.905206229145212,9.175099665928284,6.59736582841902,2.949101112683531,8.217791725371857,7.515412952351375,5.582339325059176,Shuri
8.472964797624696,7.634572908490608,7.461214579242152,10.0,8.010739792546818,6.7579591100187315,4.697330289775778,9.566073211447392,3.2915811960954797,10.0,Natasha Romanoff
9.054198397424736,4.244352634285551,7.644982942739454,5.713104376655756,7.444966028788981,8.705719569029156,4.081334407328005,10.0,3.1166556076426053,7.3280266821507025,Bucky Barnes
6.132672174967387,6.14600770905692,9.91199468805366,7.615742629861343,8.516088446420982,8.078373231152824,2.9602706851777256,6.94937058255012,4.98474040189942,9.776635549968002,Bucky Barnes
6.642894464127814,9.086491670704849,6.522067232725931,8.357130558413996,9.054804945266868,7.325380291417799,5.487031084861264,7.900537338290265,7.318369534131934,9.700188736004293,Natasha Romanoff
6.5339389308949,7.537276236724912,7.5988087491045695,8.229203575094417,7.158337705969925,5.62137304738336,5.517751261611286,7.004107230561365,9.120158986740382,8.505268920023717,Thor
5.844387267283643,8.057854448825177,5.954719493632272,7.0245213717950765,10.0,8.397110681010206,6.161525688355074,4.424580942452038,5.731032139927107,3.625513545733712,Doctor Strange
9.622878082424725,9.192779569291744,6.311812439067632,10.0,6.636302460741865,5.910957018400511,5.416232713997891,8.29748661252597,8.774875873775944,6.393522384431406,Thor
8.170813197919426,10.0,10.0,6.389864030826748,6.18799295924792,5.157295069026041,3.4881680593595408,8.613453582996241,4.58429602315205,10.0,Steve Rogers
6.971758835553145,7.37337265181182,5.792236437275055,9.248804309383466,8.98975776583155,7.8628604937073785,5.707010973488662,8.597390827595467,8.013413868254503,4.876521224449083,Doctor Strange
7.451916297890019,6.953093130659082,7.918310233916137,8.401936701282521,9.257269370788329,9.895933458319938,4.637388441748121,7.61606318900261,7.799541913158645,10.0,Natasha Romanoff
9.081178859438428,10.0,10.0,5.99285229173401,6.568553915946378,1.6202278999083246,3.2231725405277825,9.344481383786196,3.725519364790696,10.0,Steve Rogers
10.0,9.895834216254233,10.0,8.692875581882028,7.826847993306851,3.9054640843790756,3.190902594890855,10.0,4.2198486811713245,7.353445859849341,Steve Rogers
9.754437146481006,6.7323395710968805,9.400557205981048,5.678928751145938,8.617700404896441,6.1805153830962976,4.873517936737871,10.0,8.408673015745345,8.804430871343442,Peter Parker
4.118149188712048,7.275091770537335,4.9503405283292805,8.959190693318856,10.0,10.0,10.0,4.353873649186619,7.8567345512495965,4.118213737643451,Loki
5.647751520215463,6.937084294925737,7.110864777997041,6.777875688028095,10.0,8.203473377948004,5.804403623428769,8.623931211074881,10.0,6.315903804928219,Shuri
7.658138595321777,7.086122867042172,6.6908469022489285,7.974428849709958,9.447013400897385,8.469405585920061,4.367036320312744,8.890093539923152,7.300923887499658,4.85966075273877,Shuri
9.001066788272329,8.6564798211951,9.164522554046224,9.811123157677539,7.674790131415048,6.7939660975464164,6.405369092110666,8.034506121048386,5.161027116194777,9.689905783445587,Natasha Romanoff
9.910661980617414,9.570025921725062,8.96374923418073,6.951835368580969,9.010246255387276,9.725983380541972,4.499353627066727,5.730713713315309,5.549988433353165,8.651217808139576,Natasha Romanoff
6.829060840612474,6.494314760685539,7.284078021365032,8.179474195923326,6.925924909600498,6.1531290413797715,6.971934964378523,4.338613944492647,1.5038171747854148,8.601652958273995,Wanda Maximoff
9.89715701093758,10.0,8.429931508914953,6.787656895525326,8.726598769448657,7.0957434978071205,4.896685572010846,8.512070639789538,5.61325862806986,10.0,Steve Rogers
7.343918444263283,5.870891102094477,4.886444200158254,6.702844113767389,10.0,7.428312321889441,4.276815156270272,8.356035111212385,7.186165254657551,7.935333870283916,Shuri
10.0,6.5166582793568715,5.627635152574218,6.6239604733401976,8.000899787926384,5.184969989030153,6.182833649374826,9.543757891601611,6.676323823656652,8.978680220136894,Peter Parker
6.551510473991082,7.661783593563916,10.0,6.95522755771343,8.171644972559298,6.511848040817027,4.540733888622285,8.422598738395724,8.643961446303862,9.272226891024921,Natasha Romanoff
8.383719680771977,7.218296016127521,8.636675032038394,6.071913049470527,7.092707720757527,3.818271650800231,3.3581850161886138,8.46833664802175,5.2138923731640885,10.0,Steve Rogers
8.337360591057951,6.698544260080015,5.30841345762345,8.46562954827233,9.726401938654393,9.717256506119526,4.16528484321934,6.737000770117001,6.84711093417819,5.851341346271633,Doctor Strange
8.95802111885659,6.116042440440587,8.112835849742062,6.224192609299068,6.929592746105554,8.76999064414859,3.3564032590594017,7.2979779682488,3.1267016995238643,10.0,Bucky Barnes
8.928244497527086,6.364744326975386,6.3987753552784365,4.967705600391412,6.399160487166838,6.748585804066067,5.504931149662286,10.0,1.0,8.380507949541041,Bucky Barnes
6.754923038350769,5.350486996658843,4.2442496159734695,8.447034908019372,9.833375347917737,8.35440223806146,7.348686493069327,5.895275889475844,5.430948821229926,4.191212764978806,Doctor Strange
9.71487630332095,7.675070768432873,6.704898080583753,8.59102600466136,5.8997650635797285,5.2644156742694,5.2649203073491115,8.84624869943447,9.642358157460544,10.0,Peter Parker
8.133685030272026,8.123166583266068,7.946677520388316,7.884802829714318,10.0,6.409069447821536,7.418162039062091,6.674639382795968,7.86745738518752,5.560841348330676,Shuri
6.1531352993725825,3.5413846864024405,3.6969232533453087,7.405609377015268,10.0,9.840953460208278,9.802815187610372,5.926762547605127,7.539891113391792,4.668851044125899,Loki
5.897867567213007,9.339480239693252,7.966983821391997,7.44561203602814,9.425544152129483,7.905742714995103,5.608663051366674,8.177284898070507,5.638334641172973,10.0,Natasha Romanoff
5.8375186677968305,9.155604461087211,6.258300092766855,7.703597472531705,10.0,10.0,6.6130175439751655,7.325251226966072,6.798161880324855,4.802482829347079,Doctor Strange
3.060512496878025,5.725875049686636,6.240489848004866,8.164269997744643,9.29419191723513,6.802411674995483,10.0,3.9123952487154297,5.804082683296464,1.8446678974105724,Loki
5.916647330750417,6.343404560562275,3.5891217185800315,6.767131056784456,10.0,9.789828147155038,9.425770155844312,3.4839378147471862,8.047339536987472,3.205896587462541,Loki
9.980425267986877,6.587275879516902,8.131868102781285,5.021485909036929,6.281384476807106,9.361570679330569,3.521068117396582,8.40453426581992,2.695303465835977,6.5545701288635385,Bucky Barnes
5.009023070906471,5.655784587803549,4.817079979518526,9.343660430732944,9.890882318900628,8.699114942734093,9.65339977439516,3.679589167884378,7.5750223738790154,4.296418673344108,Loki
6.130018786534705,8.380376343302027,9.332892042674308,6.889024211134283,7.3081355356587245,7.684515090367541,5.816161558472211,8.520818414739988,4.898953752707403,9.171156356277509,Natasha Romanoff
7.694200285635719,8.38673946269618,8.226849686635145,8.5439648794237,10.0,8.800715308572665,8.936528659001068,3.8908153819833107,8.837169140912437,7.89546080840667,Tony Stark
8.73367401269489,6.393945697922828,10.0,7.572606779899809,10.0,9.23107868689188,4.408445970441192,6.900816351052255,7.693107637300905,7.2391602730418265,Shuri
8.412489101230815,8.257355195308232,10.0,8.397293000687153,6.611366659909284,4.528455407379658,2.798043261097713,9.812580499415542,4.2970395213460115,8.73620914162093,Steve Rogers
8.420044946794047,6.68746744578397,10.0,6.97480593121521,6.6921044658667235,3.0354201102836393,6.854521895688668,10.0,6.847270106612393,8.5927000039045,Peter Parker
7.774437466091042,10.0,8.098087597721266,8.492946709358954,5.425481142407593,6.4837055185016155,8.695698910116654,5.974985996700622,10.0,6.383831182498033,Thor
10.0,6.270437903724222,9.505659343557138,7.661889698858378,6.6566482138067276,5.103613201774521,8.179072968587114,10.0,8.053204370567398,9.128605634032999,Peter Parker
7.739785089114039,8.455051351391504,7.896436091665566,7.060017308592392,8.356946129455137,9.255272461234865,7.580778185408166,6.631131680122141,9.44935924339147,6.587973255324585,Thor
7.515591780016033,10.0,8.310255092420864,5.5012370093562355,5.698596080064012,4.444613184755395,5.171211244486502,10.0,5.65374416030916,8.626344293011822,Steve Rogers
9.082214593984578,10.0,10.0,7.491426128934281,7.576432989199795,5.400364605009031,3.764721848385087,9.104726106110919,5.36104793957422,9.58359404264545,Steve Rogers
2.8980402470456985,6.440140083393958,3.300926475162814,6.9068750593640225,8.568909092957693,10.0,6.543127034993312,2.9530849069506373,8.150158457389052,4.972953836129371,Loki
1.2178438726467689,5.2454022829228935,2.560863125740795,9.504072778770986,9.448834046821379,8.299104855915962,8.939221893433407,3.2557844644188583,7.496689802308081,3.121388013028954,Loki
9.214051030750714,8.221714189062814,9.589912970718002,6.896378720648058,6.3619276662144015,6.852169493177659,4.599798796127771,10.0,5.329281577065199,10.0,Steve Rogers
9.799169714014221,8.205859524774649,7.689470990036209,6.770343889881806,3.9753316327353247,5.705376636966122,8.4741739578553,5.297188150165676,10.0,8.037808206069942,Thor
8.12662929535027,6.857747104825163,8.775881662944,5.040558681962951,6.972254791357912,6.613129695172086,3.6096218742372175,9.163390433193129,4.503686979091194,8.689708596642875,Bucky Barnes
7.733539343837119,7.61201237049219,9.139744898495566,8.523618213093997,9.852157783620838,7.208061455610761,3.030253995100269,9.589495457160758,6.481807394513861,7.806672061032577,Natasha Romanoff
3.7374866735324064,5.541618522318654,2.9976912624500134,9.000085816183393,7.951525429293434,7.323810774455238,8.260567351563573,4.853683491422907,9.541325343528465,4.725677738466054,Loki
6.93965406391241,8.705594814558125,8.387817159079368,7.492657332362337,8.259052888230949,7.874025930701623,7.25128362027016,7.771609153120085,4.463982413271783,8.571415366622901,Wanda Maximoff
5.094607337957461,6.605282384691119,3.8777421800573078,6.974574596571131,10.0,8.951556237472099,10.0,4.98556068786547,7.255647141946248,3.9113252739879694,Loki
7.657489978007561,8.496638567319074,7.77216188846049,5.442028687075432,8.625926764429876,5.77058757466795,9.254026203151737,6.921615893619688,9.462266230909101,5.334656792957743,Shuri
5.516161967032037,7.545924190538993,6.681739787792463,8.115842940283692,7.768552459611467,8.923947901845537,10.0,8.252177434683933,9.485313227894189,5.545520887116501,Tony Stark
8.230183716139466,9.93390784942846,6.148337424062329,7.861121818661189,9.5055781159201,7.658628395055032,5.636257737620907,6.271812320814792,5.538908473169547,8.301150890570192,Thor
6.861052555168843,4.8408368483454325,6.361111053541213,5.2484363450422675,10.0,7.879867711706526,7.174331231258154,9.832121320562619,6.9186776658656335,5.5658002998164875,Shuri
10.0,6.893538515303096,7.553967339727653,6.662855454656384,6.370676976153118,5.162386634218695,6.37569142135515,9.079012641110769,4.889361033825532,8.56850431392541,Wanda Maximoff
5.299861850147698,5.304190982135365,3.8198323115421813,10.0,10.0,7.68238726233783,7.856940541764302,2.675745903760004,9.321317424965299,2.501838375530382,Loki
10.0,6.9667165600557475,9.874349934978097,5.853380875110512,6.962796725486956,5.198552310237677,8.724026565529748,9.050595693011065,3.8760048498905473,10.0,Wanda Maximoff
9.390018247670993,7.251811581549584,8.708009853339508,9.39324375253893,4.25377485528103,8.648961798033051,6.233108487802882,7.78511478520645,8.36601044608644,8.010459066570565,Thor
8.914723613251315,9.259388463733199,6.679182354500309,10.0,10.0,10.0,6.465000148971878,4.841833611053562,10.0,4.677148686452954,Tony Stark
7.990704566693013,5.8246005433319725,8.576942397451598,8.436248463191507,7.576918843513814,8.738816844553094,9.462583005274569,5.736245257856364,8.535766698515717,6.446926890678238,Thor
5.5181681676056,8.855976120572043,8.176808053808639,7.841698757823878,10.0,5.1197153240315085,5.061123531224899,7.679898807955582,6.648317059364965,3.8830975563303523,Shuri
7.341262876789144,8.122645530385313,7.560377670727187,6.220039469819442,5.634638225440575,10.0,3.688423156576901,9.03556569119471,4.563221782898552,7.968105466518356,Bucky Barnes
5.8842708553522804,7.419251658978793,6.092580183371354,7.278583404536077,9.308455158529283,9.294230733807176,7.28648799288198,7.8586237047628025,9.798889933983705,6.950135837981576,Shuri
8.478766438064605,6.978940122030681,10.0,8.275475040404718,7.945020408687471,7.763913938369404,9.008871394568702,7.91777937378267,10.0,6.949220366044819,Thor
9.897934858617704,9.892990877823566,7.5765592162455935,5.34714200512477,8.603491070128392,4.012804899844025,3.1259348772949416,9.792936905394972,3.6724421764418067,8.466539081810454,Steve Rogers
8.541079679136262,7.723004787502371,8.24454350764729,9.137355573560068,7.143076050597157,10.0,5.804404099067107,5.70028623388301,10.0,3.612796367817149,Tony Stark
7.392385264321942,6.958288992563243,5.013040633363788,7.408770705010886,7.6032698587629906,9.426655893825833,7.633510516689047,8.421538953036896,10.0,4.797386104572966,Tony Stark
4.515644084802049,5.127869286702818,4.309903755648757,8.55413155157001,10.0,7.778987795481093,6.942520382082897,4.32798554566341,7.367601198146685,5.297890474608482,Loki
9.772588192655954,8.056947276391995,9.364006363232704,8.143438883269141,7.75834276120122,8.342034093168264,8.543484532768323,7.164536639286468,8.368156272504374,7.997896486881285,Thor
7.63416088331018,7.839132201819122,6.809360539883117,7.787664971486324,7.883460740148201,6.77829922538381,9.34804509551085,6.45439440204373,8.967950837646034,8.702305522798216,Thor
10.0,6.527673236272802,7.968961779053009,8.005846785165394,9.801906111420418,4.727978625238187,6.6880164871141154,9.460213350386248,8.10669027202293,7.11595679996069,Peter Parker
4.36721334011634,6.331074386320153,4.28219667885594,9.44709395035091,9.832819897117334,10.0,6.868918582328094,1.9824757088200728,5.145819569219341,3.9824812189166665,Loki
7.929067714004303,8.678942835381493,6.168112865889132,10.0,9.14585726142591,10.0,9.089285972435237,6.279494435968353,10.0,6.084473836861115,Tony Stark
7.891891098737398,10.0,8.519993394568992,7.104825219975126,8.41479783096704,6.596918718954855,5.777993789629421,8.360602264510762,6.762474307966315,8.482036060085985,Natasha Romanoff
6.640133227381371,7.308459394532372,4.663463534400977,7.584717728848657,10.0,7.459491641343437,4.479354186499876,7.739136453391028,5.481151619454167,5.606868806449331,Doctor Strange
7.59534053031872,4.592070194274334,6.504242918113558,5.866926245775136,6.068496146877356,8.349794473749599,1.2725203920664248,8.363773498930366,6.651859081092434,7.771441960603118,Bucky Barnes
5.802660370230646,6.860513817360982,5.869376451729908,7.957436625671536,10.0,10.0,8.387015487795608,2.330915659152518,8.616537718228463,2.742470394230069,Loki
8.564661682029396,7.410526300438523,8.159209130810288,10.0,5.78975994346631,9.14975542523999,5.759958930145214,6.4120462329492565,9.03461077634509,10.0,Thor
8.436947435790074,7.422508747057174,8.062469968383244,7.656632872885291,6.309446230860993,8.055234793699482,7.32480805740941,6.93121504201213,9.167505595209887,7.22955368341861,Thor
7.3595622287013684,9.456360984159236,9.783347353064933,8.5053874520802,9.286259251305966,7.166234352878921,1.7674296119574033,9.342990135577018,5.388951112069645,10.0,Natasha Romanoff
5.599699176561115,8.867996216580368,5.0973803909949265,6.643964358750661,9.915191303051621,7.964243089405562,6.232072403740463,5.708962668110287,5.8693825922712195,4.56697409770005,Doctor Strange
5.9546385952494125,8.512412705602422,8.54366805559901,7.696783273053901,9.544387298230724,8.448680167558532,6.486715947653018,4.34781841362881,5.83117287108208,6.10080856406247,Doctor Strange
5.066489514993959,9.11824075755222,3.962289738647477,7.87698757033319,9.957203978446104,9.600583871254056,4.711050004817059,4.541544923343229,6.214090951932102,5.658037840681848,Doctor Strange
6.13890730505544,4.647847519116587,4.462777732736455,7.010328991675349,10.0,7.281015728614663,7.615275689895027,4.429884453112659,9.24708639199753,3.6283054359412663,Loki
9.957119407365136,10.0,10.0,7.817103386014148,7.6509011233771735,6.085590401876495,1.726552788595102,8.123675707973106,4.079990124762785,9.837724785409309,Steve Rogers
8.704827787267387,9.118981227464607,6.100649708394012,8.121870679948879,5.294338952697936,9.320630615084207,10.0,6.5436053393295595,9.300534642438137,6.581350261875383,Tony Stark
8.80788679173294,8.914252054647768,8.361859081764065,9.242300993013137,6.125417862296395,7.280007622207783,8.406898503549085,9.535807296780739,10.0,8.379897527780797,Thor
9.618890223963588,7.5342702076844095,9.404646077302187,6.589128990869485,4.31810191017243,5.590890110774305,6.726047121875428,4.43850997922837,4.056714511200922,7.655185639169318,Wanda Maximoff
6.865629497674101,5.844084125361265,6.292694349847624,7.041105533314682,5.873783287637111,5.379698601966565,5.507149345111443,6.495954328540247,2.594870498476539,9.947385552541189,Wanda Maximoff
6.51452620067791,10.0,10.0,10.0,7.594348732218138,7.894314552207949,9.45818338218401,6.879779377154841,7.058103072193367,9.87900176753836,Thor
3.8641456986120595,7.342654387792632,3.364504515791493,8.496162910007019,7.994884997889296,9.164383693066057,7.496049617674064,3.467939375087676,10.0,4.165217971551105,Loki
3.7085867706773867,5.087024841585922,3.506656368576329,10.0,8.313954599478986,8.476279370853886,9.12283382513811,3.6208340584093843,9.342461926797172,2.614377586871417,Loki
8.605172471367847,6.22728106129696,8.134808254516422,5.684161120268159,6.901156480921456,8.057770441444237,4.532321706983189,6.840195668072952,4.986927784698589,5.9018674375810445,Bucky Barnes
6.8895078048105205,4.476247380096455,7.780032302413153,6.865596398912983,5.642396095070216,4.911125375164448,8.90431732161991,8.094799725378516,2.422991406597971,8.447064936101368,Wanda Maximoff
2.8960687775647216,7.052435415665782,2.4560450347806504,7.7279411809553755,10.0,10.0,6.781685078953451,3.885189905968653,8.574680874311028,3.0650201365779086,Loki
9.354301794680797,8.707361075587862,9.618847286326048,6.13708802602778,7.752369560758051,4.151514782697277,5.264575517133308,9.69284903292225,4.187995363006461,8.433368422068547,Steve Rogers
10.0,4.285197512269894,9.16720235778124,8.44593397139132,5.452793373752213,6.855959573598066,3.439503404882382,9.314865925099587,5.489057433995365,8.202909197679437,Bucky Barnes
6.126511109603175,9.742013354990533,4.720259129697877,7.564162214937354,9.415322289940487,9.809047617536885,4.207323338342403,8.80996825889319,6.702217975618816,7.187868090772464,Doctor Strange
9.15458215097912,7.775600983396749,6.521015848580015,10.0,7.61619289744564,8.881591226305217,8.804158493361305,5.506743596425513,9.99359766659991,5.79569637684436,Tony Stark
10.0,7.012014182897221,8.928534174944442,8.925414399299338,5.5903219791665455,8.790394175584433,7.626033151013013,3.6725433285533398,5.171414846032116,9.59052770035506,Thor
7.460445765875823,9.058229982304255,6.286320423097757,10.0,10.0,10.0,8.29300111587337,6.337929049102158,8.920818419075772,5.815589149699559,Tony Stark
5.992933947971013,8.001657508846955,9.600599301900456,8.284244499376314,10.0,8.782653122500843,6.331982301432636,8.10815362582538,6.8568417338139085,6.862569701284459,Shuri
10.0,9.12654572648148,10.0,8.027786644450446,8.318695118399116,5.17567624364755,8.051573846220982,10.0,5.406097030508533,8.905094482397832,Steve Rogers
8.634658870423438,6.734789073723178,8.708565979213255,6.789499002864126,8.424869645605268,6.794285368220556,2.328549666043771,9.781966026347174,5.035868573801221,8.704695539557052,Bucky Barnes
5.320948350047398,4.799495335003934,3.613355497431861,10.0,9.416639315341893,8.642453172203608,7.821838415965379,5.43273672208108,3.9209166218449667,2.4465033480854737,Loki
9.671948602756217,8.093367562540726,8.577256132548976,7.534328844771084,6.935996373490056,4.008806843659029,8.122145485945746,5.39421860048144,4.774232052607276,9.944670812491193,Wanda Maximoff
10.0,8.26190464982443,8.280559963808765,7.040046887889869,6.928924816131351,3.582816803080725,6.034588619220635,6.860190506869176,3.105175155674517,8.268580011813231,Wanda Maximoff
9.9377514061829,10.0,9.917961647641766,6.219948200150987,7.094739437455441,6.12170182377503,3.983610711254162,9.604221493672679,4.6865218322777835,10.0,Steve Rogers
7.419419030399381,7.0194556129065475,8.97130285818919,10.0,8.640715381382549,8.451797254206028,3.964501856136825,4.555909951997812,5.01271083508543,10.0,Natasha Romanoff
8.242248785614725,7.440208545485596,8.089511661740323,6.327029070022219,8.962366411184286,6.083786433597145,4.290633088902609,7.480047223377231,7.854268830101104,8.581417707996051,Shuri
6.33114105827911,7.496046653837439,7.676413547772551,8.965519699081673,8.48683251498123,10.0,9.244923356027822,5.2442517297755735,7.6970194224616595,3.6042531656022363,Tony Stark
8.013904128601451,5.017448159544913,7.761797106928748,8.05869157600847,7.147589542018853,9.243788472980007,8.720850292662389,7.494323310998927,7.128316564099665,8.738303849996093,Thor
10.0,3.3105459565330406,8.453716551424858,7.005198923476446,7.578822450528179,2.84085682787244,3.820695424538793,10.0,7.301100851737775,7.14074207693346,Peter Parker
8.947095976627233,6.905558262237343,9.937580478910665,6.424297631774527,5.969319200702655,6.168558920242406,4.57645845596689,9.039324274386331,4.877420280018549,7.155979104561163,Bucky Barnes
6.673875221248938,9.049903256415998,7.2961942358990575,9.868802304999784,10.0,9.704176469185125,5.774077365545661,4.9959498850603685,10.0,6.494386382953135,Tony Stark
7.250007016624619,9.632442555505364,6.4717995248264755,8.554865758764153,9.924468885261152,6.9645602065274845,6.217231859297058,7.967017673354217,5.317874847563602,10.0,Natasha Romanoff
7.6654661688799015,8.897934951663547,9.259123834197641,8.28568803633967,6.274299948274915,9.158200086521322,6.5496410675501835,7.015431821782675,7.607012933686606,6.770524378841486,Thor
6.689674695553103,7.2022743357532715,7.099349400835863,7.717003497551659,9.39774845859172,7.903035611449886,6.527098292654202,6.738308718967979,9.107778577576081,6.020554535256543,Shuri
10.0,7.362667505594656,10.0,7.296205830085145,6.955333664649137,5.879450603273276,5.278156223848873,10.0,7.780402625848294,7.1737071035126,Peter Parker
10.0,9.56035104809793,9.663717710966685,8.796573850545094,7.82363823060109,7.751378923443242,4.310902825398775,9.503711500526594,4.235243895675255,7.691254778511716,Steve Rogers
9.740698704423307,6.946078483765041,8.189748435230936,6.039671141267521,8.912926206947642,10.0,4.64266013952054,7.454867959137008,5.627491463855656,4.9426710981855715,Shuri
8.3799875090748,9.5840093555027,9.78857689272599,9.643820339320783,9.71292374533054,8.293961042489759,6.366542614820646,10.0,5.662753826743906,9.993658734656268,Natasha Romanoff
7.992071150631426,6.889055861067354,6.1076986983539765,7.400898825907245,7.2868838432105125,6.994420372709022,5.568429835410767,6.760140524034479,2.4019120494272665,8.69236664230525,Wanda Maximoff
6.762399753178361,5.313572018045779,7.147818704330467,7.192931408083201,8.040157016675467,8.039154274451446,6.642057250144564,8.03810113703123,4.887703097832188,9.677086438837662,Wanda Maximoff
8.921207067397056,9.811681001545379,6.53131913768858,10.0,8.220499138427234,10.0,7.250313188601419,8.025087886420064,10.0,5.727463589869473,Tony Stark
7.394122503916241,5.290796169669417,6.954660431882658,6.664684734670961,10.0,9.074044233707879,5.3566861086888,5.9172088098593445,5.145411859695,4.717183400064333,Shuri
9.128049644661443,5.675059792153501,8.277330422971474,7.3330876107956,6.399515132432151,8.54183022395982,7.537201512509131,8.410611295652231,2.1797337641633465,7.168947734436818,Wanda Maximoff
4.986569286989131,4.32367907755277,4.483572417964251,5.652143697045849,10.0,7.1637507738786095,8.520590258472756,5.118659614311561,8.284224985748022,1.0,Loki
8.686440868588942,5.764054137921663,5.4767855107949,6.936372626381818,9.74885569348419,8.346179758557195,5.835968965817448,5.87091912389889,5.359758436564089,6.92178802046128,Shuri
6.306784492949442,9.33913067366202,7.753671179694027,9.837467423126888,9.773881273081066,8.548860054516576,8.040462625908788,6.184152913108088,9.41270436437659,6.544322919946772,Tony Stark
5.176796649023939,4.26736590372381,3.2396655316093774,6.905867024450348,10.0,9.116496974644853,9.578312370307042,3.386846871134159,6.837212410881778,3.2284113569303847,Loki
7.355637120018683,8.48836224299505,2.8248613737066086,8.711711358427618,10.0,9.947942791930503,8.557002569757676,5.598956128706657,8.000593732958153,3.1601326561692993,Loki
7.340238567050132,8.420883989695382,7.653308422586226,9.042762647915998,6.870259327295105,9.353026814521186,7.612380864263211,5.694722480529801,9.095118098653145,8.58831198263009,Thor
7.349085260752146,6.911835034088231,8.19433030546143,9.62377825089718,8.053560211066479,8.44218809796562,8.804990848164044,7.8990940461504024,7.558730772584212,6.79583491191307,Thor
6.950367147066277,8.55306825621214,6.619466546429166,9.487938839539998,9.115442547818073,7.598855092631023,8.596293909033072,5.999296128596302,10.0,7.20091788449308,Tony Stark
10.0,9.55844538521549,9.473558771678556,7.148330212154995,8.234059191229262,4.291608718362313,3.2112980035848366,10.0,5.4732991547975445,7.444089671243974,Steve Rogers
8.744429134272814,5.233308423200162,10.0,5.667657816598103,7.222562417142108,3.693535756239023,3.5783309069704896,9.579427485439554,4.868346483898376,9.108182017929655,Bucky Barnes
10.0,8.841621119442756,5.651574377533281,6.35151414798827,7.6075620819952166,5.327816491690749,6.142283584143445,6.50952036713541,10.0,7.4473943204401465,Shuri
6.364863161118327,4.584845713838098,4.27702368481164,7.545656245048345,9.876706195080798,10.0,10.0,5.748054562979568,8.531987812960335,2.862479011555257,Loki
6.7835153330347095,7.622981252140936,8.186905034151224,8.458621498714557,10.0,7.197324701902297,4.915080208381085,9.021519314261468,9.175301392334198,5.011581690303209,Shuri
7.814839634897387,6.308794795089789,5.920243812476773,6.976536837647266,10.0,6.295506963013728,5.937602892119941,5.857660118002746,7.486972237073221,6.328461704953405,Shuri
7.338188853812823,7.4050702099087085,8.493634137152744,5.275633474221634,5.5910573722077235,5.974779973234573,3.0820133242716694,8.776309402894316,2.7261596183100294,5.677701405122717,Bucky Barnes
6.563087550288839,5.234592638370378,4.897820156842605,9.8965814775713,9.96552835799585,10.0,9.663857447673344,4.145546163229416,8.937894486646162,5.2999226124898176,Loki
6.66270108104864,6.054820045376181,10.0,6.16311087466757,5.523411930410106,5.711370121001337,3.528686063488136,6.230491856797544,4.380571354951073,9.691373587208474,Bucky Barnes
4.602747280868964,8.272233229483357,7.529860992062501,8.20126367768853,9.615272726712165,8.012950309640784,6.444307328556468,5.45233493400797,4.582373652171182,6.125204084550729,Doctor Strange
8.915507246953615,5.778024912747839,10.0,5.46710145087841,7.723197823480226,4.152481926849399,6.302578851724672,9.294585906193046,7.291228806148049,10.0,Peter Parker
5.793604047209535,7.093467419330309,9.660587165543955,8.973266650969517,10.0,8.871341027391217,9.164466266092806,6.481188707632329,9.804202627927387,5.9490468423307075,Tony Stark
8.5804685589608,6.2701216243439735,5.675918750713935,7.775328581544242,10.0,7.56922372223972,6.623518197976616,7.829565187639704,7.82532227100434,5.779278836060385,Shuri
9.697646264937067,9.798595603179537,8.671064112305721,6.8249056984687995,5.780954610309206,5.607694137595479,5.0084747881851275,10.0,5.464709550691079,10.0,Steve Rogers
5.563701788852594,7.441503242326412,8.202614760698552,9.519582462416396,5.82285238057021,7.542804101190587,9.0557135746456,7.356507407957197,8.191229222560676,8.047153620852798,Thor
9.215061978198035,7.128208975819205,7.325022185191814,6.4975041713946045,10.0,9.613200857319857,5.490601696911236,8.951289713618696,8.965034322285087,6.522338262301908,Shuri
6.887482026880674,7.613906266535119,7.283853325395701,8.099601966248732,10.0,9.23135424159059,6.692747015637244,6.635910137606194,8.915893455534238,5.871126211572075,Shuri
9.073043069745603,6.28789649695401,7.033231683236807,8.035872636349243,9.498263204335514,9.368005355311551,4.289047323248356,8.241744355452058,6.1988894456912185,8.835757368029416,Natasha Romanoff
4.171688062425277,5.117242115637223,4.593036799804274,7.963390238586703,9.49085760336965,8.896519875377916,10.0,3.4462269915751342,7.4099754833974805,1.0,Loki
5.734674688745729,8.867464382219332,5.5918991580309285,8.06914603253063,10.0,7.804612146651565,5.18375825337339,7.847611092863642,7.235053988915951,5.518501092057494,Doctor Strange
8.094660447585515,8.576063557874587,7.665491239976093,9.823400358771364,7.973490924812328,7.8358925779709825,10.0,6.235505239526103,9.955120049189638,8.611392920303812,Thor
5.704272531412929,7.894350148110658,7.843930824868623,7.023415824847599,10.0,8.521936784741953,8.414994366821169,6.30835393701343,10.0,6.688655476116925,Tony Stark
8.74497243237198,7.3551310111208865,9.562210869070988,6.833462293987802,5.59325479322769,6.845053905194993,8.793597013261717,8.610979391021951,4.893734707911092,6.069803019885311,Wanda Maximoff
9.265680311733805,6.687622659761329,9.941457576977,8.813446123344285,7.525398981546335,7.8952266264651225,5.426024985196771,8.204044273396699,3.8618236539893043,9.163978068145774,Natasha Romanoff
7.740182337082342,5.842117113789361,9.21195540369791,8.129080361317332,8.144095471556938,8.031480542202726,3.432821417186163,6.877281064010364,4.486919301195053,9.55468164246846,Bucky Barnes
7.446915346760508,6.909924793669846,8.024103309252146,6.2102354230003565,10.0,6.156440448109041,6.210203254933925,8.032196812547967,9.253356234713028,4.851338213248841,Shuri
5.984728901277691,7.331252535304758,6.06934790436376,8.027999591270945,10.0,6.98536259446794,5.872058803956852,7.155346589426905,4.293287295182179,3.2761469734567057,Doctor Strange
8.503338514071878,7.820316468619385,6.91757980215725,6.718229916353303,6.866655494934988,4.735163451706929,3.9502901040178506,5.716859325726494,4.326108146645866,9.607679335346841,Wanda Maximoff
7.264508283865992,8.182177998798796,9.010171267634773,8.406559624081487,9.437537907827194,8.502493600229892,5.118630932716615,9.961179365436717,6.528211020228104,10.0,Natasha Romanoff
4.976550050720462,4.97972596672432,4.337849459044241,7.708414739434291,9.698733445268175,8.359499726747705,10.0,4.3123502829084925,9.294626102362038,4.6704076818476565,Loki
10.0,10.0,10.0,6.071099490556937,6.848714480275031,5.4512513795393005,4.8952446746408445,9.882635216852043,6.348904724155261,10.0,Steve Rogers
4.043484944264972,5.215539246580203,4.000822760278758,7.208881693423844,9.30239125023321,10.0,10.0,1.9413843974391702,6.977288102624725,2.4199945163582592,Loki
9.00255434509543,7.017886483274437,8.704769235611419,8.029270503719795,10.0,6.826852910273913,6.329054733631158,5.706221087246842,9.751278674853944,5.220841483704269,Shuri
7.912147597482062,6.250742852146974,8.481644939341864,8.987478881104625,8.392906760754727,7.683464121728192,9.460004231658239,5.41613949608753,7.714988377629364,8.902077449761862,Thor
7.616627775459179,6.731740015988672,6.561636815499877,6.689177837556306,10.0,5.595636643051792,6.359926658164348,6.914086795524156,7.576427949876472,4.048083876870626,Shuri
7.584617554551039,4.156964839997415,9.741821339148352,6.643907708703163,8.875718305443696,5.770420498176263,6.374331904817498,8.722671635218203,8.61430036858059,7.405295056561917,Peter Parker
3.857452384283279,6.5482367819245475,1.9384727021765862,10.0,10.0,9.79890294706672,6.829197359458448,3.0093391583837246,9.736681401006317,8.189051746299501,Loki
10.0,1.9688047143488872,7.945567415950616,4.596548788500766,6.696719784335816,7.447374072444812,5.728530006669873,9.865621443336416,9.04903867598529,9.026633197263218,Peter Parker
10.0,4.86855666584341,4.850091283454607,8.242825709917156,9.960311042418121,8.99076174414159,4.627023887654882,8.067665936517471,8.571646851395206,5.320361445356209,Shuri
6.535484857082638,7.8869498162579825,10.0,6.548874301964515,9.812669619475354,9.447391536606393,2.043082225757175,8.512778154510606,6.754263296341369,8.665830998275183,Natasha Romanoff
6.56043635141231,7.864882958031387,5.984290217755933,7.015502431023557,10.0,8.146826624315459,5.855602024323767,7.883840350108162,8.836268091047481,6.6813563028177105,Shuri
10.0,6.156320238889864,10.0,6.295835653773284,8.106721941123906,6.269761802732335,6.846870432405829,10.0,8.891654165506209,7.882494418451888,Peter Parker
7.824247862915783,7.194082609869157,5.625169638070832,7.521820513016434,9.382899851257903,8.247754718155187,5.168378449997921,9.313119254169182,9.195144638148818,4.688264034645306,Shuri
9.338720496025259,8.033336241189863,9.457521150960728,10.0,8.651692719812868,8.024068067095671,3.870981685615047,9.110585694885096,5.299216377141705,10.0,Natasha Romanoff
6.931331417246353,9.415862275649486,8.580674761672546,8.222795438319285,8.609555697930162,10.0,8.635098881498832,6.244078789349716,9.727894133206679,5.5202488428653185,Tony Stark
8.370693576622582,7.997020362803587,8.554012057950576,6.834020917462433,9.003077294484521,7.319423887482203,4.828915138291664,10.0,6.215221519865711,9.666084009967541,Natasha Romanoff
5.154041537689432,5.772048800871512,5.589038812821125,8.006863009420444,8.431565652107285,8.677376408775595,6.3861464460792146,2.4863527060004467,8.794382460191247,2.690824450057921,Loki
8.860368642665456,7.344913990098186,4.247990934705134,8.497561076317421,10.0,8.204674813492918,6.285722420939155,8.628825475399115,9.825553504280933,6.313192729545741,Shuri
7.446762202513292,9.199432578305982,7.746178541164172,7.129365965257626,3.900720331263395,5.84160230959947,8.772463446942426,5.560619610783195,9.375107219798208,8.170718146864267,Thor
10.0,7.487814329575712,7.127217200717675,7.920461910955858,7.962527488619963,5.503736234630232,5.5450053695874875,7.670043989033213,4.079393970956253,7.104312385328058,Wanda Maximoff
10.0,8.054940373963964,9.039775930035018,7.037621190762359,8.426715130918026,7.963443265077627,8.010030016014936,6.287145822734543,3.9503982021417494,9.717087541220112,Wanda Maximoff
5.958886808647091,7.954426583809795,6.227434695429421,7.256823303202765,9.464814716964163,8.555969336377736,5.595877874251396,6.611554711809912,3.19896901370491,5.1220613599118145,Doctor Strange
7.579212257540859,6.086605928429117,7.286852144329508,10.0,9.46798306463283,10.0,6.244663627386563,6.413800193745245,9.621725300661941,5.3965123015941945,Tony Stark
7.233290548558595,5.575202964497718,7.42995032704371,7.442276373910185,7.788856216509545,7.182397320947138,8.281486057400326,8.787225009761881,8.567920628806494,5.169683428458737,Shuri
8.774695421497034,6.133091647857406,9.76840919298171,5.497698921799688,7.46777827992531,7.098708548097791,2.2645874069552927,8.603762760863834,4.1200692106078565,7.107613023504574,Bucky Barnes
8.435320530644985,8.67774410715532,7.305852406859187,10.0,8.781289954107278,10.0,6.918321459872708,3.9725935914622386,10.0,6.7890479100839345,Tony Stark
8.484542990901401,8.253468810315459,6.374548653253875,10.0,8.340102953344608,9.998259185695813,9.232670396200959,5.302785817513221,10.0,6.846751710865378,Tony Stark
10.0,5.19227329886216,9.168479972282631,6.157620389288381,6.901821219782275,7.262911724705927,5.880482441811967,8.689972648407966,6.292034940018782,9.158897196705599,Peter Parker
10.0,5.839450976373706,10.0,6.021377850516712,6.830578591564652,4.936266025903005,7.365232911043023,10.0,8.16696114319766,6.931446106240099,Peter Parker
7.638676952198039,8.221697379575561,7.856184055391498,8.084542232209758,6.841434757778147,7.338101204290243,4.85583264741801,9.187044113566305,7.388863180482952,7.795478669061148,Natasha Romanoff
10.0,10.0,8.703757619176603,7.60329437431972,6.2405886988057295,2.938667085801002,3.640661084930205,10.0,5.57592751264808,10.0,Steve Rogers
8.466800441519462,5.464413226460569,8.671021820747335,10.0,5.8466547236065995,7.851093707854586,8.929508750124604,9.056665835247452,10.0,5.305491401770562,Thor
6.964198843872481,8.763493469858536,10.0,7.19582287296891,8.067808024356257,7.641015576534457,5.405916294777584,6.23690465754881,6.689252488572895,7.239516572817841,Natasha Romanoff
3.6579603147195416,8.69442337757185,5.213312381407163,6.653311303383189,10.0,8.819039520301052,4.420544927960197,9.418682648761944,3.986642169503251,4.891652009579875,Doctor Strange
4.084147042074229,7.609943981490157,7.085129464455768,7.869893184098584,9.617832022334893,10.0,4.66249476646056,8.541443387480392,7.276562169842737,4.718541922978797,Doctor Strange
7.469620737447173,9.42294724634882,10.0,7.743690572721002,6.094282714765115,5.202077982974442,6.748559816852915,9.978002588430453,4.133516317321943,9.7827970132973,Steve Rogers
7.281231145271027,7.261856316851148,5.649135810733919,9.520769323498264,10.0,9.411302234763657,9.67482899309576,4.920019303929118,7.0730024918420025,3.9149484116401374,Loki
5.409832428038154,8.147087030879273,6.505476774978138,9.505048822303507,10.0,8.406912838003914,4.736200007731302,7.368108601008252,5.853286524052702,4.894603444982282,Doctor Strange
9.54704751202547,7.732361222028444,10.0,6.255679130166813,8.848766565513644,8.637170029596543,4.891068923123766,6.521242247098759,3.0164958664456067,10.0,Natasha Romanoff
7.076832210889578,7.689730102859265,7.8659918796133645,6.721318954651106,7.69954530788058,6.170889546618167,6.941478016424643,5.24294237259545,1.9148810629102133,8.124464523386816,Wanda Maximoff
5.836087015573931,8.035781292891635,7.014520352335524,8.37980709087839,10.0,8.080586539496158,6.465676290796713,6.765586481945623,9.947632784085847,5.530732071519369,Shuri
7.679693759168505,10.0,9.827647263822204,7.093658848207783,8.299067012042576,3.515846113672157,3.7047746222091877,10.0,4.119800078031855,10.0,Steve Rogers
6.033330693195349,6.7465703885299355,6.635772237410146,7.75308107606193,9.972886091883575,10.0,7.0863364222058856,8.158456137197406,9.400653909296947,5.480717340225149,Doctor Strange
10.0,5.226351065593706,9.22999044721893,10.0,8.468208900933929,4.639489436300203,5.34578531612345,6.424450753135542,9.335867691230872,9.983256692218516,Peter Parker
8.899772536146404,6.7327805493189725,8.175563109166552,3.9851152153433556,7.350539876969804,6.9005474788560175,7.180638864269377,7.4308430254517175,3.945654530500621,6.503722637557117,Wanda Maximoff
8.958906040021947,9.020052381568894,7.761703163010051,8.560938851457198,7.416641586947762,10.0,7.063255273856543,6.670779155690032,9.438666345568372,8.608248747185764,Thor
8.500687993075724,7.30778236529348,7.442181553729792,5.170360380692701,9.399934393535577,7.633164445141832,6.060632553755531,6.17529622757875,6.840261019594917,5.454401934892581,Shuri
8.012858409171844,9.080731494409571,7.875193282660704,10.0,5.804326777856131,7.7028954519934,7.786209847977835,5.3541982141774875,7.704091441551643,7.336666387826133,Thor
7.898497762376207,5.632520523545704,4.343273121784041,7.850561778041408,10.0,10.0,6.465999717193845,5.468845511841809,3.350018376126582,5.048562106988148,Doctor Strange
9.651125258302233,5.1683073912561985,9.203480409370714,6.639488684095063,10.0,7.07808090348896,3.98645071896819,6.358817287394324,7.586304062868669,6.655116440713998,Shuri
8.121495940354768,8.112722074807865,8.300707719214117,9.61454626691657,8.499060521884925,5.632874069851204,4.7199293568689535,8.600341685307132,6.427451440076307,9.417778233924933,Natasha Romanoff
6.144304969775249,7.146135248018531,8.921696939872252,10.0,8.30996908873553,9.806083586024258,9.691341971927574,7.8327535245321025,8.97900852591218,5.946957737401115,Tony Stark
9.383033507460647,7.660474196858708,8.862192766279382,9.341716025163286,8.10397353043255,6.164246935597423,3.2638925364218303,8.727225554262027,6.323915117288493,8.134291858400838,Natasha Romanoff
9.74248506827896,4.583244624958937,8.074997362533484,7.355512106228296,4.4112206140017385,4.887193018138014,7.434178028426701,8.945949594265562,6.262143675072306,8.825868622305322,Peter Parker
7.259318703291298,7.551810433269812,6.969602051269309,8.607217218610536,10.0,8.930765104944728,3.8376258715074014,6.915425407975941,6.110563435578389,5.647742802998118,Doctor Strange
8.409446852716203,7.326457628598789,7.117411577647091,8.182346360893277,7.537568925841069,7.429409275071263,6.201475973791217,5.961165419189689,5.420071532834582,9.162442445834442,Wanda Maximoff
8.818284822079278,5.414147062428365,8.832850650749013,6.663257512232253,7.7937372077004685,7.025940924825643,4.450761250071761,8.451978050474517,3.8847168074935854,7.243452992004485,Bucky Barnes
10.0,7.41312804346518,9.024457570389764,7.894071733556419,3.4046994948040488,5.904163992973815,5.652406913898309,5.963353882303923,5.8432326341566165,8.53149306834676,Wanda Maximoff
9.354663475759217,6.80325909240701,8.03009675810489,7.2730260330886525,5.7734752171181505,9.046153482030157,7.456301876079819,6.688706617570246,7.587755752129935,7.189551982968843,Thor
5.864117539427794,9.704026548876769,5.276601312613874,10.0,9.206044434108446,9.300074021146141,6.71400812896237,6.635305118308196,7.727954015563795,5.681514729222506,Doctor Strange
9.449340396772959,4.108687093515805,9.520006309567192,6.484383947073116,8.091770008136134,8.866229241542595,2.982962860455749,8.650968464856387,2.291790768989374,6.277606311909221,Bucky Barnes
8.788385561433685,6.421238017147802,7.657505103638705,6.132568374645479,9.21218078921443,8.968881686356248,6.538159291939857,7.710069579079201,7.56541730650513,6.218465936632659,Shuri
9.567333192924798,8.046732610526016,5.380211304633923,5.8470165092691655,7.453456032549883,3.594423370214055,4.792336042643383,6.661922824507173,4.614430323868678,9.672229633626397,Wanda Maximoff
8.32335705570544,10.0,9.214600018264484,6.652041949623627,7.551698365662437,4.564034148498372,4.2825744863775315,10.0,4.785176501266253,10.0,Steve Rogers
9.401485427778049,5.984137452372044,8.884005242837105,7.22937290575742,3.763489263801274,6.477515675880735,6.637835839462013,8.770897052738507,4.494009811269814,9.94519730469127,Wanda Maximoff
7.155299481711211,5.3640572300494735,8.241629538662778,8.93432119655271,9.100270049611204,7.828956909152658,3.94019991152784,5.5552177176043305,7.7810570260184875,8.740131572735491,Natasha Romanoff
8.20370071656181,7.094236185602845,5.932800971765735,10.0,10.0,10.0,6.392008331145378,4.299677042138342,8.216079497267199,3.790472358825774,Tony Stark
10.0,7.524949028120975,7.215266040025261,8.031622358207647,7.877745318710031,9.080648999592412,3.8880690257674493,8.338417137668948,4.566176203909426,10.0,Natasha Romanoff
9.385047426749562,8.939596576193647,6.968879877491693,10.0,6.42437185305034,8.504757369386475,9.49925380972456,4.808462741503494,5.833865178927268,8.645113574434154,Wanda Maximoff
9.926735040387912,5.439348258928486,6.897692538866753,6.863286865498637,9.30594303444887,2.8599457578128162,5.969922757924916,9.929827318237907,8.3596693397054,7.796593803257586,Peter Parker
7.65541515421165,7.196728521849003,9.291370923364104,5.741581391637636,8.715249751394168,4.521962798984868,2.3802248372987007,4.879250256171186,5.51038813113758,7.879092319283692,Bucky Barnes
6.11634085137103,6.1891596847816475,7.1169569011352705,8.965273421155587,6.590635597589911,7.2364557422202545,4.090136658016118,6.288278052378878,9.23216886930344,5.335143008821307,Shuri
8.478961278320241,10.0,8.982904585364475,10.0,5.236740754625463,7.344771367181247,7.705775008983762,6.820534191702295,7.739968802746387,9.582417033196023,Thor
8.36109547919886,9.232797853772407,10.0,8.771198971582544,10.0,6.6469791394040225,4.804527027776989,6.9339413593740655,3.879900586209522,8.173448601802221,Natasha Romanoff
7.783286814123683,7.132333824354475,10.0,5.439670185977206,5.395721904800019,5.560227088678796,5.814583803155102,8.189671764897765,1.832723586275531,9.042450659725713,Bucky Barnes
7.819522576464228,6.6442367219547025,8.765641337451257,10.0,9.362356844898,10.0,7.738709679965725,6.848154939250035,9.536527288172422,6.2944623382998675,Tony Stark
4.421648389519287,8.11613755640964,3.6664459098771576,7.790531452819732,10.0,8.7033524111668,9.500191204858385,4.350768596189667,8.153235706999054,6.458082605523698,Loki
6.984498551804329,5.246438271862963,8.452656219928372,7.623428973985959,4.658749807377057,6.284357228532003,8.971693828422328,7.889329564459434,10.0,7.142866723658783,Thor
5.291810407216115,7.862578779477136,6.462726252194648,6.973307105976431,9.36213156522529,9.594810713838015,5.31419378598866,8.216731644987947,4.76730300267171,3.7630945294855396,Doctor Strange
8.930014263539697,7.562314647706873,6.564209986212339,7.703189827384183,6.098889553989966,5.142745366376055,8.106550059447187,5.756214423630537,5.104303001263082,9.12670840588613,Wanda Maximoff
6.705207195232274,7.616628390217579,7.130862537360158,10.0,7.324554739973495,10.0,5.633536048452369,6.27159144778578,10.0,6.610835655584134,Tony Stark
6.847460694212299,10.0,6.497315591258434,7.279150451707191,10.0,10.0,6.820425329786198,8.182117011324987,4.0080294376272265,5.483598248696719,Doctor Strange
6.067354396321592,9.087094695868114,8.472731066021481,10.0,8.055975725728725,6.57558359713815,5.791297627337432,7.777033722602761,9.49843132585022,5.06159422716861,Tony Stark
7.013544125909493,9.1268083754192,7.223254035344958,7.9128532970938705,5.322010613164638,9.34355021962826,7.834004433824176,6.131858121162785,10.0,10.0,Thor
9.316505637869188,10.0,10.0,9.79853958301803,8.787234315588023,4.615590294103731,3.6024657077411635,10.0,3.9524760244678934,10.0,Steve Rogers
6.944454790369557,9.613204702901468,7.513728221126094,10.0,7.873878755869281,10.0,8.910892792592932,5.279190884707884,10.0,6.707734698218541,Tony Stark
7.018350174862139,7.012517057665496,7.1624123177075925,9.912751517797327,7.333157101582248,8.160234560844767,8.706441723512212,2.747639606185389,10.0,5.402396177807719,Tony Stark
8.297943866598215,7.58275076835996,9.047736381781709,7.415493414089116,5.053356693157722,5.015447239386386,5.269566647090096,9.24774051247314,10.0,8.115907756529941,Thor
6.7731794297325925,8.448246907481028,4.402704591192548,6.62709297137038,10.0,9.638556267211863,4.615995194233966,7.490740798706221,4.10590815038242,5.780486571629737,Doctor Strange
9.57707313743578,5.255965412081913,7.514567404852983,7.648980726482653,7.744079389302163,3.667941581929391,4.8409329442453,10.0,6.793785427390416,9.223327478370985,Peter Parker
7.221529304222752,7.64362024664218,9.863960669072359,8.50512843695469,10.0,7.5198959954965074,6.885450960355916,8.841048140745901,6.1402933523024466,9.754183230472462,Natasha Romanoff
7.660509637752769,9.926975155177058,9.584095335631435,6.388937462651086,10.0,6.885607274590901,5.92919911007269,8.691456434494881,6.770388082814193,10.0,Natasha Romanoff
7.832227618479578,6.491275655850352,8.075276200350272,6.657247752226275,10.0,7.256566839496821,5.4067650823225115,8.987695583869625,8.125679654352474,6.135507571399455,Shuri
7.373316657498798,8.384771087703374,9.244160206290754,7.539371945797234,7.898379936200546,7.465837391596299,7.342027228372183,9.390559829082722,7.2754859141024735,8.016920366531481,Natasha Romanoff
7.06721461377353,8.286382604027544,6.653969895449522,8.576377140814289,8.587133314283788,7.558346528014432,6.130346692339425,9.013327000369493,9.429533456507642,5.327103385110876,Shuri
5.475086118849008,5.299822943515155,5.666395361156519,8.72510520946068,8.884721305847494,10.0,9.121736593962721,2.632371196437517,6.962182346565907,4.859729496456681,Loki
7.67785429826543,5.052718755750053,9.459576241596594,5.150835344051391,6.595790904408734,7.7979154302663165,5.330721555788122,7.436143870213424,7.91941393574246,9.577627071898133,Natasha Romanoff
9.973894527651733,6.409776098555629,10.0,7.973531122225566,6.266699622102266,7.343573129988992,3.4688154448142217,6.1472951985298785,4.4447010858985685,6.68481297743942,Bucky Barnes
7.993443846862315,8.632573775616294,9.052698196970667,5.302821392861996,8.749766602827279,9.249443841010667,4.043491720914287,9.151183053839429,6.229511455487931,8.760636836432239,Natasha Romanoff
9.069787247632487,6.913530114086685,7.674359807250352,10.0,7.858958991822739,7.036417284880778,7.395514613221054,9.72671974234817,9.120326562211215,10.0,Thor
8.551298879141926,7.53685386328852,7.79911606315553,10.0,7.806871798423202,6.587372500331911,4.766284120599329,7.039301707372373,6.0079758212431855,9.194249120814238,Natasha Romanoff
7.70135621634801,7.837546423157564,2.2836907971459732,9.118351260888716,9.42612600095114,8.657250059813208,6.419904340300627,5.219115108656579,6.0933169685983115,5.668121243606896,Doctor Strange
10.0,8.091156114646417,6.747115291686752,8.60653506260251,4.003215473541797,6.732300384824734,9.700424673808067,6.821896969516744,10.0,7.88081520187993,Thor
8.099247468578536,8.972239919286185,7.08253837195152,10.0,9.584386677815058,8.925884421395953,8.460938480103124,4.801396748963752,10.0,5.937592611267184,Tony Stark
6.942223850660892,9.62947275450363,6.216945682097546,10.0,8.348786680113886,9.856009400558719,4.72472330192125,8.323177385579687,6.766076069676284,7.251694770953411,Doctor Strange
10.0,7.300661571063872,7.441238175110182,7.472494516300259,4.640184953166344,8.504402934317403,6.609585106523306,7.925355417066144,8.171292441287807,6.483707742689191,Thor
7.932902368453726,9.078670757481415,9.870269439787805,7.277923982041646,10.0,7.9695208096325585,5.295469150444744,8.689185734107665,6.432340459516191,10.0,Natasha Romanoff
8.709663394182716,5.691164962714264,9.874005864438786,6.27029746847397,7.759914550222881,2.0400984764235015,5.518040997530938,10.0,7.78628588870883,7.963570454792292,Peter Parker
8.162748429582146,6.417042021349462,7.928391759677487,7.385163243822237,10.0,6.722006961494648,7.222020577495275,7.9942116550022515,9.356087714401081,7.210316650582199,Shuri
7.991216804416896,6.386377304339608,7.757386028807602,6.975252273956602,8.057883073027686,6.555918114570901,4.546259538314548,5.854313169537494,4.225059894964167,7.833593423822917,Bucky Barnes
6.677974506718039,9.713198151755872,6.948698381955396,10.0,6.611651628432876,7.269323583961223,6.214817463229309,8.000427361347842,4.354403995297699,9.533035192657495,Natasha Romanoff
8.350761412070598,7.58782225741818,5.160778639499392,7.691437026659999,6.404515721961909,5.862868460380594,8.832153673783125,5.423103530488847,4.340899098254788,9.992401973758058,Wanda Maximoff
4.23110811384333,6.657773309940405,2.652964803625527,8.12118572615466,8.154462752611444,8.707639759870045,7.566195119751587,3.9025243726319663,7.373650662990585,1.5120423297030001,Loki
9.07087154625584,8.287510719707099,6.5276706645687135,6.188831054537999,7.5046787050657855,6.756373205241169,6.077688864710458,7.123254695375896,6.57387392227367,6.063026949442275,Shuri
7.463315218408838,6.725352378604196,7.685546256826951,8.331799100963572,10.0,8.515477865025609,4.5315403383905215,7.76403643109177,5.960874585310253,10.0,Natasha Romanoff
10.0,5.346430482634509,7.483462104507194,6.581025288021985,8.116946276697902,4.77652905289239,7.954287009470751,7.724562289711753,5.016684293683496,9.994028808556372,Wanda Maximoff
8.423702374051393,7.552432150986643,7.432802831546567,7.329922806180743,6.097050720658962,7.7734707015101145,7.597939564197544,7.248463346860898,9.935002828419872,8.876956839925585,Thor
7.7042430944395885,8.257070800743623,9.150518122925764,7.577170019655983,6.499538357700089,8.01798711644029,8.434386637416356,6.350285061558,10.0,7.8706141894628425,Thor
10.0,6.521126548854799,9.321077553633906,5.498087134628838,6.683419593109132,5.512303722832835,7.9733897141325,9.660092812201627,8.688550250560137,10.0,Peter Parker
10.0,10.0,10.0,7.04914133253037,7.971009623581433,2.798388244196819,5.078859397556694,10.0,5.783887000186457,10.0,Steve Rogers
7.730716808143177,7.172845502264819,7.573107732023249,10.0,6.827681601863254,7.299624028877313,7.914565264547546,6.964608330434666,8.040055707824811,7.038587227820182,Thor
10.0,5.389588219910819,8.824961692557789,7.5105271077982145,6.439205558929546,6.914112722395742,4.614092332134638,10.0,8.919308517006321,8.608191263173621,Peter Parker
9.70967030245142,6.591944246175293,10.0,6.926344221672174,6.829510278481696,4.215828223603185,3.0499518516712127,10.0,7.112663340683217,7.655814220478965,Peter Parker
6.692272225336764,5.893921455613594,9.039789315120474,8.31652697216972,6.412984694569977,9.549633633836404,6.363844403933143,6.943578274358944,8.786632317226413,8.47467859453495,Thor
8.048329258122159,5.856564072887214,10.0,5.274647007307566,7.341216555155322,5.9807890167292435,3.704082788973318,9.661773624829726,10.0,9.689926272196717,Peter Parker
7.854636893740887,8.4575325239301,9.490264586659768,6.943054184883092,8.882441610562914,8.927416158112807,6.160720145703869,9.623127070242845,6.4192950834784925,9.444732139055551,Natasha Romanoff
6.680093697091931,4.972741375106747,1.438698587262254,9.01290752096065,9.32864235047689,6.801824253017502,8.801859511791907,5.538197469914627,6.4209342277341275,5.9199949424340845,Loki
8.03299028006372,5.594069571193626,8.685367927053953,4.151162727566888,6.908140908784145,8.936587708291846,2.9337025003582196,9.121794009691758,1.0,6.997068505725064,Bucky Barnes
4.593692448430769,7.030265444541946,7.6229927241186655,6.709337017495603,7.943735834963303,8.40017309944536,5.112769187584596,8.069868740564512,3.5244043610544376,7.907013337496756,Bucky Barnes
8.914231823933063,6.851982336299284,8.742251222302993,6.395420547327628,6.006551485371274,4.698253174416648,8.338299071057403,9.920857787371762,6.5694955798207015,10.0,Peter Parker
9.772936089220536,7.3378046587964025,10.0,7.224566439633991,6.991784690035799,5.319826707112585,5.177597748770886,10.0,8.551470511351411,8.474412239946636,Peter Parker
10.0,4.76639754848746,9.6686151397536,8.195809237306516,7.020724606509322,4.626790984598662,6.16627865065958,9.479224541844857,9.504886577570788,10.0,Peter Parker
6.092242265600926,7.647835644983143,6.958327038094289,8.324191293069962,9.787549998639946,7.232491179323248,7.19238537164947,7.55003288954923,5.242172438565183,6.474065917660064,Doctor Strange
8.467442377642996,5.915611198768678,10.0,5.933863996342334,6.840681272702792,3.359710475509311,4.175965285119989,9.015934588321374,7.4375212354635245,8.493021198836063,Peter Parker
10.0,6.442597296954162,8.109438307112764,6.6330481087928375,8.628156989062727,8.624832404343595,5.507582799798281,4.4611239467445944,4.711414461273777,10.0,Wanda Maximoff
7.759977800824272,7.51470963439683,8.860978595334164,8.261595875973908,8.344935966102042,8.632413909559128,3.7971717827388796,7.622717277688517,3.231629680894059,10.0,Natasha Romanoff
8.32575037881895,5.520364197495076,7.420323414348454,7.366439931455843,8.934340789096034,7.382636500327365,4.661852585767028,7.117266004843053,4.188250197739217,8.331561528260377,Natasha Romanoff
10.0,6.422589658409091,6.955040807869553,7.819998318952627,7.35912105510321,4.920112471698558,6.451114828823846,9.488477866094687,7.260121870145658,8.697643085451112,Peter Parker
8.65420606990287,7.395709003470767,6.951837320249124,5.668201584710439,10.0,5.728719878064133,7.1643766521196035,8.246243797558222,8.580245635107607,2.7288667832560485,Shuri
7.00948564447496,8.33443309315704,5.932598431691909,4.788838644918332,8.597503209715688,9.806644524128025,7.563087734762428,5.4909553963088715,9.017161997900722,3.5225838454918317,Shuri
6.433824853619959,10.0,8.909345510265323,8.5147990923824,8.059062387197706,9.42776443692706,4.842966913186663,7.5073521127510325,5.280606223405533,8.664384967763507,Natasha Romanoff
4.317259436065976,6.618051936516096,4.624000823923212,6.980460707941811,8.038201382432177,6.471530473281805,9.087319362640189,4.372549643583648,6.522773027934482,4.307540415689203,Loki
6.215207958858356,10.0,7.972158401706918,9.396897723128623,5.506194856837162,5.916158859345837,7.825487626917775,7.418431133615991,9.845281808003243,7.752458501951374,Thor
8.647149830728779,7.698966173331566,9.835257413873679,6.203068591598661,7.649153672472937,9.393798356915982,3.478987033651221,5.682641369189763,2.629373786693411,6.722345615284705,Bucky Barnes
6.636539559152049,7.302658194912162,9.346023692115288,7.73579626142111,8.992511429733055,8.415902635289962,4.382888036001803,9.1051831685193,5.618150320952994,8.878055673059285,Natasha Romanoff
6.398390345058676,6.165731712560589,7.4847363312311845,7.7192823361728795,7.25830761557524,6.199919963791209,2.4523232746250154,8.48643711691281,5.6974193776280195,7.035620113497677,Bucky Barnes
7.800748567709525,7.5890996993927935,6.158936127719511,7.377324315528749,10.0,9.205070162945072,6.1024827418929934,8.292678260851472,7.327421327489799,5.36262949095792,Shuri
7.417945654230051,7.090039748075569,8.61561242709466,6.457624551362112,5.796863115742729,8.712890811631901,3.596929170437178,9.3599739633312,3.120221028406962,7.0541118842140875,Bucky Barnes
9.317803670347724,4.819258960218024,7.573347859763546,6.864782472816625,6.559927213085204,6.626024027623646,7.900095707599415,6.033167758975887,2.987753746878349,8.955038057934354,Wanda Maximoff
6.584992971567194,9.563706396356416,10.0,5.515779373783127,10.0,7.738780253333733,5.237483850033929,9.422778825065784,8.065673483286318,10.0,Natasha Romanoff
5.5925429132179,3.254205561876206,4.869195876222234,7.87423279666859,9.588714128995834,8.863656313780972,6.987459007573648,4.2402136433272535,6.294510782863362,2.6427003630542107,Loki
8.614037592536341,4.15344465702616,10.0,6.08539926806989,6.649304910615582,9.66456553011245,5.337383849512633,6.70019765182143,3.863260281679969,10.0,Bucky Barnes
2.7893851680511847,6.61836641693157,5.6093278298105895,8.720592674788596,9.154933996494707,8.006995753249386,9.374815430217598,3.8083703558272752,8.553801467819884,3.7521517157570434,Loki
8.609880849942135,10.0,8.345718216545995,7.006195871261338,7.295338463236267,6.444688796873023,2.0184317217402934,10.0,3.643455886072321,10.0,Steve Rogers
7.643436959252614,8.328708928458955,10.0,7.371544787423695,9.809943936663295,6.899445521240061,2.4165848529019387,8.259323425462636,6.463006779336779,8.862435913196895,Natasha Romanoff
6.615620540708737,7.925096391053638,9.047782475470173,8.08738646070777,8.359984281226657,7.419822684010732,6.13561263886856,7.278546030231894,10.0,5.397154461547648,Shuri
8.437372230233606,8.425021234131584,5.800620763250201,5.978722690666901,10.0,9.765489969020525,5.259371867507333,6.4559954301838545,7.60408983439392,4.733346240459181,Shuri
10.0,4.894483380097353,7.159811391587399,6.3563135247594635,6.915190704645419,8.857735461554222,3.5243496561470407,7.537554604122892,4.419035290245203,8.249397401526727,Bucky Barnes
9.55417687871701,7.0088072168369475,8.487827150676903,7.70053513568144,9.444566741595189,7.758177046298023,3.3537863793998266,9.452599672488454,5.494501689018606,10.0,Natasha Romanoff
9.077668225051902,8.386484469668792,8.44949556785461,7.850370095099756,5.299688723866847,5.285015644662507,4.254859617758873,6.821889938442552,1.2947256989459102,10.0,Wanda Maximoff
4.845670740743227,8.56471075117623,7.596911671583494,8.546964024825087,8.109872447651327,10.0,7.394962335534155,8.803650390503732,9.997600183529567,6.510045221101583,Tony Stark
3.5694952349376354,7.2959942906252575,3.30749881764544,4.9829845893649125,10.0,7.997380846171742,8.692033695314962,6.051133131867894,7.82282238226545,2.7958292472476707,Loki
6.505115517350259,10.0,6.53505546171759,8.172498681316767,6.9891892174847,2.0625359809442294,4.557672284049733,10.0,5.454858754776966,10.0,Steve Rogers
8.246663223421086,8.118759541375294,6.838835223823038,7.685168909068066,10.0,8.013119196995037,6.169953945871356,9.686422639995289,6.794686779507963,6.96630601536374,Shuri
8.226256920913558,9.870610184597975,7.0640841077302445,10.0,5.184799953453818,8.281660839361503,8.27085353582427,7.826864667405216,9.31342577488916,7.076019327722729,Thor
9.999242562781427,6.025869980307951,6.997055916323545,9.866881654157329,6.675603928546172,5.0820153465214855,5.217203208233197,9.666238076135206,7.552652360944739,8.996336967718424,Peter Parker
8.864000422593282,7.33920285609017,7.671516875297797,8.070720815041216,6.565845157475541,5.283816910193623,9.26667728233749,7.036728371267115,3.1553805487255744,7.137141762610127,Wanda Maximoff
3.0411794378970236,5.301391096397943,6.443113639951809,10.0,9.435953839686821,8.15725122725252,6.949547449300275,4.097538406900106,8.20251593998515,3.9869453177461405,Loki
5.19124427948123,10.0,7.341078147532216,10.0,8.613722043504689,9.783911146945705,9.205688352799166,5.959578601630981,10.0,5.75499462769373,Tony Stark
9.403854072422376,9.60484391003939,8.622972713032173,7.8322913722583944,7.015642199276913,6.110446906043313,4.987594436840289,8.222797413691106,3.207222240677996,9.05557410157434,Steve Rogers
8.906257308299438,6.728965706752049,7.124158700748218,6.387975500913972,10.0,9.4240427328935,5.614572819451311,10.0,7.041902752833701,7.258996142350322,Shuri
6.264519623762679,6.482747892385984,8.011514615790112,10.0,5.2473223992004625,7.404133243794454,7.729977555863328,7.716035154234568,8.402968370806782,7.333228802604373,Thor
7.045368601821064,10.0,10.0,9.125990948035396,6.1645770395566215,5.370125737029088,4.390890724093502,9.682703048593083,5.930416985937095,10.0,Steve Rogers
8.374885154556226,6.44637109639948,10.0,6.261245720922538,10.0,9.033069729194558,5.2253574946948245,8.206715415801694,7.373943185297056,6.342526009933363,Shuri
6.311088925838561,5.2463425818680225,8.962170436730744,4.166247533176067,10.0,9.133747768127082,7.234330792612193,8.34654002163585,9.649887119692155,8.229249663651478,Shuri
4.5725351282998234,4.9172669835850105,3.26410236730879,7.481482723292464,10.0,9.199889049146893,10.0,4.61777514909812,7.613461595061895,2.5120534959884284,Loki
7.593395331212216,5.743261945828134,8.508922230862266,6.3318588691454165,6.430246992001864,7.544874455129812,4.502376958340817,8.256442666966276,4.278148337171526,7.292301971943369,Bucky Barnes
9.981762611964857,7.006082935676337,9.28402492137347,7.880353775499379,6.987736472743207,5.289065693882364,5.698367896645911,10.0,8.403278036894905,8.802406431858874,Peter Parker
8.420678965959741,5.180385830561083,9.637823218370473,6.183164133095907,8.309427457878625,5.9598186450209045,4.290897284381264,8.797843237342452,3.2172281426210185,9.409004069545155,Bucky Barnes
4.947058827303606,6.82110438905049,5.045247644601085,8.135272002038166,10.0,9.914038002350303,10.0,5.230378319346952,9.962472745134065,2.787883541792188,Loki
7.998244240397106,6.278546979239105,8.574665411372925,8.758322968551074,8.16264649202625,8.840976599622971,5.039647666197263,7.727824804041887,7.492679865674491,6.827335694519649,Natasha Romanoff
8.038990571221145,6.687206711676701,8.397529148164441,7.002482276326446,10.0,10.0,5.989951866667447,7.13019360891721,8.601199709291878,6.917611187356555,Shuri
9.795268860105441,4.692632339909554,7.165197428603295,5.046587491076002,8.035274249607033,6.500163471886295,7.570048308623421,8.8414867453107,3.605072913547747,9.761982101765826,Wanda Maximoff
10.0,6.399821731828843,6.6926440397871225,7.866664124052022,8.858779541078313,9.061417791823395,6.126834616826848,8.46454811185865,7.280702694501258,5.015370803817164,Shuri
5.712098798468137,5.8081413011449765,7.281185873831218,8.52089977473134,8.271083795316002,8.54327624235763,5.009876463677765,7.8461321363495395,5.535434717440431,4.909033332642548,Doctor Strange
7.407394022566289,8.15906503787152,8.945608393652048,6.415346335291844,5.347361897319765,8.455644574091062,4.378756592928406,5.778989383656286,10.0,9.253746125563406,Thor
9.231231283888832,9.462530377583677,8.522276604519332,6.675718622441533,9.439601770588482,10.0,5.0867370432669174,8.565371357640124,5.706345692647503,8.370662242630296,Natasha Romanoff
8.351549629758146,7.645975829464289,9.214708693514142,4.362552256306481,6.582678602381439,7.695945912141536,6.244537853497565,5.554567398528407,4.451540148877681,6.834740554212352,Bucky Barnes
8.029061057992099,10.0,9.499213850287486,5.695812270478356,6.467123014982748,1.719791528123229,3.8490392791574912,9.787351011087301,6.030928433184959,7.642118840020776,Steve Rogers
7.4306954216629375,6.062692765013437,7.799223574849038,8.491240432100712,7.464405636480971,6.504124853019356,7.2785660280564315,5.876949416557397,10.0,6.913239443931661,Thor
8.26590137713018,5.713603356809177,8.667451439770383,6.009481111968043,8.843921383552964,3.8693013283100983,7.708608265493334,7.399418718428111,3.7415416655860465,7.843604657119073,Wanda Maximoff
6.435061275183115,7.167652861099454,7.542512279312634,10.0,7.244010565487091,10.0,7.882256780811458,4.61133613098035,10.0,6.782094464495192,Tony Stark
7.094105580837217,6.852370667446763,6.345113705562132,8.62108947174053,9.406395943638634,9.205940129880894,4.435477212547896,6.215499779882248,6.464734131985104,6.884428317933994,Doctor Strange
9.488481612844813,8.015024675956592,8.648624386249352,6.826265217283947,8.041620444287672,7.389820111905767,6.307256957475003,6.99775109119178,1.789133993473874,9.729497559414016,Wanda Maximoff
5.544114476272013,8.010655354087657,6.015057531319412,7.304564398320943,9.253331758791095,8.506029598150914,6.373152201685929,8.555776258491647,3.22450389194485,5.778752651627282,Doctor Strange
8.000077755762955,8.187078918959429,9.940228206441773,7.417727680879327,7.277969702739112,8.454523496965658,4.133993957093979,7.263408128160827,5.821558462107285,8.534820975582656,Natasha Romanoff
9.468885204692738,7.684471356263806,8.81842931015828,8.689601716075135,9.281098772258893,3.480429539410048,3.588260578234132,10.0,7.22653365947696,9.383913815219499,Steve Rogers
8.398345872383864,9.494830263398963,4.733187742204202,8.017146521106174,10.0,6.837620497951066,3.8807027953880175,7.193284805135827,6.209593812417523,2.7014763331715597,Doctor Strange
10.0,10.0,8.228738858621268,9.944776476997689,6.963822834606544,5.48041744914176,4.499405945056418,9.540505667299767,4.090532897723257,10.0,Steve Rogers
10.0,9.593471177143742,8.745595462178569,10.0,8.021089881178408,8.256987237394036,3.404411185537932,10.0,3.9407664836487775,7.199447879672302,Natasha Romanoff
10.0,10.0,9.405313600859229,5.3494710664444876,4.203843126592473,4.694864101847373,3.6045432210481954,9.18587984204982,5.276719067470285,10.0,Steve Rogers
7.431886059694292,3.2326231231050726,9.698713029108552,5.304844676324496,7.398801520426674,8.237148703214839,4.29324798023511,8.41037355738062,2.915075095241156,8.88353170107245,Bucky Barnes
5.951166402630542,8.449290527374272,8.700887535154495,6.220749869197485,7.976154590171105,8.39619249238229,3.9195084754298906,8.324454910275053,8.16144153585794,9.21325084652167,Natasha Romanoff
5.10171242994217,5.88538102214647,2.351110680844978,9.553860759497365,10.0,7.6947637164126785,8.624092959770309,3.71864291330723,6.554351499375522,1.0,Loki
10.0,4.763088268662972,8.553004214587785,6.318721650104039,8.01110622004696,4.80715090497787,7.313370904248993,8.55953727999399,7.938291739456475,8.280136228712584,Peter Parker
7.563085301764035,7.63186037954062,9.341982607891069,6.997473273600688,7.90053716837167,6.8446002084003235,4.129087975538257,7.8357817099322515,2.9338171396980885,5.3191315275554185,Bucky Barnes
10.0,5.8433415424095285,10.0,7.773711423529626,5.822525425308736,6.040896139120303,8.198218566922666,6.251401449197115,4.1756656933409895,9.395595471475199,Wanda Maximoff
4.987467685016524,5.485200614689831,4.986617972430047,7.007244523000395,10.0,10.0,10.0,4.470778730849367,7.391879521752792,3.136484657881703,Loki
10.0,6.671009536577814,7.779984018440802,7.389997952273691,9.666138826606662,6.919565726079714,5.359108679831939,9.110024052269146,8.12526004664509,8.793107838787705,Peter Parker
9.858166374069915,8.379883161918615,9.053038743228925,5.559590183329251,7.609479424837546,6.702225288546755,1.824453563614615,9.02412439215331,3.706997650530444,6.165809030318937,Bucky Barnes
5.131992975225867,8.87399591461861,9.565856227432363,10.0,8.578343547414367,9.822495981990599,8.769070958710701,3.836660493115977,10.0,5.5119200631714875,Tony Stark
8.194184097059892,6.490070223586647,7.19853598954829,7.956680214893126,6.058001141911341,3.1921926604397326,7.072885046831108,6.650761465537238,3.2677647289908727,10.0,Wanda Maximoff
4.975451296881197,4.647275979711017,3.1841525167659235,7.629454991564962,10.0,9.011670897345585,9.262961724983894,2.093965020895098,8.83152218010616,3.0042698550106404,Loki
8.578154496091729,10.0,10.0,5.356181738703025,5.231041533146858,6.403199837686686,5.494980222977212,10.0,6.869633401475036,10.0,Steve Rogers
8.403894971208402,10.0,9.531513559102178,7.902752136208072,5.153571293609465,4.785959069884592,1.925503952091994,8.68070777380537,6.04900169394033,9.937618261141608,Steve Rogers
4.585815442426705,10.0,5.406305251183104,8.039115379515955,10.0,10.0,4.809416794209488,8.460326042782693,4.401599105472886,6.457150322222155,Doctor Strange
9.285085024950403,5.6943787577362075,7.523117475370362,8.397806690794265,7.200088704902001,7.945566788293884,10.0,7.827766727382983,8.487221257263101,8.299573370698699,Thor
6.024325868015559,8.582961988149028,5.640948669281539,10.0,9.162824834826239,10.0,7.55240489668642,8.040144109230404,4.699402957053374,6.1371029796187155,Doctor Strange
8.744233567473502,7.672716008580318,7.797311973780897,6.885694877872684,4.627372058638342,7.402551359290542,7.1595929998152235,7.147295094397039,9.729335158289768,10.0,Thor
5.691834876735183,6.144432715512633,4.451375949137272,6.337963258051058,10.0,8.392294757284114,9.436814029105175,5.14998605693933,8.836010634397843,3.4358996568618423,Loki
7.9191142563627785,8.548006504227962,8.197879421363158,5.612837821523812,5.595468448939387,8.53137891757929,10.0,9.108072020728121,7.2960618580184295,7.562843375859034,Thor
8.681044781223182,8.079659607444693,8.15349004567371,6.270141326134726,6.989650145088016,4.239690066001104,4.781514913224332,9.650973850985395,3.793734094025612,9.652379633765113,Steve Rogers
8.98728068635873,5.241960930787349,4.9259679441290745,6.525368609481517,8.725065443193325,8.232484320609828,4.362654228075126,9.475290178237579,6.972424551950513,7.990842801624365,Shuri
5.981942391580978,6.973087753699743,5.444305485282654,6.119159310265591,9.796517598181177,10.0,6.4200494137250335,8.129251187158568,4.86257045024362,4.745822288447866,Doctor Strange
3.8698433668003203,5.102549649230841,3.9333745713938733,5.823303664452318,10.0,7.796357640667721,8.410636223122804,3.733400505400286,8.049108526963188,2.5704334044711974,Loki
9.273900856137473,6.879398454442552,8.738875571755106,6.590699215547867,5.836529318711544,4.237435788502979,7.76118513322745,8.575278428997365,8.901028870856537,9.058819026129406,Peter Parker
10.0,9.153074983866377,9.139434852994732,7.447940813767545,9.226298074052869,7.0294839724661085,4.449639373630133,10.0,5.989373665106031,8.428770405788313,Steve Rogers
8.490321346338936,7.7788201484733275,7.080337400193594,10.0,6.437166020767294,6.726732677000739,7.757890572937971,4.8208754028657985,9.044213267934303,7.752025071751755,Thor
5.579672197369861,7.823414391295635,5.190960499509845,6.708970377763507,9.429424383009476,9.831375869026546,6.921826914186632,7.3695998058591625,5.630293899337612,4.383281267586488,Doctor Strange
4.7931543082155095,7.303739296658941,4.99436157275567,9.277188859564639,6.534307987432872,10.0,9.795500544284911,7.076845517530187,7.022092461532145,1.0,Loki
7.72291254492246,8.048649442881048,7.960881487677088,8.811898717863302,8.143919879481645,5.217560472155029,8.558363808623444,3.7990725543705293,6.412782181197265,7.326943402812919,Wanda Maximoff
5.419322510065108,10.0,7.823496710457741,9.987254855468692,10.0,10.0,7.96489615611996,5.174624854972514,10.0,6.595753709154975,Tony Stark
7.360273828862905,7.684532343769396,6.946776723694445,10.0,8.152410589383127,10.0,10.0,3.778766700842406,10.0,5.049762389226368,Tony Stark
6.147963910265402,6.639994271167134,8.166554565520709,8.563142766413385,9.27364065194458,9.290463599440164,3.847662432045727,6.780658785915614,6.65488996093708,8.001666369866205,Natasha Romanoff
10.0,5.242461003544705,6.4429051499217955,5.2662601056317575,8.954268985089312,7.631654384834433,5.090986044048915,8.649971957935005,8.188695353904908,6.373773850789709,Shuri
10.0,4.84428151801008,9.966814125588442,6.304092132100863,9.515391187091799,7.483437269893386,4.7514440562438285,8.632146226955323,2.677096838927829,6.913899433282662,Bucky Barnes
8.155019148257006,9.518401843122227,7.249521963854561,9.959173372150717,6.052318094728097,9.864458145560958,9.61361431579926,7.2462241307407504,8.672146723729924,8.63325738709932,Thor
9.160649813503255,9.201697702891659,9.937391147902023,8.550138379082023,9.516032883945549,8.346950561943537,5.5094963192770425,8.594203229580254,4.244472292840774,8.012191067569702,Natasha Romanoff
7.377121183652591,4.0344057327581995,2.5021149061459926,7.223973066421137,10.0,9.281966871535717,8.695213436848036,3.009215706693549,6.280081061674125,4.415784154616263,Loki
7.518731810768978,6.413902934306469,8.468582604897202,4.163226406847931,7.368610955673626,8.045042717409114,5.335668286154744,8.665388204423138,5.022884063570789,9.234386337374914,Bucky Barnes
3.4647836943118335,3.9564578754655417,3.7920171692548394,8.453512217593618,10.0,8.39842364941348,9.025322249183677,1.703487505840041,8.575208775869347,3.2017573059625573,Loki
8.122223750157309,6.467333461195748,8.888707888594036,8.230881868759631,9.978407083598961,8.341233643081608,5.829751618738958,7.84483641260744,7.476852367406565,9.789662596804302,Natasha Romanoff
8.473618266095096,6.051699777474268,7.543835481891376,7.997613370501394,6.957525535494152,5.989629040475268,7.07351852026113,4.109593133781517,2.1059243651024158,8.518360918213222,Wanda Maximoff
5.655839307434593,8.649854343740015,8.794355289411174,6.137650549161235,10.0,10.0,4.53176250489445,8.251375114807395,7.418396555708283,3.1539423063639207,Doctor Strange
4.135888114252375,8.380458411287824,7.090041966540722,10.0,10.0,7.4209521539940715,7.261120718511118,6.738632903491693,8.023007000682572,7.8449363100668865,Tony Stark
7.139159949596706,8.232769827947669,5.460083512445371,8.983470530189303,6.389286717250081,7.646203523911271,8.656651210066315,7.279655197907755,8.322932175751381,5.579763299675637,Thor
7.400357004598593,5.504188404219592,10.0,7.9390277954836,5.896524448544888,8.835939873683785,2.59764781678886,7.457426605238008,3.599695627725191,7.90301047156503,Bucky Barnes
7.938573406519696,4.841432044120255,8.1609552361281,6.064271412135425,8.22627490857465,6.213235583562128,8.764849550345806,9.045348536009518,9.996810382580518,10.0,Peter Parker
10.0,7.5596773398267345,9.904580268427395,4.880096866399631,5.330059623903601,5.207711399698461,5.957206198645574,9.377400215627105,10.0,9.132325191463927,Peter Parker
5.747370138525529,8.374147029360536,6.252375110320923,7.80322148714343,10.0,9.170268174834769,5.869004668600666,6.0278673414612856,3.816611640823505,5.411539920397422,Doctor Strange
9.078056068473987,7.426126398010767,9.01702427289374,5.849378315234842,6.4272152015729,7.410678317458538,6.830472366183123,10.0,6.698016287858232,8.13896288477025,Peter Parker
9.220329493226663,6.263208532467355,10.0,4.93453445248191,8.605979755134712,7.837948596516124,3.9610995231054402,8.259184895990096,4.433659867420867,6.929084787712762,Bucky Barnes
6.344168832579802,8.61442478899355,7.090987396152912,7.172206892997301,10.0,6.435739342170536,5.231222114066829,8.212567701974768,5.797514570989728,3.9317166435092377,Shuri
7.967778212529032,4.65486859445493,8.540888627311114,6.782840882999605,6.10788316018665,4.794950094186465,6.701781045720917,7.587495607174074,3.587521269473313,7.514342090879405,Wanda Maximoff
5.87370746343131,9.969596990213326,4.871526735133363,8.198311500332434,10.0,10.0,7.068771326592948,5.2098927214888615,10.0,3.0911252538183622,Tony Stark
8.114726551567314,6.73712450651632,7.817193024228305,6.724068910453361,6.641090462605664,5.444555082698503,6.285718532573246,8.649716933706841,4.03131164508741,8.842564633468815,Wanda Maximoff
7.4575894160391245,6.635835691029319,5.740625772278954,8.271573109093984,10.0,9.183506573222505,2.98590822080235,7.104115097510081,5.81155703390593,6.080137191141071,Doctor Strange
8.281395908798004,7.93332129719159,9.080054532592788,9.758416471764658,2.2677218323625956,8.681552755535572,6.745650738119895,5.222839073189126,8.764408237033045,8.513713886287514,Thor
6.537310725695494,7.114355180173318,8.931566131477528,5.457833095517333,8.37225795793491,5.996661464140067,6.85709519218741,7.779197764322146,4.187302130288802,9.928631270098238,Bucky Barnes
9.870755756032725,4.528416799482153,8.953920121278717,4.105900403887826,5.073959664530946,6.486292011050234,6.4613164700082,9.557730190650416,6.864070846642222,7.6446826030161334,Peter Parker
5.59699157809773,8.681684002036256,6.475278919396884,7.440727143039391,10.0,8.257152987454798,7.488067467689879,8.651615663184414,7.312643343112781,4.774298558292128,Doctor Strange
9.038894937460128,7.762585953575542,7.955116645022678,4.69754785982018,8.625261610303877,6.421007469213476,7.587716263691003,7.021300553259729,7.221422273322122,6.0083215832373265,Shuri
10.0,6.885034471207264,7.285232929288407,8.450699160070567,5.7101889447190395,5.065396367705827,4.713441672460442,8.636882880415971,6.341082120741496,6.908007527259926,Wanda Maximoff
9.611040490388737,9.212372117069267,7.654689518482506,9.944776880235464,6.09745174682505,6.455317526792561,8.840911723122183,7.1826645511961855,10.0,9.8215885790982,Thor
7.191951798637853,7.261672059345025,8.589289380155474,7.622379960390279,8.386528696554041,7.569405934146943,6.488489779808285,6.481964026356081,3.813676970910512,10.0,Natasha Romanoff
6.024531149883813,6.443988066500705,7.363149324916802,7.163922614176792,10.0,6.781754204166986,6.362634629710373,7.249989716824365,8.892536685818543,3.111685825407445,Shuri
8.990350029563396,9.252467597698047,9.398283209756562,7.58031196708948,6.422650916078848,4.277913269068588,7.281947944647126,7.905197784262799,6.571419409012039,8.690864367990557,Peter Parker
8.737551954872083,5.714293564439188,8.966448659066915,8.657774702822097,4.611964142016586,4.058074228220592,8.253571218468734,8.962245425782173,1.3385262853690794,10.0,Wanda Maximoff
10.0,10.0,10.0,4.891904117262322,6.3938750090264564,6.536018753395757,4.50289423919577,4.5136067689189545,5.842529002895246,10.0,Steve Rogers
6.891595737169132,8.015234309872879,7.210700315027597,5.589595368079257,9.091131830756394,6.448145624386308,4.4481144876284455,9.938822218439105,7.820706289062105,8.211977610398643,Shuri
8.280640844283361,7.02102517285604,5.578846773236957,7.304971196812524,8.666983082406029,9.273007582147994,6.061225734564932,6.566273445390214,9.437537022669188,4.6553300516934595,Tony Stark
9.171890382659981,7.752545624940637,5.856042496464225,6.674491366406898,7.500575995438843,6.59645265799667,8.48266230181775,7.951881665508431,3.9239424382849486,9.843717186185943,Wanda Maximoff
4.673831720755851,7.898854595916102,4.904049477740349,8.80590594258026,8.46324887251917,10.0,7.996168569651861,6.171928041233867,10.0,3.6408206654547186,Loki
8.537508680617428,9.342105002971143,4.924292285180942,6.474827951963304,8.302987248610343,5.752154540529661,5.74434288421697,9.041367197015509,9.507461985413876,5.3351589904822,Shuri
8.550754566229868,8.906014697650072,8.01038374087663,10.0,7.753344121391038,4.313244577189833,9.60812072934156,8.373348693588145,4.475184531351225,9.808291820248035,Wanda Maximoff
7.468947339463222,5.499599069032203,8.693851906968963,8.19869765079009,9.61281804872799,3.592451645819029,4.61021799602984,9.193689210636487,3.7299040274844177,9.160112605977258,Bucky Barnes
5.299592804495375,8.496209166601105,3.986919007111922,8.88281090219665,10.0,8.264728310380063,10.0,2.9378739886247676,9.67484973305522,2.2656862934886,Loki
8.661657805820383,9.860053957210441,9.869016682940236,6.902033714842797,6.765001123104001,5.315561643240491,4.941515081034831,8.462174815501779,3.686670125958564,7.814352463145596,Steve Rogers
8.085570824507526,6.368864238029871,6.565977604796302,4.684744593371433,10.0,8.371946883735731,3.1166498132717173,8.991450335917868,7.933715239304404,4.828972354548271,Shuri
8.24263013506104,8.470505714359035,7.2095103039383055,8.21153536851097,7.530495599910971,8.794388055650415,6.721293542221998,7.2260792808185395,6.032779933080718,7.282574795375729,Thor
6.584531773028634,8.92625544941852,4.328774311981912,10.0,10.0,8.119872140584121,4.629260429169298,8.23387217673006,6.263948996533756,5.603251128665117,Doctor Strange
8.144878177945017,6.3420091028255445,7.038289365743021,9.394788208333027,8.590408632047549,10.0,8.672644296254907,7.671747634303429,9.806867900937624,5.130071735411621,Tony Stark
10.0,10.0,10.0,6.634119794473142,7.946397960843056,6.085878344039604,3.550422901665866,10.0,6.475659078014962,10.0,Steve Rogers
5.195330539422764,7.342546359984517,2.975483550175357,9.814484214807486,10.0,8.46323782188683,7.614063416996746,2.195229772211974,8.339692314416425,2.0783948130739827,Loki
6.834726015830296,8.667550283577794,6.551102673685829,6.521212550955971,10.0,10.0,5.673848073474693,8.22178507795103,6.681533398151535,6.034591053195882,Doctor Strange
5.748861182706565,7.42884448563207,7.377459917842355,7.417908379646673,9.480339107072464,9.735712519547143,8.147229101306426,3.8237976731368537,7.481202364020568,1.0,Loki
9.30393838522108,5.077842798179727,8.840980261425159,6.393514148541073,4.679137196014518,6.590084858346506,5.6945529300477435,9.085081230152172,6.589470396818336,9.963415084316152,Peter Parker
8.605379094498597,4.055152396073475,9.213741249347006,4.036583744658838,7.842330957964908,6.508274908013155,3.387758615580605,9.408131064053665,3.598037289732998,8.138565752591413,Bucky Barnes
9.343247206766565,5.411381506406835,6.782631580976384,6.055910820541423,8.549369267398601,7.9300818852377395,7.02279095476543,7.897865890205053,7.3548109354411295,3.2422043547611366,Shuri
8.177278968899508,8.447881798994906,9.769314059946854,8.756796273912986,7.951887554847678,9.120410685928682,5.319207647100699,7.456729756274669,6.292787114307712,9.430596845906317,Natasha Romanoff
5.303157751314336,6.765469124301237,7.602593136638883,8.757179640549612,10.0,8.261612991543137,8.029901879515302,6.714232594369128,4.99769910897666,4.282907343504365,Doctor Strange
8.308567411414021,7.4123571802889066,6.577218187812185,9.927412399636163,7.022534692154715,9.186119351354382,7.23956424995943,8.474202890866348,8.383022185839916,8.816876651923142,Thor
6.1255397424849285,9.981107109659401,9.837018450286694,7.904684182724873,9.55255960541914,8.581613669311375,4.74698701426615,9.782109043649143,7.739251075749418,9.194574127276177,Natasha Romanoff
7.0668520335273755,5.394497306264407,7.76783804794633,10.0,8.68612176495386,6.899114362519323,6.754476717497013,7.5411274176283705,6.527507149089285,5.565595734758101,Tony Stark
9.322856752209272,7.327337860613252,8.276957744970613,6.846961078930341,10.0,8.623844896821414,5.778486478735313,7.219093145500756,6.137768220854584,5.252603531703649,Shuri
5.111799046637532,10.0,6.4691142122848415,7.005643965632175,7.434193744006067,9.738272102772969,6.870186492179558,6.730278936058074,6.75459435269451,4.5646618394208565,Doctor Strange
8.139048693207187,4.3534810755040585,8.610342483806111,8.827896416608947,6.08944323482329,4.254590183738306,5.228861127352102,9.335336504639166,7.985966444891716,7.399937281810305,Peter Parker
9.687817178792123,10.0,10.0,8.219987437269802,10.0,5.644948095959805,4.605804389139628,10.0,3.7387925280146836,9.445122954476554,Steve Rogers
9.74425878170423,5.1898984018329966,9.209661459644972,6.34012709084269,6.458667242591279,5.749875542478625,7.480674056892974,10.0,10.0,8.118105534959065,Peter Parker
6.9715408371668435,9.551740808076712,10.0,6.131675808276426,10.0,6.1071070670659156,5.630412665825598,10.0,7.316081218673216,9.016247520659322,Steve Rogers
6.446022773079953,6.968730037525264,4.102570390830644,8.441495523001544,9.865378529225083,8.838925760699277,6.651338018226549,7.825937940538014,5.798747635516001,3.59666324338756,Doctor Strange
8.915636718885574,7.907244761879933,8.414711110336105,8.455163621091982,9.825606530033479,6.0074061575364635,5.46960115315354,8.815693378016919,3.0594392500402856,9.245237073431612,Natasha Romanoff
6.057285404770718,5.704651705646014,5.467749182055188,9.416118964864204,9.19863077157394,10.0,9.056618705406352,4.062181563484788,8.123726528253414,3.0866446886764076,Loki
5.9982990763108,7.690562971365438,4.496022658726405,4.697371926805582,8.444271334148185,9.581089132308385,8.537853718454976,3.3014475413398414,6.620966543888089,4.184486959268176,Loki
10.0,5.664435794713598,8.89097414312851,6.735272957957329,6.174439774240605,1.2277619322304938,7.452286275713342,10.0,6.144637765579366,9.591414566240944,Peter Parker
8.502185349755978,9.032654429565955,7.3049676365967136,8.925746586659155,7.452383203808233,6.621549153415804,10.0,5.32605628157553,8.56829423599408,6.812262503904985,Thor
